feature_0,feature_1,feature_2,feature_3,feature_4,feature_5,feature_6,feature_7,feature_8,feature_9,target
2.948007019225812,1.0844404970852675,-0.7452985424161652,-1.9135023297222673,-2.3056602547304967,-0.5222060920874353,-1.2321580247480433,0.5991016330776804,-1.2508152886860442,-0.2619733261598034,0
1.6770391214333482,-0.10350924909855408,-2.322626184279566,-3.7256819530819163,0.31339067561128253,-0.11822809475576224,-0.33003464625088946,-0.7010895013761145,1.2102672074192269,-2.110848625308935,0
0.4466985903354608,3.466092395451135,-1.6097318708234825,-1.6215442575237629,0.11810268035888138,1.5357094417955026,-1.230796606256427,0.8182867587615089,1.894242545894846,-0.0711771703078492,1
1.2797691762817238,4.236812730477158,-2.8676737385249607,-3.9372454116126434,0.777980442852878,2.182002786042567,-0.8979520518666041,-0.1767541819348135,3.572620643036475,-1.1834067888925897,1
-0.7855581983431946,-0.7394197486040456,-1.8012574502666747,-0.8966200554016905,1.1524676578086817,-1.0112584047943352,0.2819780015644652,0.4014086259845622,1.2896078715861683,-0.7780851235971384,0
0.9148510488390265,3.3451424062746535,-2.265764002038464,-2.976288600485653,0.8324107127983666,1.8477033699084573,0.37430906618985604,-0.3998104945533078,2.6980842152548523,-0.6778800466336943,1
-1.9301561670307716,0.2660344135170072,-0.4167243680387247,2.102575986902146,-0.945098008789438,-1.0412656434449148,0.35382007460241144,-2.58565322481448,-1.0094845055741763,0.31292699481645103,1
-0.457323243318983,2.568014244506349,-1.3423622776991686,-1.1446863478973746,0.9854027451792232,1.8815316234870454,-0.9013519426236237,1.7076867171533705,1.677709898347819,-0.16204711224109603,1
-1.055587211338232,2.364110334318922,-1.2994899249004301,0.8711748345600897,2.480708789220792,-0.0200667614456842,-0.07256206525627357,1.4695913674337262,2.8450883506266282,3.030700787457639,1
-1.7536134272309916,1.9004319994903367,-0.5916646431154058,0.5875553459262854,1.0968804512472061,1.7139491765726804,-0.6597246707344391,0.7689718918985177,0.8744130195843403,0.3677457438358037,1
0.07624805434019066,2.8425277239771947,-2.1385569061834637,-2.593035171163867,2.511921786090283,1.9700177366718714,0.004862254933591338,0.8214083231002738,3.9126448163267,-0.10922951178514406,1
-1.2594722731365868,1.6840586760826413,0.0756517477704024,1.7704340665530591,-2.019898261256718,-2.032823150602233,0.6129560841662747,-0.055904033151241074,1.9449469408366757,-0.24042736687450272,0
0.5442867568268128,-0.08363094234571622,1.6394031011842074,0.049776722351615565,0.28170950548223805,0.7395690947232658,-1.203596215393132,0.21648535648784556,0.9243074024925072,0.07463232846540935,1
-1.5903814343296547,2.738737885522385,-0.016052722302403954,2.3371933096833186,-1.8575697841716068,-2.4655681325667342,0.89949996247716,-0.37478379381323196,3.3294685359114364,0.5539566972495931,0
-0.2479236588142364,1.093907534515715,1.5893427770051698,1.634663346962212,-3.0030008891094226,-1.040997965607156,-0.39545909670452917,1.4509763229499846,0.2653122758785915,-0.7630211616851138,0
-0.0796063536205377,-1.4483516527066418,-2.597938351538719,-2.4020515362201094,0.5943098001561511,-1.0484685043001651,-0.40779237701059334,0.7233175788890196,0.5011052833897947,-2.302994181884233,0
2.218861407576576,0.3050672205201236,-1.3957416548061021,-4.2399951544576515,-0.39116688475438377,0.8237143750247002,-1.0525089108060393,-0.6876247190613484,1.4274190379266374,-3.092357614386401,0
2.5139662034158805,1.4810348057519187,-1.0840473868842055,-3.6904980213444363,-0.6760702006942244,0.655121072633833,0.13895057305509406,-1.9072190710079198,2.0815723918292455,-2.026094823325924,0
-1.0260383959168802,-0.7890235252586961,-1.794705252797761,0.10961911964540327,-1.1869540931506766,-1.1721655862659044,0.05174334820897214,-2.036578298835343,-2.123294314238389,-1.2267524908659482,0
0.6850721784595282,-2.1125150472590146,-2.9491830680929967,-1.7092440796423096,2.0579119887769863,-1.8809255489257737,-0.18986369216348206,-2.02616924639609,-0.5197096983304959,0.8111587812900966,1
0.8674662793075489,-0.4069560719575209,1.2176081067384743,-0.37602340351978714,0.959941968415861,-0.4854642097538707,-0.21321837282983316,-1.311550901282355,2.6908529504524794,0.36283929557427286,1
-0.4229032261750403,2.918349807053219,2.0114416710021903,1.5826883608216977,-3.9304572206339734,-0.8494890297951303,-0.026296200865641,0.4810557241417938,2.4603126654316796,-1.608054242411976,0
-0.4136369865860897,-3.768602743065717,-3.1921020325786666,-2.446185558899252,3.1049003111295543,-2.591167755826521,-0.8172036036627213,0.1339078690449503,1.6886201873695668,-1.2704537417673447,0
3.414816617130967,-2.423329730033666,0.7531426553507576,-3.7815228328694515,3.0898703162660133,1.652352734576572,0.17137994672354182,-1.5633745308995133,0.9983700008407489,-0.04484013858509894,1
-2.383516007339927,-1.1128701441773066,1.6626635018199059,2.4620987446332383,0.2508912306877612,-1.5478833765966382,0.3680649377469412,-1.1029144697652733,2.3896397745456532,-0.4106513101448014,0
2.3745423418032425,0.4605888537420173,1.2257257265351567,-1.3588154291634544,-0.4355584387308946,0.4037875087235563,-0.5587573964470904,0.010192915306325904,1.11704277494987,0.024554078871435903,1
0.4535282325977922,-0.7676538072551411,-2.2087307832365353,-0.7652202666750874,0.5698747395128032,-2.150077199872941,1.5809464319541704,0.9070498189055277,0.06587072698583185,0.7172109866601835,1
-1.1198187265668846,2.0310820108235923,-0.8133047951282084,0.4514680697946477,2.038103535447311,0.9264269421969884,0.4168795120036495,-1.1496815265579239,2.199482433773578,1.7204156343754975,1
-0.29809416061234395,-0.2912255907799346,-2.1920066472577284,-0.31120281474695144,-0.8653528308100911,-1.321886858786908,-0.33447341843160483,0.9242146929146647,-1.7554995405734477,-0.39825195328573426,0
-1.9529951039349513,-2.345243447516901,0.817028527601803,1.2529966391872698,2.087580269027975,-0.6367942544067221,0.13122812312953253,0.7056556992382529,1.3307262913846172,-0.06859832969886215,0
-0.5795161506404021,-0.6957375124969775,-2.91102387959845,-1.3665976879231594,0.15985728651486575,-1.2606677948773466,-0.4718105215363534,0.01755783758328193,-0.37164415231836934,-1.3247091537791913,0
-0.30899330163019645,0.6248421904373653,-0.5901829405072495,0.8300453015823953,1.5840034841432336,-0.8708645458593348,-0.10776900265862226,-0.5899798682127707,1.4639286489348569,2.423332333900283,1
-0.41036529992934256,-0.5621359129930626,0.3535040261573166,0.9008335238660397,-2.4496602885563794,-1.1874720592694308,1.449339756460838,1.2478207731502375,-1.613352925308818,-1.3344407598589965,0
-0.973251623060573,-1.416701063198032,-2.9037989467676293,0.22386156919697608,0.4628090907594402,-3.623795720730095,0.16012206766274562,0.44090136349249903,0.24711647953902238,0.4725448587764507,1
-0.3715954377184705,1.2708375848521543,-0.09620121283169503,1.275130277547337,-2.2540169420528726,-2.254380750366548,0.6981236054063564,-0.20979816035453064,1.0769800261614717,-0.045012774325801974,0
-0.15132159114899935,-1.1876656449270309,-2.2552100161380464,-0.3991519651997133,2.6278262648941793,-1.7000285033150782,1.014508030327775,-1.0627117606434355,0.6775390109818253,1.9893011263750755,1
5.165200945296004,-2.9281178848479588,-1.1517791606617842,-5.75948718118637,4.561873542271643,0.09705754161424207,-1.925643024558334,-0.3501729246834748,2.3809853216488035,1.0299553072207088,1
-0.36180063807993945,1.1521707962569057,0.3254900578171922,-1.6929117235424211,0.8378425885789385,3.1912799842423816,-0.13480011220018331,1.102910701701311,1.3254862261933993,-2.131282816855704,1
-0.7632852353565226,0.3437572797817303,-0.8947607116708434,-0.9487988746797585,-0.3347632356817169,2.8075245466456145,1.0964815571992859,0.45351484909737344,-3.0008432126698974,-1.8035300397418899,0
-0.8052731120356172,1.6897245187289378,-2.135976627750943,-0.6979013820704215,3.0781189512768985,0.6705390488142543,0.3942556927810128,0.551518008469582,2.6175989108047775,1.7622446058651189,1
-0.7336309212866596,1.5657837118273807,-1.77228571843909,-0.09384174994409467,1.2115160392755449,0.531018517103319,1.7845107677245104,-0.7513801233865582,0.425829068482654,1.201239884537662,1
-1.9876148559626554,-1.8012202204789203,2.8919712667343194,3.6291613277668855,0.18088439959507907,0.8209961109920838,-0.689766224808138,-0.4405352624849119,-2.788091359258059,1.278178142891953,1
-0.07294344609012593,2.4879698764908484,-0.2505796572546708,0.37522906288266933,-1.3855259805534772,-0.727235430822051,0.3658305570658767,1.3686769933567864,2.05034576843254,0.055871782103602774,0
-2.809613525067734,1.463404427993149,3.2106362550698027,5.290504648978793,-4.431680681678026,-2.4400488341831648,0.016526414134551155,-1.1189242769760182,0.8057047934900637,-0.4064221723722041,0
-0.29090350546345456,0.6822783408910364,-1.4879669899625165,-1.7573196693804085,-0.03137735345737369,0.7470454975841863,0.4303648628345135,0.8106067760958019,0.7896216923059955,-2.0539175713974016,0
1.439880301787178,1.1906539940695087,-0.8095156858677764,-1.7943334724003372,-2.5199871817985544,-0.851166019398004,0.5527197446498667,0.8291267716215981,0.7321456437212914,-2.152900258859728,0
-0.14411398039788192,0.5256406605573877,1.5405460069306853,0.3866193076415937,-3.0787522011599515,-0.2604681102704095,-0.6617404082330068,-0.44629511151431916,0.32053260489701985,-2.639123355320877,0
1.106347530866112,0.25157147240268896,-1.480348466360946,-1.933188619044396,-0.10545495294765206,-0.7439390006644575,-0.9877670867744672,1.321442740235342,1.0901109951973968,-0.8357355049548687,0
-1.5088949028368144,-0.5504219609379981,-1.3375275578419172,0.22490314308415504,3.837486260467942,0.5399215813006957,1.3767180946022886,1.7690620531528607,1.1495757286867436,1.9183022419540774,1
3.236182193006547,0.4520384510890141,-1.3941718258436704,-4.475996386202732,-1.3429060335489955,0.6329783811379057,-1.323795444596859,-0.5874424434240215,0.23986992187963485,-2.829130049481332,0
0.9651146097753431,0.09027942044844228,-2.5927115753502195,-1.4860661714206815,-2.885726334115115,-1.6089686126471647,1.7908560134459206,-0.8793968232136988,-2.7111047986683534,-1.7868679184208915,0
-0.9197518043628549,1.2502035920911938,-0.8754698620134342,0.7120739191409964,1.0959124746094415,0.4240349375980277,-1.2764825266664916,0.9092189210825384,0.32377427176606643,1.5353509546856017,1
-0.32531079250493156,1.0376325019595136,-2.069603013136045,-2.1071846826671186,1.029237403724104,1.9782903451207199,-0.2390807056213034,1.1064063163911557,0.012143820793032334,-1.3301485045686552,1
1.9450940142441682,0.44577672225919307,0.047426950691007885,-1.3319920658315227,-0.7380203911344217,0.7211751484807583,1.4874809385613124,1.4166748407239182,-1.1070493452040622,0.027325620624872426,1
-1.569675402893628,0.05623178856617128,-2.7558405121184375,0.3125813427621291,2.310078613864863,-0.13878028775273488,-0.08914798782034095,0.7176951701866363,-0.7952644906133204,1.7641443355789246,1
-0.5225540369585493,-1.6592261768202403,-0.18699052560792384,1.7304715664621488,-1.8085631252653207,-2.3309056168297317,0.765236753779399,-2.239747187687283,-2.917605716944662,0.2625342466157703,0
-1.5098118105757976,1.9421721317478438,-2.626794168558649,-1.388642364925961,2.8101031657607622,1.8416975190074556,-0.4443862851055618,1.0880388357617128,2.205189007275179,0.047585268610569775,1
-2.1990936275931428,-1.0640627610980142,-0.3105280501924712,3.371947981345388,2.2757997794294833,-1.1989697974205358,0.8923296533971701,1.0867689645371947,-1.3763367081647786,3.936409982743987,1
0.3544501849819921,1.934367493271547,-0.680098076947901,-1.6591107406513783,0.31525140281523356,2.0373744262389084,-0.05394044293607976,-0.02128038015727883,1.0497111051301202,-0.9065882422780149,1
1.5201453570747097,-1.9305655159506294,-0.6414614785602865,-0.9955539999017814,-2.2324818950171164,-2.1898539778722466,0.9540340387228873,0.705100549416564,-2.1814690050221595,-1.4537233326016321,0
-2.0679071783099015,0.23322860129659717,-0.6044658025972471,2.5025242410349087,1.763361872198266,-0.37285292570146455,1.9648269416599147,0.9381093589705979,-0.5283059953141447,2.8945654738112863,1
-0.3326922050132727,-2.5601346303478607,-3.611921151306069,-2.4600532339597785,0.8246478661279693,-1.6949258513590673,0.815922285832554,-0.6259847935034367,-0.9505132105711829,-2.2433344748600934,0
0.722151886339109,-1.5151978866364062,-1.3368613926298478,-1.2800552244755314,2.419455210399922,-0.7989609473445002,-0.07377286372969208,0.49698571962377913,0.7059175322197158,1.0730743324558447,1
-0.22618438022809828,-0.5499895561920909,-1.4618064992191167,0.019955334104398426,0.48870922933241523,-1.4421688550008611,-0.9374606876851576,-0.34931606368447105,-0.1858049042704777,0.6917192266505201,1
2.0336981173470225,-0.5880366619296106,0.658208218686559,-1.7015073811938533,1.1151552184584526,0.42781802430392024,1.3607298466423299,-0.23617789827269867,1.240350602698323,0.29740775466168357,1
2.724004030351152,-1.6398202935425492,-3.7872398875605975,-4.371886199149193,0.8806626677427263,-1.4555703981020034,1.5363175738180468,-0.16515412302837496,-0.6845864727902082,-0.9468068207043443,0
-2.4703858373773278,2.7619174845016943,0.5485536870372347,2.991372704646037,-2.435613951606387,-2.5080475729520284,0.20003416213017194,0.9277159187500846,3.7298654969300102,-0.30720937806434845,0
-2.3862788789252054,0.38605875789287947,0.6542709313297401,2.131350380789277,3.499067857154431,0.8906483198750862,0.4438612307304131,1.207446043962938,2.3828284069853236,2.574553876187459,1
-2.510825413668339,0.9279340271994887,-1.589913097492159,2.632610304398811,0.006306348088690794,-1.058297000797189,-0.47474345479679664,-0.31271237723295997,-1.4557163944747002,1.9076552138422405,1
-0.5835788629455487,1.8872621707371025,-1.1635334705845526,-0.21589126246640744,1.3697567356186848,1.015568011903711,-0.6671987984941122,0.49668561930448013,1.2590595979196564,1.072844997982627,1
-2.382636644275102,1.2914052015032427,-0.761078998949098,2.9103096469682517,-2.676097317284844,-2.2685520547379614,-0.7558424580412537,-1.4227062437566944,-0.8235260266533668,0.02008905225888924,0
-0.7630004549063827,-3.209020253106177,1.2522775408062028,2.366075998629839,-0.503024989508333,-3.803433821269177,-1.3499811170217109,-1.6291931866968048,0.0453214168532885,0.5653946105484184,0
-0.003083981819154369,1.0884471415524473,-0.2563688247124747,0.2951515304231874,-1.4768855430008312,-1.1054225582216375,0.9715517109684616,-0.9012997076203142,0.8230663948938297,-0.3606384084196611,0
-1.2211877820863428,0.3633127265546533,0.024049117873578663,0.21762036103288418,-3.1638161495520647,-1.987034040463772,-0.06074065688710121,-0.30957627357975087,1.8516513942391106,-3.6780527028262724,0
-1.3841439186749493,1.6152257385469624,0.2425146901198385,1.8807265631729264,-1.8715088290674071,-2.0297902629573104,-0.09687672718933386,-0.6651885407333455,2.2114209628010304,-0.23368941180340086,0
0.22115512105376844,1.1307739092840583,0.7298024534214498,0.08876046934682308,-2.4353577287451005,-0.613235842629475,-0.5638699025053332,0.26979907455798763,0.9723446450017905,-1.6092560107492444,0
0.22837577484937244,-1.3871641152357421,-2.496292918332325,-2.127421280768881,0.10034322480094082,-1.201668035324923,0.3093234987202181,0.20189521606425118,-0.33370748030320385,-1.8959128995671644,0
0.7875630040396284,-1.5489259325484859,-0.4718397746410238,-1.1669591047274994,2.8456014282992776,-1.0082076514948257,-0.7007245777190404,-0.3600148598254862,2.49410527070316,1.0979889049945721,1
-0.41634784761257426,-1.1994319717649118,-0.396447465571963,-1.4409483201039388,1.4593720073427636,2.141537895240588,0.6707057653991766,0.9762270859965708,-1.0580612196065058,-1.5103472599426513,1
-0.3789725716630914,2.268391356367567,-0.4909113808156744,-0.7023455093500395,0.5970744911871654,1.880776009570487,0.3543764471488165,1.008045292732851,1.4472916889277412,-0.21198129714400715,1
-1.0265613447953128,1.3799493144054984,-0.46341409655619314,0.6508280702463884,2.191111385582762,0.7219820017217949,0.12129770922223503,0.5388668241692289,1.920445299054426,1.904579794875557,1
0.2753363370313048,0.3638677143041389,1.2727694819170172,0.38861793639627235,-0.4248038938234678,0.6621948982320773,-0.14053052784437825,0.14007845553686568,0.10140491311816635,0.04796813264723232,1
-1.8751437891170468,-0.3081999095035548,-2.5136416389673837,1.5838586811595758,1.6477060269479895,-3.3444478997421467,-1.137794331268471,0.7824167049754506,1.567952318842711,2.3156060136271552,1
1.6546085979020333,-0.24717560448877296,-1.3083542759234124,-1.4895659115982065,-0.37935489383494536,-1.2136114646619545,0.6208172009119944,-0.36389558363425617,-0.25766285641973297,0.11764070804899807,1
0.11500669265121766,1.98902660919306,-1.3448676759639744,-1.3033463236317702,-2.296110527994363,-1.9546721488872483,-1.3047857514585275,0.6004330767310017,3.5129990544501255,-2.5771716849178015,0
1.258786807036693,-0.0395264921777847,-0.33314640993173816,-0.520280725565404,-2.555441806500757,-1.7489242990161755,-0.25241972174037147,-0.7493413001200414,-0.7805090432529616,-1.038400960413964,0
0.23082010786160012,0.8015331784025821,-0.578650051949833,0.3820081723082429,1.0201483015734072,-0.22696289633650613,0.11076762892799707,0.6136795028204439,0.35863222631366776,2.109883263324747,1
0.5394265430878318,2.1629863571691623,-1.3989204163421478,-1.1511367127374794,0.7299122473167621,0.8312548546254721,0.2956691349947631,0.48964766217499645,1.2502162948182276,0.7667168114989866,1
-2.1597680354934106,0.6356568322050251,0.40606671860336707,3.829594400390604,1.2591884421075503,-0.8589821629899681,-1.5052342183545473,-1.1234192627926047,-0.351473003102877,3.920365853150122,1
1.1034784115823069,-1.5022608287125108,-1.2783705667963938,-0.5631642221566826,-2.2809463783656585,-2.988831970474185,-0.032556094221418586,0.019071400753713184,-1.7586152783258453,-0.973204232466023,0
0.7044212002959477,1.0243316341177628,0.5043844904790478,0.20872194587072884,-1.0304794306647296,-0.0008951857728024537,-0.3521014990427897,1.3353758419158992,-0.033624055392221575,0.39629648166157727,1
-2.0375613132218726,1.0300240778162075,1.470574341017573,3.949360279228559,0.4425166896781483,-0.16604006932803284,-0.7201880116760442,0.9625882139842246,-0.27426916963482695,3.1995416734428326,1
-1.1224866247271383,-2.2016580576523817,0.06561210121406069,1.6313786610268615,-0.11301866677499198,-2.1484287125921675,-0.5527700132266294,0.6831292450600224,-1.048512064615925,0.31789246079358446,0
2.1932390221760683,0.1556646456393942,-2.296330747932222,-3.2094579831601244,0.6378352005787878,-0.23832177543431488,1.603369492007377,1.0063355691051292,0.49001177704330345,-0.37839037009744425,0
-0.8367839797936141,2.881871135895123,-1.4535860044736775,1.2081343665728497,1.3360629169796006,-0.340543335377405,0.08582584001300768,-1.3420909047650176,1.847532230152149,3.175191835930996,1
-3.964740154645757,-3.0751605747873616,-1.3059369428930971,1.0012032173441938,4.229975267935018,-1.7194677057891814,-0.14660705522232548,1.2341167999418716,3.4395645991728516,-0.5181154511386167,0
0.3839419190002301,0.6452987644158461,0.3930526038338362,0.2612021626902483,-0.8954976036326487,0.09213694020232488,-0.6990546254873308,1.4604151779364853,-0.42167178393122207,0.1640558281287816,1
1.883597318797197,2.0249174065444793,-2.5039282181366778,-3.020329541606436,0.0029662829786909484,-0.25200824352528417,1.5353277333766129,0.006547891718373756,2.01999379173761,-0.44747631124150167,0
-1.71879227563341,1.666280620632118,-2.241122987615831,-0.005025423030707632,2.613854596083816,0.8273556538584557,1.2662546961783114,0.6404855636689628,1.6297900278725077,1.41167988780676,1
1.2004781912963074,-0.9041145095656683,-0.7759093011502307,-1.0369861857221427,2.899069225483203,-2.4426748268011798,1.0679291018800763,-1.2254545472189116,4.334683686848657,2.022046479430924,1
2.134216882854389,0.07156718418707475,-1.1561666201793264,-2.70016904424601,-1.365379886966256,-0.3359831267093112,-0.019088750235941546,-0.23153942311748107,-0.23710276556237586,-1.8042978448697191,0
1.7077482522464622,0.6775945692034244,-1.742482214484434,-1.0900053443170434,-0.08843519180366022,-1.6025602127601308,-0.07218341453010418,0.44391679585482646,0.2799905314792508,1.4206123004470692,1
-1.6712369438125485,0.03491044565574297,-1.5420866807580722,-0.9879118941416476,3.1760066116345094,1.915619258984084,-1.4644520551248152,-1.112955250059338,1.2395704160389984,-0.2814333393860342,1
-0.46486207163045945,3.073759499964695,-2.4654464766177147,-1.1292351454823069,0.7537187461602574,1.201862997594354,0.7238796866005448,-0.06140855086615696,1.3085701193868036,0.3774979392658383,1
-0.7913776558122185,-0.5627342194633108,-0.1604804164279553,0.2341652402247069,0.09849552929410783,-0.49934937186993933,0.8132874560169007,1.1881190566564999,0.4291234986944681,-0.653943097303989,0
-1.7600721684564806,-2.7898367021652493,-0.7012768546096555,-0.5121831250789293,2.8718137132368686,0.48183706051382114,-0.033789695580160206,0.6762481772346155,0.21268704586188436,-1.0859497121618156,0
0.9015758452990835,-2.4575316121580606,-1.1964374626907883,-1.912664012738663,2.18869016266712,0.16303392955195917,-1.074913294339058,0.6846826876063495,-1.028393968665073,-0.017399092672994332,1
-1.0557786867957737,-0.08947218933430223,0.6053814740353067,1.624341538551127,-1.9458805370191747,-0.705991963629612,-1.4750892214692963,0.07393235017590676,-1.409826687714725,-0.6713516809538902,0
1.7055952465991722,0.7795173724647522,-0.4147831710995573,-0.7616807818251681,-0.28001297646758194,-1.5246962907055903,0.02019123823233079,-1.7018316692926767,1.6970336079525667,1.0346011469091978,1
-1.799292089490067,-2.296763566075267,-1.0419044787181604,0.804317564952763,0.31716168628746766,-1.8116194238156753,-1.9165916687190976,0.35755864573026036,-0.7887432166232476,-0.8665234055584583,0
-0.386069301217415,-0.7131567146033969,-0.03565945008465643,0.43308392262068673,1.322198879721753,-1.4025382094190677,0.8177441610899081,0.6171545484177509,2.068259662517036,0.8589708827059079,1
-0.8227305976399142,-1.157499635985619,-0.4299297574905452,-0.6117709981390853,2.626603811459128,1.4491911352653402,-1.218380602740825,-0.4802582875241659,0.04896888941742894,0.05928425965039841,1
-0.2508583022467268,0.758475176513409,1.7184085867456655,1.9353219551663265,-4.288047843413971,-1.4035909430043116,-1.1101279409822966,-0.07274859845178454,-1.0761801902801431,-1.404423469073854,0
-0.3993351115332977,0.09269040893027536,-3.154345405847435,0.20643276505351982,-2.8324655379009673,-2.8342562687358326,-2.112888358164718,1.0172413511892788,-3.072158443942918,-0.6544320228390563,1
3.2025848043583283,0.6658487858909314,-2.4856348063144384,-4.701587202129926,1.5113950836047547,1.57163028365769,-1.0029428030900815,-0.5259720594039843,0.27398024709921964,-0.3738243468365632,0
-1.9277707816001897,-0.5798127323890305,1.0835459376448955,2.172239365010182,-0.7455001560475807,-0.42571854889201544,-3.159088013545243,-0.9452670794732824,-0.5335530029226088,-0.42135080826795046,0
2.7826047835048096,0.2342191460638059,-1.5290108394994655,-2.1955025011388645,0.8057550524030471,-1.4358073530154656,-0.9949136759617321,-0.4983927119536229,1.2834195877715935,1.5209265057077614,1
-0.46103561736027676,2.687613881971906,0.38625991583301755,0.5738400125682349,-2.184194928908138,-1.039289432569004,-0.14865462863134246,0.19106181728130361,3.231470808963957,-1.0826716093686235,0
-1.3794076736374778,0.942416738642174,-0.9995308302626297,0.8026490185808678,-0.9231723891850706,-2.507482528104667,1.2077764917755949,0.5513676992826408,2.8519792031408926,-0.6838927449249615,0
1.4413210414399993,-0.8964724524191194,-0.7519627932779379,-1.386636027227057,2.4293394358344607,-1.0395139651713443,0.0683204130081365,-0.2702653843413827,2.1371035789672908,1.58871219752058,1
-2.64179813205551,-0.5908740134560941,-1.7280786615307562,-0.07991316020290795,1.2162795845501386,0.8154263161277331,-0.2876143118749243,-1.0862432867896197,-0.35900771708154267,-1.6565256461159177,0
-1.228239866423969,1.76388626262583,-1.3842248870435259,0.7867809824064378,0.5670062573621846,0.5351778703823686,-0.7364279837652679,-0.4177423670415792,-0.25365504745182554,1.289612085515309,1
-2.174746125209478,-0.6806224024486643,-0.246048214226968,1.4462681415143561,1.031354288624213,-1.3298328549508458,0.29260724150560335,-1.9584653654033375,1.7596913121887878,0.07113836347632674,0
1.9748137008264057,-1.8119086707440109,-3.501842516005074,-2.6870081369106638,3.3551531283710503,-2.3881679818611112,-1.8234964332148014,0.6752148653262328,1.0814527734272463,2.2072727248689823,1
2.916555645560633,-1.1959554008925561,-0.3283562689424442,-2.71486375815888,3.7405278064407432,-0.2728223700275696,0.39752283189367665,1.1354848448198194,3.024091692822097,2.126837112614555,1
3.44718071934007,1.3709487996581233,-1.9913159472588569,-3.561633097845811,0.08393204917763053,0.7046314175143806,-0.8809525834765903,0.15746924233453652,-0.31846977547251365,0.4512909808631178,0
4.086327684234519,0.15676357713866185,-1.0320786459544402,-5.274006185935681,-0.6707444250873743,1.9279465119114652,0.5351210087995322,-1.9624295127285525,-0.5433548578247465,-2.629835098453418,0
1.2219425076218409,1.3300460171446362,-1.1515075401159092,-1.7633730212237992,-3.737673200811072,0.3680263691357828,-1.3275283259695465,-0.22666220299611137,-2.4034026216186306,-2.896812623572556,0
-1.1555675059014578,0.7029078030736058,-1.48025401632645,-0.14583841253776708,3.2526901645905113,0.7092803610844385,-0.49327172113008283,0.7267824785601718,1.9629714657385184,1.7221076924027574,1
2.3321860726593213,1.7060541718459876,-1.6435791244479963,-2.711488084555392,-3.2251344283186656,-0.011524907303155474,-1.2080303881184848,-0.9226578080015512,-1.336960963579439,-2.258301196959828,0
1.4014890290201505,-1.147406341186735,-1.8229862181754257,-1.9526857063243377,-0.860526054240156,-2.097806499677511,0.33724146150320805,-1.6127403690511788,-0.1598629694357172,-1.2529523457212481,0
-0.8510216542369458,-0.8115489429859777,-2.2471150091797303,0.3875242818369926,0.7251815042627061,-2.2205600377806447,2.064389151850951,-1.1867714176520807,-0.287085235474029,0.9614542841267016,1
1.2506259673751512,-1.526446320945105,-1.0348701773992517,-1.5582400800190168,3.2982632657981417,-0.943749391211907,1.274118092607574,-0.054462182730319546,2.0454733686858697,1.7539429532133926,1
1.3879045410043598,-0.17869386454129954,-1.4005962936595,-0.8599805146966305,-3.8991916238720967,-1.526714694767831,0.2414524250402884,0.07009895894239775,-3.7863347465375172,-1.7417420882038335,0
-1.6314134372416134,0.10661509896143251,-1.9829882362348386,0.04585415976329554,5.084948711031913,0.19733296148395252,0.5222025446714093,-1.2393041812736587,3.0443847604032386,2.8537409839714933,1
0.22988505921746372,-1.2260529092331125,-1.1932239611597997,-3.237486964941759,2.7660686722903596,2.6611381404765924,1.1624869505796394,-0.7660884247427251,0.423430933161408,-2.0283438773652467,1
2.0848156833664673,0.6644640786218008,2.1390254611982185,-0.7425317951929684,2.903564410893142,0.8473811741295574,0.712036459360953,-1.3782187035199713,4.402322333537976,2.5714348562400335,1
0.8481168848714604,0.00905585981562318,-1.7377550821644654,-1.4828287578233517,-1.0598021461624385,-0.6158216064214836,1.1416281734269462,-0.9740935544852762,-1.1837951978095236,-1.0305732835753114,0
-0.12716307749650269,0.10299440432212781,-0.8208907335648978,0.42818187548655806,1.2404228618534088,-1.4898897879812427,0.6930110164251835,-1.2142368595979316,1.5753109161210406,1.7447718405221542,1
-2.7182281088960867,-1.6746775979031758,-2.301468500923031,-0.5190394490766919,2.210164649237106,-0.05427307650401092,1.8978858376841823,0.31384303190456736,0.44158679718041904,-1.6980053117687968,0
1.9796648586865149,-0.5247594410632608,-0.20326356412498403,0.3898099592975305,-5.085743529711356,-2.185466198562273,-1.1749782922723317,0.9969377208017967,-5.297369207747196,-0.7250621083198111,0
-1.521512919171573,-0.014983553280097928,-1.1535600699483033,-0.8406405798031835,3.57104747075319,1.908576467111974,-0.5452737255812189,0.5241070031833391,1.7238498085978624,0.1860542111007829,1
1.211090084186183,0.544034037857599,1.3190901038774316,-0.42514285854351763,-0.2704022274167648,1.0161699931029724,-0.9578064351337342,2.011491112588921,0.31953241886662787,0.13686225862349266,1
1.3394243723544013,0.7788886171551885,0.04123997785273614,-1.4354657941236533,-1.8400186703304573,-0.12725054164357685,-0.4405169443598121,-0.8769370657007479,0.5631660218977304,-1.7357670299868793,0
-0.2994576547740515,-0.6365533423825558,1.3656813938312484,1.167109244812759,-2.961369195192947,-1.1120811066576153,-2.0172889772789793,1.6443802857012446,-1.2441255500030937,-1.7502379436169455,0
-3.53819164837873,-1.3456310616003948,-2.4625347118709255,0.09730490947380743,2.0904355142738353,0.8431293665310875,0.7449608109494047,0.5863197089149107,-1.0012107435301079,-1.6144188390759937,0
-1.5631431158484521,-0.4812836199405174,-1.8543472999437456,-1.166530921392999,0.47358280457204305,0.7314588165034934,1.976576667323617,-2.0494384916485737,-0.319065898689771,-2.418151889343843,0
1.2800305817763877,1.1196485524753688,-0.7852193146312703,-1.0249620051296833,-1.4273871353525618,-0.5139280307928697,-0.1601024136920497,-2.4292929676734887,-0.05895444335499911,-0.35500552981035394,0
-1.4956580366938992,1.1738907874845301,-1.3376102594877306,2.0608761582240605,-0.17670270033710933,-2.616575169151777,0.8302093880397223,0.3755857489573709,1.2958964754016933,1.913670783756237,1
-0.24927307169861224,-0.3224125339260375,-1.3413092652079812,-0.05047621741515085,-1.818274188943498,-2.339376635283532,1.494195951449163,0.6775278269003673,-0.21670978410840847,-1.2378531959793202,0
3.169960337401983,-2.5011516042944875,-2.5351044918153787,-4.300199271730142,0.05155557220113538,-0.7336735989836948,-0.20762913652587592,-1.0146606870945887,-2.2630501550298527,-1.6907113769709055,0
-1.8712633711316564,-2.144455484184239,0.2546169207681497,0.3569921009509518,1.2454922295452548,2.0585850552525553,0.2016662474867759,1.316545772622688,-2.7212021295843924,-1.3028072905778285,1
2.61606187813646,0.10420601952991426,-3.1385364927382877,-3.9343023134732222,0.40366903953073185,-0.7463711743535146,0.6209215568891648,-0.6980315046409635,0.4143635274629808,-0.7052729747479691,0
0.711482201564521,2.378438764370659,-1.2297772609081492,-0.5449165048455747,-1.3876992047648704,-1.5269154876845712,-0.33058533845833193,-0.1091385848457553,2.242576680164033,0.09380760835295154,0
0.6355158305012942,4.401108164423269,-3.6355705748494866,-1.8137318947774905,2.9917055317964962,-0.1873640770654219,-0.8621387824536719,0.14056955015082576,5.106954903609752,3.1395166161000785,1
-2.4983630608658283,1.2902639731337953,-1.6858991129152885,2.077427511455273,1.6349993688208566,-0.09198977361172656,0.19108043663225058,-0.336185803621952,-0.20238171173773245,2.4623011793776173,1
-0.09093961232671077,-2.2221591107041867,-1.7219145751548877,-0.8230321561869268,1.2010205840701467,-2.1524478552691653,0.7537689306975566,0.7880199850505609,0.35210507508641853,-0.19824178940090875,1
0.20247655846237067,0.8400641352402929,1.4102467471028954,0.6287308750042705,-3.1667290386387568,-0.6201543588733479,-1.7597025986504642,0.7036038680787361,0.12028701463271507,-1.775674380179146,0
1.6247936386641784,-1.415393557947157,-0.3417782991003423,-1.7183025305242188,0.5942313399481326,-1.544760447025598,-0.7964675448912183,-1.4806296624004127,1.6654430946551935,-0.42036790979091565,1
-2.469259422567062,-1.3704670993883474,0.7586530829322768,2.458121382407014,0.7674710122836852,0.9657227419712956,-0.22949938378159987,-0.29734154511552263,-2.7182398608614036,0.6107724132249457,1
2.3578683899191972,-0.13036053417117544,0.4290891503720127,-1.7523957627042024,0.6307278661476173,0.5031048639803852,0.17418088196226977,0.10418609336157737,0.5936504610047723,0.5216815555513642,1
0.45516786371244344,-0.1395606282032512,-1.0706854475308811,0.1530852057278106,-3.107495189162088,-1.7429975577562038,1.3915523397616159,-0.25704302607853813,-2.8440856692987486,-0.9970125076171383,0
2.1820966534294346,-2.854929751530645,-1.8700942687783115,-3.2525505206715692,4.706502904027889,-0.8424586736082534,1.1604725053473395,-0.7193185675845094,2.0102507962686724,1.5568010514635549,1
0.2552742315186691,2.7371028019034007,-0.5088779029673074,-0.20187773522223273,-2.359508609095272,-1.4374681769636835,-0.2430121306258299,0.5859841797505183,2.812193559866967,-1.004645198838496,1
-0.04258759037525062,2.621926910769875,-1.429846856317208,-1.601947827626987,-0.6338228058688893,-0.6784211527467192,-0.30581946332629767,0.7184797386806455,4.425176258454277,-1.7336418443096373,0
0.6285776288402359,-0.04988498988482637,-0.5658733955673845,-0.4207166559927863,-1.3640403192931991,-1.1493826666692342,2.5345325686061364,-0.6069316273554748,-0.4426138143918914,-0.6336548532054407,0
-2.047761541790151,1.6639195524904289,1.4155515266074286,3.083189745653794,-0.989220409365185,0.17269410815807462,0.26163599856748904,-0.34124831932876215,0.2209938710810051,0.9904664993369641,1
-1.1467691184201687,1.7605596166355988,-1.9191533103187104,0.14079486358849036,2.487550245542768,0.3355309043614966,0.43579727637019305,0.2694563921980581,1.9555154374777965,2.0602090363567878,1
-0.25446367230634603,0.69794374570025,-0.7737766590313954,-0.38420219932972005,-2.0070006725416984,-1.8862667383064742,-0.5181652898279008,-2.4202174714597056,1.7498138177221039,-1.9898211019939018,0
-1.9177362428139921,-0.8065303094880643,-2.417074279796488,1.2087103242074755,-0.2703596102285908,-1.6783627897226907,-0.41069299586421504,0.049413485699647076,-2.456296313495716,0.31867449928630565,1
1.6495126246580367,-0.17931191862062557,-0.4947773796853556,-1.2557737770110244,-2.2237629610652108,-0.9369867142364441,0.2998304641277433,0.12180132231336971,-1.3291595977903432,-1.290859818228319,0
2.217377856134072,-2.836997374052531,-4.755182188152478,-3.699623950036573,2.505277237365977,-2.5164184940614316,0.19797212515287052,0.6238667842924046,-1.2962601262217657,0.8465729111521184,1
0.7827375784004704,1.8005010246155089,-2.4681141937550746,-3.2546813777223376,2.3074665649055763,1.6685204878376423,0.46976268963410817,-0.6711491080756229,2.6610449099624356,-0.4269643309773876,1
2.8772452078268596,-3.7971123963288527,-3.0628562459618425,-4.481280619588922,4.56893079240509,-0.855583077346848,-1.0663805706368437,0.8291162842568113,0.1290791791945407,0.9474724397186889,1
1.4151461921767365,0.2655270204215906,-1.4464322837550023,-1.0888589171039782,-0.9766941768573733,-1.422314308481809,1.191006549750692,0.9939871569053297,-0.47247909801253307,0.167234239144731,0
4.467112025329595,-1.1808872659203766,-1.728687047527815,-5.090380874887989,-1.1064108089815725,0.6498975732985932,-1.9780641418688398,2.1759541618354867,-2.5982474853654223,-2.1565187747985104,0
-1.078743655175105,1.2081321711679944,0.793157620340005,1.6504352676362024,-2.0139797021498795,0.47502749242376696,-0.3738740796237879,-0.0128917835583997,-1.3550191634930295,-0.43306579066743056,0
2.0426742548949623,0.12458874787345786,-2.452518624532587,-3.0029937531167974,0.2952887686766965,-0.6247823678377364,-0.13684317485809858,0.7459322245237815,0.29772448282869024,-0.45175878936819513,0
-0.6571217892448943,1.969372101656106,2.23314910468959,3.021872658048414,-0.9967912743719567,0.30737500017254726,1.2372625851632273,-2.341530409391073,0.13359458068370056,2.272522535968352,1
-0.7784258170722673,3.264688139903619,2.0449801577448694,1.5339228867201415,-3.4944178094017264,-0.2907655419888219,1.4120694308092794,-0.5372890108923895,3.0069819173584955,-1.7184724436587728,0
-1.419173140657437,-0.547521916396312,-2.7752779659804707,-0.6230080625238403,0.2833021652731713,0.0498079395250719,0.6035096361564014,-0.15005440722114216,-2.1854300314040636,-1.0577870435553396,0
-1.572629876916348,2.0587137102817965,-0.6141800800905186,0.7884280952776652,0.7717369907164203,1.3821576627925154,0.3386012463207343,-0.10218777971711089,0.6753214006658728,0.6899987464397874,1
-1.0748861158149503,2.425558192101409,-3.1009035057051735,-0.9206544595299397,3.3341886103339546,0.5657513540299124,-1.4322855919331132,0.4662712597732377,3.0998268166226923,1.9566272616925975,1
-0.7717043937286581,-2.152470732695561,-0.7313237301279123,1.5883391325747018,-1.910023188003502,-4.5584576561118,-0.2786408421585792,-0.4588055765275088,-0.5259920113183236,-0.3767014355596787,0
-0.8457562256640364,-0.2132898076763745,-0.9194932746253381,-0.5427787877399668,2.444269529854185,1.244225221611618,-0.8558361686065281,0.48176270907364516,0.5062257077577832,0.4612442963325417,1
-0.6138469269594433,-0.43374652874061737,-1.611175503899735,-1.0320538316497558,0.3185258795646606,0.0602442485637833,-1.7299977913169318,1.6465514206230427,-0.3732500292249219,-1.3036536002547023,0
0.5556640486660912,0.1397591948271314,0.29510134576962344,0.5169965028284281,-3.0740408520545532,-2.14396910079399,-1.5643303264490933,-0.6241202228669391,-0.39070569557421675,-1.0733382017064188,0
-0.022292293423033183,0.4758124021108199,-1.3478970225101472,-1.8164806132788685,-1.256875651789858,-0.9570499675287066,1.8780420354493812,-1.2956283394719723,2.0688707377148465,-2.9969834814388543,0
0.20302435251448414,1.3575696691671202,0.25674587550232175,-1.667225838559194,-1.8693532813023372,0.07621112735205138,-0.5117960136519804,0.24400606314279952,3.1251795286400252,-3.57825881158691,0
1.257179234958842,-2.2206429168182877,-3.0203787010601055,-2.259613179771233,2.0682707478201676,-1.7916469088777918,2.833580429456599,-1.1950183469888551,-0.6096520198632875,0.7238822746823372,1
-0.9722815503335196,2.5363065966506784,-0.15863430055787087,1.8702670204701382,0.1436137974847734,0.17946518812469037,0.8199007767588492,0.024923486154200765,0.6287680194267053,2.3998785429557365,1
-1.6913263441838304,2.4549202429593553,0.7039593438837635,2.8089164748664395,-3.775808424006031,-2.670675418731493,-0.32352906156120115,-0.0807249383129424,2.0229338431542856,-0.7253966117073679,0
3.2810185367367075,-3.291329845084814,-0.7190032875661211,-4.354908027033126,1.978032518329918,0.5239652985911403,0.8430693010591931,-0.5622218265457437,-0.560008269458355,-1.3406607649069526,1
1.2872975964519289,0.37908990187883473,-2.3522084259235205,-1.9580401241722374,-0.5188951911253836,-1.585057223805518,0.7600761123884141,0.00721714608789781,0.5791066958794218,-0.4892553071910818,0
0.9015166478818155,5.007360614062351,-3.5805564114725135,-3.885699972800234,3.432052291626838,1.7197448735404288,-0.4930524964703344,-0.5184973366243467,6.837108076068131,0.8470299374607542,1
3.9167612254708644,-1.0900479625197097,-1.559866297395207,-3.8159775370988656,1.2527976259030276,-0.8512466603782372,-0.9947337988985762,2.311303586756249,0.5832931002289647,0.584799590901594,1
-0.10543446598335271,0.9824442077734645,-2.3041811708768964,-2.3683288357272834,2.8100328126995935,1.5229503633034298,1.684037627431329,-1.4480832081439898,2.0503043382646022,-0.09484622536500775,1
1.2046433089299717,1.0648810065387613,1.530049063706548,2.5969347164090846,-5.641258347253984,-2.626683186453482,0.9714859982681016,-0.8594021977336828,-3.2977106469218005,0.5734216999611408,0
1.6201482717962823,-0.12884472412917736,-0.14933349800573892,-1.1235098941649329,0.4669949943333388,-0.8555344198463646,-1.9882609223095518,-0.5805314408463051,1.3691316621611986,0.6319449402166704,1
-0.4809576756618209,-1.8370927458181183,0.4920012090810455,1.2756730420962685,-1.0011819760723581,-2.060743526999128,1.5220032492355542,1.9555414172892074,-0.9603363894227156,-0.22447123638399546,0
2.251723201738352,-3.395153680974285,0.08450963683138157,-3.232988060093542,3.8724431504992527,0.7452769694376713,-1.5489752115779287,-0.9269881819745178,1.2041871054097042,-0.016005649017604595,1
-1.3198365105330225,-0.9308129695833616,1.0052310845841688,3.0696662823774914,-4.655959454457068,-3.597039910088993,0.05867060336963758,1.7524240039160388,-2.0709964451193392,-1.4221618684298711,0
0.22581325498429816,0.050707311536687394,-1.0931235588708008,0.049858377136653975,-1.029687706059585,-2.4621369752477897,1.3522810829223855,-1.040948901171178,0.7904035197243571,0.013607364728997817,1
-0.6632183790724375,-3.20847564714833,-3.368492185851291,-1.0558253941398257,4.299549122896429,-2.3875755594879644,0.3611821670416381,-0.5734215137672173,0.6565306556818714,1.689070321332551,1
-0.6966246900982593,0.8409261397964805,-0.2636695440900664,0.10280055334499247,2.4102249084365717,0.9809858673434086,0.5528119791930007,-2.0814371617666056,1.9430367377803763,1.4316131256481137,1
-0.6444211594639276,-3.147901199672427,1.181826093178012,3.0244564499664,-0.6280472331407467,-2.6106929358674185,0.3886214802009952,-0.5772011858972084,-3.2786494572400384,1.848271944207263,0
1.288381515325003,4.635544980237123,-4.595804177239711,-4.357936654627709,2.913068877647019,1.1211320906669417,0.7787397853595502,1.080621208954168,5.544981866402467,0.6944662678126264,1
-0.8374771920440989,1.7565506365349084,0.9963050622847387,1.8651330759562734,0.0061922037925086215,0.7679101557533368,-0.03926844859695634,-1.2318319411277658,0.338476367927411,1.6914930360200247,1
-2.1926192745331843,2.6993885944543647,-0.642506280426969,2.1293732596756287,0.6682504217945454,0.6534118152311317,0.41882668570450926,0.826834717872908,0.8124533887240348,1.9825649383813042,1
1.3253784357078215,-0.9844638568795898,-1.0563992149807746,-1.4314419596983439,2.4556377340277633,-1.0369755623800676,-0.30109644443978495,0.7684374973966008,1.7707914687622237,1.5516050310244012,1
1.566076373438304,0.5549269992334379,-2.139061074719508,-2.5384054881534537,0.6363937615134331,-0.39355234790044635,-0.08322157940302932,-0.40267255994220236,1.049699979132625,-0.16728240957432772,0
-2.2526161336505575,-0.9473021440072988,-0.31055810934275085,1.537320721335438,2.460042416304992,0.7916831700676953,-0.7871465955299036,1.174681132528032,-0.7519202926690416,1.364854276440359,1
1.824319768329074,1.0889162468861802,1.189991321438563,-0.6611376125794028,-0.7088590344391644,0.8117361470090749,0.5502674677899182,1.3237455489254997,0.39904346710898153,0.403395432593019,1
-0.7544432703314123,-1.5571870846731957,-2.862860922363001,-2.196621792916581,1.8157707940000283,-0.6342858576142845,0.2958119354084627,-0.46631805717320235,0.8373552470517871,-1.7889240582156383,0
1.0296628400425494,3.438240825388394,-2.683138838778232,-3.7215257758641878,1.1469186697017106,2.188875468850479,0.117957303203288,-0.34864509091713247,3.0947173632807377,-1.16833992857116,1
3.875972743899865,1.3445685272101915,-4.312355561594527,-6.52283407389379,1.0804318117860674,0.24465783206466485,1.5127960688147262,-1.9038038674812663,2.2793990189579523,-1.6016743939517022,0
0.10498806242819692,-0.410565282971469,-3.1900233515059115,-0.9075788688180999,-1.6929020154495866,-2.386228980654389,-0.6069622239974672,0.32777418992541174,-2.0509356097793345,-0.9592855814664899,0
-1.3204394879756802,2.100121312207027,-1.2251489724615625,-0.14999034458117122,3.0857949416880883,1.219597380485488,0.5717981234151149,-1.3455051464045105,3.4296010498367733,1.5636817178488631,1
5.24172504333841,-0.4182529965614996,-1.9519465080820888,-5.8767577933871165,-0.8668757619634542,0.971449274432318,-0.004348486627184031,-0.3113366534471879,-1.8060510359775006,-1.899479326631849,0
0.0086869953762021,-1.3951749041411272,-1.332844252687659,-1.6358623377661223,0.049855804920759694,-0.7548134306434598,-0.8219127764178962,-2.0201514491777637,0.20406851957733352,-2.087774180638105,0
2.756844006774724,0.44292531260667245,-0.07177230258764833,-1.0348595104340086,-2.7770665540922232,-0.7121488376342134,1.475133657032921,-1.0166743760211148,-2.4463583957697534,-0.01754523397579888,0
-2.645534765090529,-1.0990527242631467,-0.3335924822245816,1.9407199019988914,2.6001878475061155,0.6633285540864913,-0.8050109913147171,1.5525490651467972,-0.9061770918980026,1.5614742044176282,1
-1.957259867625388,2.709145372526569,0.5497279527196239,2.9807114768242435,-2.3462384283541122,-2.637955326582025,0.03984930415032582,0.4517753858746905,3.33386806746826,0.3770461216726655,0
2.1133244817959174,-0.9226438894944655,-1.6384798664941715,-2.146083362358967,1.2185779714187954,-1.6459938972827928,-1.5078459640913198,0.31956178916793554,1.0590568714335307,0.8455504347230305,1
1.240904919874844,1.7506346629194103,-1.1068982799158669,-1.3840905398719345,-2.6544010802370606,-1.7655347433989572,0.9308201250373191,-0.36634332058951224,1.7510974054366328,-1.6768389766102332,0
-0.6196070833233212,0.8110104728446883,-1.8687978420080409,-0.7678296556240505,3.2777694203678243,0.5594385295837029,0.5242032612170667,0.43581055684652314,2.185089502114488,1.6911722397051476,1
3.25624015007073,-0.9818713250056743,-2.0992968904206832,-3.4588061457254162,0.3353058701890752,-0.4284254893307514,0.1784418142130577,1.8229226161542995,-1.4648823081316462,0.020849318539869932,1
-3.969780135519083,-2.600665093928739,-0.19998237389853823,3.0529365738761913,1.9483878764965126,-1.4726610808900171,-0.7091465899615225,0.24215240732251037,-0.26720864932572386,0.5150576438377794,0
1.9435751158812193,-0.5534325509256965,-3.8410519851377862,-2.217292272790682,-0.3879405356305039,-2.810428921373818,-0.3102597139204678,0.18001913941464184,-1.3692515398378458,0.6096764373785352,1
-1.4263076942769457,0.1117096067714165,-0.16767350380921786,2.5506656936338117,2.281036817645578,-0.8849471798706572,-1.137244528881294,-1.0423102326872493,0.4071519228267213,3.8305690380075035,1
-3.3373952909570708,0.8414244244804518,-2.4324711537481,3.4401524560454257,-1.471904340650147,-4.457832905123607,-1.2073319968398417,0.3653918191297132,0.5383666460161279,1.1489854703620774,1
-0.11196263145953744,0.2581188412523847,1.6209290226317155,0.8515842575738881,0.09491107842457669,-0.575370509974783,0.1365409515907167,-0.41937218691673694,2.5464471638571453,0.28402534923815337,1
0.5240436715743242,0.5909786429892756,-0.5034959179997496,-1.2166452933171183,2.3796212741645664,1.0332116148429753,1.1901096456197409,-0.7244888613832092,2.011662208537455,1.0126572230627406,1
-0.9518823338145922,1.9448211248961926,-0.9226041017633473,0.7340575462904602,2.1618140044000222,0.37139311977440237,0.4973284303652215,-0.05680739671545823,2.1605162214740723,2.456075721503397,1
-2.066127303369737,-1.1273082911678982,-3.25842389552314,-1.763977483902917,1.8090000838251135,1.3705577504512876,-0.2807558080180731,-0.6301946441769405,-1.5317465529637078,-2.264330968985509,0
-2.9294080508128175,-3.7688135854013964,-0.9963571832701597,0.0811628107846123,3.8386117844689,0.17063370171275039,0.7478658687259824,-0.3104564628820661,0.19163719563355297,-1.0192855710921835,0
-1.8268749355933342,-0.8319903235549655,-1.161364851923492,1.5790725917064319,3.5727866350923247,-0.42251460000797314,0.7728881782719921,0.3554025365278667,0.2706894589580616,3.1753823156749292,1
0.620425728899529,0.17282065860229645,-1.9658386177361602,-3.5925141884748046,3.179755982303456,2.162831991139227,0.4068061876308905,0.6521026185671985,2.2382615333514355,-1.1031894155170572,1
2.212039893490406,2.654380571681955,-2.09999351580445,-4.096091942028554,-0.05054782603740415,2.0252265962365517,-1.035230842819812,-0.2899767799828719,1.4613515719164574,-1.6133665073586192,1
-1.509840376265707,-0.37616150198356313,-3.023230373259893,1.0538176158567394,0.24657920967225655,-2.73521859900004,-0.3476047821477652,-0.7151295714592688,-1.0299613722161527,1.3023757028401306,1
-0.87867429056771,0.6615456191639912,-0.5651298391269468,0.5929884096727933,0.41900840565595054,0.7952124392890698,0.30733631448125637,0.4872493587651452,-0.9282774720514249,0.6540137162419599,1
-2.3536702434120698,-1.0651082969406924,-1.3750385773914102,0.481055690389097,1.4318242095777718,-0.30468080349051574,0.860363099303359,-0.4648003293160938,0.1668721582441064,-0.6769545380841903,0
-0.19868360471329738,0.3836911733091585,0.4264866037766277,-0.038876310120841306,1.5043773845785935,1.2246249810545904,-0.47476324181487695,-0.8435900228955672,0.9509576758839917,0.725329692379026,1
-1.5510645496968793,-0.06755179964165392,-1.3687525740104622,-0.14084248352114948,-0.36470912813630985,-0.4887817232344064,-0.2333108518822189,-0.3002392599223624,0.26594672116171214,-1.7394261595497136,0
0.12211775022092297,-1.032514000365576,1.6034941282022004,0.9020224046311083,-3.6467815425157744,-1.2456763311777437,-0.39328413661381123,0.4683579229637297,-1.8022622347451378,-2.3508116895915485,0
-0.5648719090291653,2.5656187133883206,-0.7938956196231461,-0.011321784868645768,0.23774426884426836,1.2269055887159315,1.2327842721366802,2.253935916294241,0.9973771003286861,0.5399393345392478,1
-0.6107545024015888,1.7628053438836135,-3.767686524017477,-2.334732203964038,4.0541472852162395,0.9375253952241497,0.7884710400131903,0.5235476578713052,3.222581518409015,1.1616674688147057,1
-1.5305586391608268,0.3794958546073144,1.5496626956367265,2.2280862437079865,0.46447210159413266,1.1330869199522133,-0.44978160602616035,-0.7618535440104255,-0.4671043326726805,1.1367250017599249,1
-2.069022454834341,-2.84280264318669,-1.5696632673152118,-0.09526695848852018,2.4911855904534694,-1.6938708125290622,1.7343995268369568,1.130674797854511,1.3685515107016242,-0.8406728134241621,0
-0.7190546152132493,-1.079509106903257,0.0640592177245014,2.0273682983272785,-3.3561323845360325,-1.7327831006000718,0.011927715647822608,-0.25263429799428105,-4.367901855358504,-0.6086666709276716,0
-1.5866526363872397,-1.5252506478623524,-1.3995541697318226,0.3738103270440726,3.8361269887012517,0.20806339398372864,-0.6372118248590148,-0.43608021709521955,0.14629473003046867,1.8580898787187143,1
-0.6565941480892551,-1.2032610940406143,-0.9617482692961306,-1.5029145942746207,1.9755214448143237,1.9191761822777715,-0.8380070202415129,1.3219736775218467,-0.7764756871687637,-1.235016260188774,1
-0.18811164167587546,0.29143835317677036,-0.851781118684916,0.5738631181962712,0.6532179629317052,-1.608622212990796,1.542296978044621,-1.2904869695563275,1.2355571480483758,1.5139439377730328,1
3.4289589903566142,0.6174743146011343,-2.160384443062472,-4.306209412951674,-1.8382434519549116,-0.9550356334228955,0.8502330518370192,-0.571825785724448,0.6621885021517455,-2.3592577950977933,0
-1.8417429774119305,0.10561658212629776,0.929366958584726,3.132789280678297,-2.7165152914783777,-1.4236158430621337,0.8816636484090471,0.6183769205066998,-1.9741245204387923,-0.10714715696840593,0
-1.7418720705618789,-1.264639089191872,-1.0099280283628778,1.2042546435335615,0.19512988404443088,-2.144813645029874,-0.6992128474941184,0.13554131365244262,0.18684804811776257,-0.1047623159831419,0
1.558538149729291,-2.7934929963039132,-4.190542651748759,-3.0019541416984437,2.924177296004876,-2.322061843696275,1.858409405659278,-1.0066300727987934,-0.6968097534210702,1.0879577923387262,1
0.26816759008773916,2.652377008215579,-1.2701119721173693,-1.8150712818384092,0.38678790192881096,0.6829270919512871,-1.608401186930581,-0.6502989524671549,3.5386975540012404,-0.8691347853371445,0
-0.057079433088373266,3.1827981405749193,-1.6556721987194223,0.1608574064688475,1.1331008728979988,-0.07223530374288001,-0.030070617039738255,-0.6528761185843388,2.2405837847393926,2.6006165024878505,1
-0.11811995811614973,0.46985311288129084,-3.004829295461008,-0.8441295064552843,-2.961745061887928,-1.5150318173898372,0.2894478146973825,0.9082795597829884,-2.9447392626683886,-1.901428179213049,0
-0.5135525858867479,1.426073760686057,-0.8628467948458907,-0.31873894967187566,2.5334632777258093,0.9161270915641233,0.38499918923951904,-0.32905999994413937,2.4547453223706768,1.559614264544893,1
0.2634017629429112,1.5861212187748803,1.7062026360719087,1.072514873179362,-0.6259500323073754,0.36881177726406644,-0.5712949420296661,-0.3557434547329391,1.414504322005567,0.9122553706335212,1
-2.0234711308117417,1.508983063965624,-0.20578930939815465,1.7634971576542822,-1.067130458012314,-2.0134559320004337,-1.0688700877382575,-1.048646146094058,3.0327646528026397,-0.41557691254330176,0
-3.239992319644012,-0.342910397887336,-0.1045639166111243,2.4242072568583426,0.10575767711137134,-1.3162881732356966,-0.6945068504706754,-1.197157420692021,1.1146115752748016,-0.4514764943759385,0
-3.220686738674719,-2.35708788520022,1.9518544699541107,3.9512433589836657,0.1295681569082523,0.9397685843599918,2.0139300303898144,0.24620822775401915,-4.327301585481401,0.6178451259181983,1
-1.272729050509718,0.2122443129121776,0.310159273715263,0.5416890628677724,1.1758083464704063,1.598966297406463,-0.970350091392317,0.4966024096759404,-0.05759052041750001,0.09072986461525057,1
2.5719098275947703,-1.44149663173991,-1.9362760895500717,-2.726167463035873,1.8982170883363347,-2.367315141166806,-0.19261441375760072,1.2759279527788632,2.11671962819403,1.010984266420955,1
-0.816467369841197,2.972660661244843,0.4645280816918065,1.3838152680669116,-1.0162645884359258,-0.8030352152330354,-1.0541990277827717,-1.7732385782624127,3.3707075280937593,0.6079082472069641,0
-0.6610263553465041,0.8366459359092422,0.8044774263495591,3.405288053551173,-2.7620576012143334,-2.6561151029007872,-0.7726846233740311,-0.7553408197272258,-1.3314588206033044,1.8929994952575462,0
-1.1157363381750265,-1.932012248847757,-1.7318310897197091,-2.578443649277912,3.207214987806804,2.647208315983122,-0.6904210353634581,1.6319910071126291,-0.4777858796999903,-2.2331500316699175,1
2.9031036377610078,0.06504308855720009,-1.4775219506139154,-2.019986796191975,-2.941102893049827,-1.9409302315395123,-1.7717547790318953,0.3374010703246616,-1.8734302846023265,-0.8689105707884532,0
0.4149145466413473,0.5334223562971327,-0.4402968093057622,-1.2869372001998842,-0.9522685098447272,-0.12726233485979843,0.24195540232101154,-0.166317059929684,1.1226526491536268,-1.8179883449043652,0
1.8146455534988708,0.20659592595926513,1.4707941345177016,-0.9044256416690677,0.9627940487617024,0.9019695249671089,0.8541474707467153,1.2715559134708565,1.5390110957424912,0.8826960303480464,1
0.2799575700371597,-1.027997591028849,0.10943305250272961,-0.4892630148565178,-0.002410485210663872,0.11367905760170705,-0.07085916664044703,0.5454569028494952,-0.7645474166391883,-0.66396708892188,1
0.5555632387754552,-0.7857207546204806,-1.0622439995525756,-1.0386631354279543,-0.5929433163553164,-0.28254256669827216,-1.341405768133854,1.3120623437828138,-1.6316264944419696,-0.8959636452660624,0
-2.7765241912444676,-2.003012741779836,-4.269031495299865,-2.5627904242723507,4.504356807977889,1.5497206160407972,1.2810775447164946,-1.3595869857989646,0.14670156999114958,-2.044441611799755,0
-0.9875080057475689,-0.5535049557505887,-3.230816048558755,-1.5751957241191072,3.9687210712365957,0.5232492860540712,-1.6550003997268452,1.0884968575291116,0.8085671991011005,0.9832606964996098,1
0.8296628776716517,0.46365570747156193,-0.5137728860286643,-0.4312455449244077,-0.9750911151343085,-0.8778246107112666,2.3000306851444514,0.7975770632642244,-0.004875121203791188,-0.009676145487632626,0
0.1779459399160428,0.4046772380214365,-0.8558902514374533,0.23414095259200274,0.026020004217460757,-1.1026136455201927,-0.8356678083807723,-1.7917385924612461,0.19786054456718338,1.0820711074488885,1
-0.28050012236640764,-1.3245950273237486,-1.279792663842739,-0.4874469177479609,0.12391740436070242,-1.5829714789255556,-1.3612959336197052,0.12224855319600351,0.0029888577732504196,-0.7146362223475959,0
2.70822767883793,-5.193535129242814,-4.764371193938164,-5.013977372804507,5.080536432040393,-3.8419671198255574,0.6362026594027826,-0.09598509598021387,1.8065856858268603,0.6655916784556017,1
0.41531378517082707,-0.6945680336418747,-0.37492606118478555,-0.38401815303941905,2.097930971483037,-0.6649575260581317,-0.5482024891490305,1.4581924771811208,1.5843544222168404,1.45701433930499,1
1.839804241449932,2.7793070283045465,-1.5601568498604952,-2.856342780245828,0.910666762569674,0.9081986966360875,-0.24676253886008834,-0.3393968153666179,3.29779415685772,0.12463934014103506,0
-2.0885239840216436,0.7587284597081965,-0.8901246221113353,0.3565518762976583,-1.234831428965522,2.030365151183155,1.7171191539945574,0.21476649160079223,-2.8016620493977147,-2.120612680761121,1
-2.0578092432853263,1.043513305608608,1.3824814848990257,2.583436044510381,-0.7902185058209447,1.475273156680895,-0.5727333547430408,1.2005230919534204,-1.537288617017564,0.378404966909504,1
1.65628425678051,-0.39160948336518175,-1.0284753913989912,-1.6132263836382892,0.6294520064842904,0.45525782445965146,0.11329442729253622,1.5113259857834025,-1.437035194574011,0.643440487866359,1
3.8105506609993745,-1.6289852091660448,-1.9835433532277704,-4.0175772626660775,2.7080202594238045,-1.7145614333237584,-0.7904842720890186,0.4400965134003775,2.329531725985733,1.2296001428516987,1
2.376993236747519,0.8134423107312558,-3.921755904886759,-3.981449420693137,1.993158951497918,-0.34046276299993405,-0.24711824258786486,1.07015853441254,1.2056833046149353,0.7087535522678121,0
-0.01628229864807562,-0.41558428282982707,-0.799410911998341,1.406158451459893,-3.927404547540921,-2.2960792194670057,0.6336370719826828,-0.033602797261205374,-4.315529101806693,-0.5067700725850768,0
-1.8765746607735798,-0.9408048022617818,1.0641941885932167,2.1837804500013784,-0.6377915728674843,-1.2091820859337283,-0.3664801264273006,-0.332644446445779,0.19660013104995344,-0.4064598342323341,0
0.19438284166937025,3.160371510673199,-1.4324468286230567,-1.3702254184255027,0.0030280814561290947,-0.2907985281757821,0.3176520811831798,-0.4125150493235687,4.3652252501235465,-0.4540889324676268,0
-0.6961136900647782,-0.44768547663065783,-1.3357757386370583,-0.12821238218946274,-1.4637405012086302,-1.1872340662892857,0.14004307171189206,1.1129553382106698,-1.1384593530702123,-1.580885191687046,0
0.22799378060745945,-2.560839082981862,-2.046236853325081,-1.3557889080995915,4.128293501968649,-1.2035317392475633,-1.2515531395949613,-1.4184043274872655,1.1089289461080307,1.7183608922233862,1
1.7755696579336744,-2.5775216608271325,-0.8379806116175051,-2.6443911603354873,2.447869655401235,0.19152670073075995,-0.9015912589117553,0.9639177026338356,-0.15883911216920032,-0.08496466686628712,1
1.1218940718125472,1.3800621333899115,-0.8366409603321414,-1.6890035490238398,-0.7905054252055916,-0.16860762436397503,-0.18983512806346253,-0.620175623514756,1.617571488215964,-1.0219059205774483,0
1.0393477280444745,0.5138342398009914,-2.154843812051266,-2.4331537203977818,-1.206807330022231,-1.5217332376083008,0.17609548823084945,0.8479975339628499,1.5252339020845085,-2.1344575447274616,0
-1.14142075988847,1.3116057292312395,-3.32846610520041,-2.5490431963310973,3.66377592115164,1.9202519704126026,0.3529365418446809,0.8320430459296209,2.5422830651282533,-0.38186055717831935,1
-0.9477204137691311,0.041339130956984604,1.2305549945727003,1.6135442903266806,-1.558207154499742,-1.0567003188267865,0.9723959017278606,0.5059780150403742,0.5510448992130246,-0.6542353047270518,0
-0.20673610586846902,-2.194969927568333,-3.247759907789748,-1.6446004733424016,0.4909081166127627,-1.482034828255416,-1.265959823800332,-1.4148194574759854,-2.1459073712679215,-1.16206270590218,0
-1.6953302952845901,0.24010614908296146,-0.7879092807608683,-1.2279476340250932,0.7223973725935121,0.9990087615988636,-0.5037721465760562,-0.4701660795618385,2.4225410285952464,-2.9674914689734373,0
-1.264542715064696,2.0715642041242766,1.0228639158539714,2.552397337391284,-2.8522495946330406,-1.067265365161604,0.7910230386937182,0.5533517108422115,0.34675532880666027,0.001296101149072193,1
0.36665154856591764,0.026590405132789208,0.3132133748858432,1.3712423047119864,-4.261528286245541,-2.5424872171254327,-0.17938480631704773,0.3538500015883804,-2.260756946690032,-0.9097301313997515,0
-2.6932944624355413,-1.0216418371526252,0.046366514713035434,1.9926970682734435,2.4840848058888914,0.9590257287092656,-0.664853987102495,-0.31334090934713393,-0.7818436367759674,1.3200368229113824,1
-3.9899646308087653,-0.9087648225606604,-0.472913301188955,1.044467872433862,3.029860064112026,2.237278911705769,-0.4324795732463792,-0.3271161562906168,0.3346462719696688,-0.9750608661599713,0
-0.8432780507001281,2.3550166008485074,-2.287002261213229,-0.040973662958576185,2.1732828748575104,0.1544618213740524,1.0837633102609736,0.5594911292088945,2.0649769323306977,2.256007818330603,1
-0.08125161746608933,0.06977269511209383,-0.5991616353913356,0.055623940818098294,0.828207144295628,0.3927923176400302,0.49863932551669454,-1.1758802046045926,-0.7585356675089965,0.9930550719571862,1
0.6615380102500548,-2.3044803758493977,-0.02899061204362785,-0.2675844149925826,-0.7675221512703393,-4.082744815819222,-1.2412116559419497,0.7067096017860371,2.3075675363871633,-1.011545855898452,0
0.7780928333744404,-0.014518552093676806,-0.7157765750748728,-1.5614980587364884,-1.5417249883850626,-0.9406889142568309,-0.020884149624899602,-0.3773461830799317,0.7555714830348088,-2.240091997869845,0
1.8311527601856767,-1.006171194873143,0.2659523795054164,-1.6730727416830249,3.781264240832909,0.1718602889156302,-0.6265133315848681,-0.05252510169935318,3.0366085673447567,2.1244520686545814,1
0.13959075335522697,3.2118023429149196,-2.8698248196908533,-4.037981266615855,2.711268110821548,2.925115195800636,-0.2516405146847802,0.4230962439934246,4.425918803574632,-1.5379721362194747,1
2.5884468228677036,2.0759125745111975,-1.3395181293446012,-1.8177452920017054,-5.6886016707112335,-0.07979241980263252,1.4405742979076168,0.42586457763889896,-4.390832401854096,-2.41564905244163,0
0.843138771709176,-1.7191367785370373,0.7230047884385893,-0.22773623254827913,-2.395746382351915,-0.6596392804945842,-0.7574086559794119,-0.1307003267325405,-2.745433184426489,-1.839071455939178,0
0.39856857521951516,2.3294517098454524,-1.6289448054892226,-1.382466144406072,-3.7774870011238804,1.7315994613715646,-0.38275611156756123,-0.24354225037065066,-3.7291077179895167,-2.7572260736762377,0
-1.3773335399197535,0.49976704176426257,-0.5564152773757136,1.765654692143201,-0.11125743434621638,-1.7882550128935906,0.6487882058302696,1.1477162469478168,0.8846960319728178,1.144632732199246,1
1.5703052052038249,0.9228896948634233,-1.5815410976694757,-3.029221834853103,-0.7122557150243823,-0.11068814887569367,0.5321285715752346,1.3365551717522342,1.6718065289570956,-2.1315817160159325,0
1.3520868488691595,2.7675707045538918,-2.1662053829204093,-3.313767639356854,-1.0262742980589747,-0.7486589339723508,-0.7758714994462428,0.22857208632752485,4.547186033818388,-2.4450295304698493,0
4.0867411991727565,-1.3758983956075141,-2.225909763561114,-5.1120591005100735,-0.03173766375817588,0.6365871618965318,0.5952383640551641,-0.9281862007635379,-2.1737072870523813,-1.6512011191845561,0
0.05162178386073779,1.9279296500164866,-0.4581710452028932,-0.2350909546643875,-0.2819468977779431,1.0579308878664753,-0.19140461628401628,0.7538996372736357,0.1802376352145293,0.2652890913294683,1
-1.1268333645665134,-0.4802360993346896,-0.8955033293930363,-0.6584133368617255,0.3405428274318191,-0.2037856192903279,-1.00297265696322,0.0816370377195467,1.1183286635819951,-1.82725635720423,0
-1.909022139698203,-2.1223777191081963,-3.99693129350037,-2.288545783884786,3.0753216061972584,0.08018852980407365,0.6516022549488549,0.7332036722403648,-0.12890365546536176,-1.8732821040432435,0
0.29362743235973876,2.5376428477835598,-2.75425822785759,-1.9734651690588152,2.1375659634639668,0.7996798389169805,-0.4728173955540838,-0.6269406355510714,2.6036497341929943,1.0496186262896396,1
0.3271294470704498,3.1116243558906693,-2.3537630531528038,-2.289325717452333,1.5367572907523965,1.5426836371236712,1.3033609029296576,0.3348002911394412,2.8358040733344048,0.12194115684061346,1
0.32733809317169227,0.6583828222092469,-0.15622013990554673,-2.275642315504909,1.4935681878758575,2.6517324366727983,1.4932415594721045,0.5004271790888933,1.5345390762503492,-1.5552390022129425,1
-0.26841405688076614,0.7861114624254043,-0.6640551779032766,-0.45041987817646,1.1455430596619247,1.08776234787284,1.4861636449651576,0.030851948510462992,0.4013952966710643,0.44333885926256844,1
-0.0640246679555172,-1.0734296629831537,-2.755514085471181,-0.5031383591599876,1.4407808318587694,-1.9750320122361393,-0.2915200537064307,1.7524287883872727,-0.5478748544741201,1.3725567451642289,1
-2.476530995596538,-1.8008824510436003,0.7752560849574177,3.0318582047276488,0.3960556204633368,0.4933782459922965,1.2239202016169175,-0.43706648669361503,-3.868826249913077,1.0868149136235536,1
1.2771785653066092,-1.023337269293041,-0.48406936230046993,-1.2548077648808267,2.3896187073340434,-1.0032742347457373,0.5090683899290029,-1.130804204552444,2.2855508106874716,1.374901048779741,1
0.0677342526078406,2.673855004027163,0.8605660079834521,0.35620774841999625,-2.5315653407500793,-0.07517525320727958,0.7927396893275777,-0.17660951016305085,1.9364414066051454,-1.1698225888792957,0
-1.3349869727565733,0.4570325700122053,-2.4329232177934594,-1.0867791626637362,0.43538363674180247,0.21128096963518628,-0.28112522906845117,0.15079889063409982,0.27196534571410824,-1.554582137489164,0
1.7679957889828437,-1.0547262992315383,-1.2531552245928106,-1.9296341058437676,1.1007405538574546,-0.9118905926256322,-0.1623341860262142,0.7934432954943101,0.31639912083144217,0.48120004987630827,1
-1.9632965699125733,-1.0934603415798532,0.4386983088788652,2.0262648850589366,0.6354916127543948,0.7845539220332862,2.807650783278881,-0.14353843726200877,-2.5679264927949768,0.7154794929589248,1
-0.15481098985919606,0.43809325722736336,-2.163115491323125,-2.1377696022968706,1.4735078721169854,1.6297901554410257,1.1201894604068467,0.06289991740664033,-0.12319562298228748,-0.9395325197854998,1
-0.7342163950249276,2.252400126467861,0.37446865706092103,0.6885409208401486,1.2244310440798725,1.2672004845583464,1.1358675163955245,2.1221094572335484,2.268455328863642,1.379145340964368,1
-1.7922501255008292,-1.8717473737900545,-0.9254289201863102,0.2711134964642552,1.689371918118304,-0.1286843133597747,-1.0021383780898518,0.15478120400977172,-0.4755010985223276,-0.503486549976057,0
0.3039987226656111,1.9388381794312295,-1.6017912502549745,-0.8542841142521613,0.35675033927850786,0.662706740366954,0.08891135796489937,-0.040139005986954676,0.31377387220351727,0.717482986100459,1
1.683024696966949,0.2563848399988058,1.1848247258274651,-0.8668321026276283,1.126241393557329,0.9825103837492215,1.5483177053834132,-0.9624303723154463,1.2502344498665952,1.078463340927535,1
1.0546174191670352,-1.3365037354875682,-0.40521801426507453,-1.338045061454256,1.4757739790182856,-0.28531430174512784,0.7900325675403224,-0.8447591476159557,0.5183574520498742,0.269452466862103,1
1.4281027915332971,2.0718135881978537,-2.61164236742314,-1.6371748582867958,-0.25384926800920815,-1.617959474009297,0.5128195636582255,-0.6798479346534511,1.8405538482474526,0.8721286416975107,0
-2.025101606459823,0.7637392683077608,-0.41583013988885376,0.3588198017239638,2.9541624824858754,1.758172839056673,-0.7008996212080673,-1.978940173796826,2.0512422414632843,0.6728686829762999,1
-1.00826068536997,-0.4845595324447103,-1.9269958566739982,0.864264534173308,1.7725812392992153,-2.9608508558486726,0.22727741267959795,0.6010135264946271,2.0581266331976957,2.053794131936873,1
-2.7106568544470377,-3.3787566812400467,-2.678844737018217,-2.900267779226068,6.068451989767726,3.0194341577786137,0.48950260404066837,0.5779517823440512,0.6530174201681611,-2.4155564271844083,0
-1.1680064130689158,1.9495288459948021,-1.6149038505192412,0.2566257726596639,3.136115918122285,0.3565449425623607,0.1663048282521741,0.7692917607160128,3.0551464885146387,2.540886002402966,0
-0.8420476096279296,1.3387077495655724,-2.0071937848734347,-1.5356874298999497,2.809530391264903,1.6611731779907641,-1.0088312824506263,1.1711297755098944,2.174219938886761,0.17040845825912387,1
-0.5616793259736959,-0.2440153392606903,-2.842113720806799,0.34809368752835246,-0.973868882688735,-3.486322393526113,-1.0975146701051686,-2.0600194166787373,-0.384359965517856,0.3734252316490574,1
-0.08066301296230682,1.3933802228457814,-1.4773463356597492,-1.094784877337203,1.5483617441093447,1.040125590008265,0.011996068938586246,-0.3096887692908779,1.2110604096682422,0.5627096449939019,1
-1.5778376782510013,-3.209015364732166,-1.5370402656264006,0.4306155155437744,2.079510562659311,-2.623564024254965,-2.1436862289285394,0.32040352060970073,0.4695524490516334,0.12676101261014838,0
-1.104750510682965,-0.795476944845388,0.7835393800647203,-0.25174007905815937,1.8018266097401179,2.3655409007221677,-0.3317733937447442,0.6020525232101246,0.038788422418009505,-0.8819763239637537,1
-1.8267063763539317,-0.5326253646999233,-2.988084787513017,-2.3964459168910217,2.326901695086969,2.2706373786679594,0.9648998690273849,-0.25987176442276755,-0.4116114549435457,-2.517984245701788,0
-1.008941599023835,-0.644716567767845,-1.8469798149801817,0.6071779381805009,-0.029632664714147827,-1.4892705329726867,-0.1990116627445822,-0.17008360433451275,-1.42503257432285,0.43479133082360344,1
2.212295774971102,-3.0635755050453835,-4.320315103767157,-3.7234563352107304,2.4259645084273056,-2.855915182412862,1.0689434369867896,-0.8433718745595036,-0.371533199506334,0.40441046967336414,1
1.9047895476884953,-0.7744950269834983,-1.8535000009590086,-2.81324990573241,-0.9210905610905842,-0.7998635319354703,-0.8326044119902345,-0.29011536499940843,-0.8540572808143472,-1.7617967865586364,0
1.3309387785200917,4.393739284422608,-1.5568067578318954,-2.43313881012617,0.1884398851651714,1.6026269436926934,-1.193495586089152,0.9943133817081246,3.5002106733880556,0.00589661774780581,1
-1.3891860561740574,-2.5982431006179176,0.5765829439448871,2.5061972711831784,-0.7426409624539033,-3.300908465495083,-0.7691649970287228,-1.2160665189264068,-0.7552893871349757,0.38282561564455486,0
-0.9704979676603751,2.094192660574773,-2.1332596115136644,0.7857569976575633,1.0445113397710326,-0.32935317790185037,1.4865441403370998,1.1500852617375261,0.38660183136346415,2.379199452815536,1
-0.9989370255166641,0.15735457344618897,-2.2737441723960012,-0.4482779305751933,-1.640352880820267,0.39599223615997503,2.384644978371872,-0.6199236618145806,-3.550662262850823,-1.74816881360577,0
2.4902066009466637,-3.354062368070754,-2.8459693989049493,-3.9359318784392188,5.472765901104047,-0.41776943816740464,-0.6086728021524077,-0.1346085694900931,0.6664713956760566,1.962768490535969,1
-0.24746159367435838,3.2993465448181936,-2.1990867603345596,-1.3789941105034493,2.01594002779575,1.193980362998926,-0.3165210140036845,-0.40616226348356327,3.3521367846235464,1.0611249465030346,1
-0.5414559237041352,1.4626007487748893,-2.204218606107318,-1.9290457521635516,4.0591023255226055,1.4527086911837008,-1.7007569365345856,1.5976993259609156,3.7869416626455963,0.9599511149066835,1
1.9279441483339121,-1.7897891115372992,0.5046310942006218,-2.094530178943696,1.5357220041211117,-0.05000223251368674,0.24895673863819942,0.869959269366351,1.4142252060454497,-0.35208499091266177,1
1.162537146443336,1.5916248604993268,-0.3783489315064096,-1.4419316795188761,-1.9442155343006657,-0.16746309863059405,-0.18602566320621514,-1.5969560756991719,1.1085643929105022,-1.6437298562890263,0
-1.2991882298776465,-0.8281959340094827,0.0005016690125225765,2.4647992106674406,-1.8897559974993705,-2.7438927800040434,-1.1690236892193677,-0.7765164241798586,-1.3642181836194567,0.3612840239146078,0
0.18301254334932304,-1.3010970331766267,-3.3365353360025454,-0.9172683377117656,-0.2669156586332513,-3.3422860690432725,1.5968082795036493,-0.7412274174241421,-0.7548520682086659,-0.04113921534237752,1
-0.6629999922484018,0.46132675574883275,1.0306810715313146,1.2280010121887908,0.8152406113488001,0.395347743624602,-0.09242057982758684,-0.5605590566866114,0.9816821447087001,1.1819559368029946,1
-0.6329968051986594,0.17096741610662836,-0.5171484028427082,-1.233862459079029,2.1427709032422833,2.0817991582254467,0.8053019807240389,1.2806555608822612,1.0793247846274943,-0.6364172662294871,1
-1.8944335718598184,2.248153508920746,-0.6447112411129337,2.014050285738912,1.7313720911155788,0.21587218090275362,0.21285831522610402,0.7324135476142503,1.7000558618848811,2.8161119267661583,0
2.1881181486630368,2.3555567442561856,-2.635651592879413,-3.7485317211515317,-0.42378340783943536,-0.21351953373875054,-1.0375918714896566,-0.31048356431258967,2.7275206740527054,-1.3572081500566209,0
-2.3473713001466545,-2.704384233957211,-1.9544018643280956,-0.4669829909380847,3.4774490130639175,0.16216804879291602,0.7989076727917958,-1.289145010178219,-0.05370337769842304,-0.6100251764446935,0
2.078994649132442,2.6250525853469857,-2.241621215090866,-1.492853333307946,-7.110096878465614,-0.3248666642124257,0.3434546420280766,-2.349879797432981,-6.0175180410773725,-2.970127083382361,0
1.4955240984122948,0.23754021391234736,-0.14604738716538002,-1.5012477617703621,-0.9983924368777809,0.24369365457931402,-0.04883939112607021,1.037806941527105,-0.32547443905656803,-0.9853470240037939,0
-0.5165357083589437,1.9733082130563697,0.6916519601389193,1.9283515058801661,0.6515926931788867,0.03777038816752332,-0.31607974940378175,0.0879615586179422,1.309116063409886,2.812814698258692,1
-1.6508678498698126,-1.0337333890879972,-2.108651498204987,0.9188587546476363,-0.049416565847574034,-1.7548692750191233,-0.17416766528098634,0.2742837157058423,-1.7300245456855272,0.1305844035515481,1
-0.9489522119646369,-2.2317977229174764,-0.6377217024195456,-1.090300037794776,4.032044274697119,1.4659264342186962,-2.0006878797535244,-0.17028712574180055,0.591091751986984,0.07143075894412632,1
-2.3444957129957835,-2.5050571678929003,-3.7782290421018634,-3.0057421791594043,4.266634868565401,0.88163619932629,-0.25277165965789977,-0.339605503191841,1.399075055882919,-2.818805167537355,0
0.5763534303980179,-2.106953872024442,-2.9128784704023967,-1.5260853652601638,1.3805213963701497,-2.8170331382504536,1.3303164260362166,0.27906250868529264,0.18899637522021873,0.34555916210319837,1
-0.3111708922987,0.47491329185209485,-0.6266444549376936,0.618131232486989,-1.2799532227849193,-0.660015183961927,1.130831823162261,-1.4843264358857589,-1.2784201565783202,0.03912929587803082,1
-0.13468532308402725,-0.1659778976027111,-0.4672075715587207,0.5348497262425213,-3.1527421020004702,-2.5702343192716173,0.6641932702735924,-0.2691693304958912,-0.6219644204139193,-1.6474860777834213,0
-0.755551730788928,2.84945809221544,-0.27805295738893254,1.703061315057694,-0.5993674056432073,0.18990472805153347,0.9658316468581304,0.5978796872965533,0.1893565303530763,2.0155988431653675,1
1.1546717750749387,0.35859663282013043,-0.43908205617290974,-0.6999040351174969,-0.5544620470249786,0.08006207058594428,1.4686470145390538,-0.23686286681924823,-1.0322041567458564,0.3325328147773424,1
-1.255249727286395,-1.2606051810045722,-1.7621334241412354,0.48611819146512736,-0.8595679005012181,-1.074723056457823,0.9152873254932813,-0.6092234802635622,-2.926902379521214,-0.7972944881440741,0
0.38442269072565804,0.2962038484983671,-2.965576519349859,-0.330264582449074,-1.4618372191151499,-2.154115618366109,0.6934575067844043,1.5950362643755869,-2.324707248229042,0.5060282238118472,1
-0.03790790659669818,1.9236758243337537,-1.325988964032661,-0.04659153370358882,1.5953819507142641,0.10492584611441746,0.9403995689461305,0.033703812257508486,1.6693181113563273,2.207870658886323,1
-4.045157473300579,0.30063465760672425,-2.087066847989024,-0.3280856977898472,2.9951287883054523,3.489569655077159,-0.5323181414623667,-0.8858716143905012,-0.1791123882485932,-1.8879617603517385,0
-0.020262382543072777,1.7335174835581784,-1.1657289753813553,-0.7917712303349214,0.12576275146349003,1.1806473726455484,-1.1335708210474553,1.4142206726903268,0.045817760561824405,-0.011525165844537,1
-1.5294386298562304,-1.8035233377973239,-2.0758651481376136,-0.2514159789378838,0.6972256584642981,-0.8656991493276195,0.06351555772689924,-0.5161448693582567,-1.3943343251979725,-1.0841913662192006,0
-1.3994137648141876,-0.029714370377996735,0.32754643027508434,0.9726754482196026,-0.8533095981786196,0.9579692456521989,-0.3061851362477693,-1.2480759525898173,-1.7802225194115815,-0.9881917532696761,0
2.0778138294140724,1.1020319537332304,-0.8858796081144122,-2.3358374994798776,-0.9816184947929992,0.3653585843122604,-0.7124285899365972,0.2693172378464116,0.18523277228655788,-0.9077233666839847,0
0.09452102671861717,0.04904306090206467,-1.0210442902872199,-0.6361264134554274,-1.580685072770919,-0.41861881296018055,-0.4970646066281865,-1.0952374259119726,-1.3354430358888236,-1.4456872430965748,0
-0.6945483823854937,2.669404648182077,-1.1097083612122136,-0.89983230454018,0.9477552072834746,1.976343597029562,0.24146979713515487,-0.764971209212442,1.8556299547623856,-0.21870242281694297,1
0.7191265504121742,-0.3877483353093867,-2.504730540686736,-0.9032499008765852,1.5673007030691914,-1.3460206826692687,0.24155798328814093,1.3298683420109085,-0.3625606160775572,1.9026181790625003,1
0.23164104452037848,0.05350453896283158,-1.582497672560108,-2.7739655055565273,2.0649171265981745,2.166649930763822,-0.7430841721862712,0.04402273274568029,0.7112200748743747,-1.374641457206903,1
-1.2082631454418409,-1.7139981669704119,-3.1808714184155105,-1.1728013361543264,1.699770074544101,-2.6012725855154226,-1.59105400062393,-1.0916400478022321,1.7553376925908841,-0.9117355999791646,0
-1.0078548769118387,-2.124098545406061,-2.0647749560344613,-1.7994394967837521,2.878057246610326,0.18148007438660563,-1.4792152544449093,-0.4028738354023735,0.7028622221360514,-1.2225911631283546,0
-1.6480944101184105,-3.010158241805034,-0.3642286716769799,1.470853937051341,0.23727639625613678,-3.6544481628830026,-0.9438467555786535,-1.7547696296211803,0.792174909400974,-0.4314736281864149,0
-0.41474555411477754,-2.438944160371467,-0.3245915984850829,1.4874804648776496,-1.8435419588824402,-3.562816991005283,-0.5772215089269807,0.46025588931773165,-1.9578188199424875,-0.21417840474793048,0
-3.9888185212637497,-0.8640004605498246,-2.747510015044754,3.0659147553250934,2.7037592795604604,-2.8221265418092996,-1.6095380769790235,-1.0544090477459183,0.5321028643089989,2.7628625845842727,1
0.6382055220292385,0.04683092682268131,0.17597419376670764,0.9547799126083201,-3.8355209029398445,-2.2984770833856363,-0.8574763465429882,0.6799398728347459,-2.0365562645658244,-0.7932416135641887,0
0.6573878955917059,0.8597682879558155,-1.2530869974036787,-2.233857732109303,-1.2760665826549837,-0.8559028851046938,-1.064517973083039,-0.18115087673127475,2.4583791737577982,-2.758141940754622,0
1.9169823447673862,-2.766019846057911,-1.131357316673645,-2.8887101369318984,3.408114686222348,0.2512841165023998,1.093894597620588,-0.5221498621133875,0.15400259134022698,0.5499495031091723,1
-0.4831523308570802,1.6739014220678885,-0.33911262200953274,1.356194708955583,-2.0025179310334367,-0.34522902849022696,-0.5870609184042378,0.5027991968111057,-1.537310938072673,0.5558419156024602,1
0.5770353977537557,-0.7775666345153075,-0.1974458431926901,1.3048259880919038,-3.0929713953798363,-2.481791164684722,0.6066594577131273,-0.9859199657503048,-3.307346481075341,0.2512066025893762,0
-0.10321664350213933,0.3294375607888267,-0.9373507160307526,-1.1040458429096678,-1.1501393102531337,1.658441505028359,0.8607424252369403,-0.05967482488355891,-2.573253501392216,-1.888419272012047,0
-0.8086305907908712,-1.9900934543014168,-0.8476558525948167,0.577827859545793,-0.4574396034084453,-2.8092914219896974,-0.6458880544340128,-0.46357284617112404,-0.04064658717988934,-0.6677941289234053,0
-0.023159901660231186,-0.3163003150868271,-0.25807264400768126,1.5195510304226019,-3.4576104705908897,-2.6601243782399795,-0.17076626915436685,-0.3113031075103353,-2.5212578896626168,-0.34171778108998063,1
1.4561895331709638,-1.6134810922181597,-0.830572871970608,-1.827905484584209,2.6279533826085992,-0.36241948158517634,-0.8574579097060389,-0.8424737935365935,1.0096219554439452,1.0387692305045098,1
0.33473141617411484,2.1825160037225024,-1.332821222673032,-1.763657458473911,2.4966275753546046,1.380631264054291,0.2979615561644564,-1.564183402338887,3.4690470417430403,0.8401881644764821,1
1.22406410686021,-1.4201005387638963,-0.4182402281042712,-1.3700521164103598,2.5076030018445308,-0.7701468478422409,0.7158824596360679,0.8157743533853581,1.90804174196499,1.118904207702835,1
-0.8615301138505119,-1.0868377598867915,0.6302038780257933,1.845048516713417,-1.382634403554685,-3.2383639204067474,-0.8720687744674757,-0.7005468158325016,1.1332365639731252,-0.1616425270172256,0
2.635007679380088,-3.2722909345624016,-0.8935598872230447,-3.598625857870465,4.221925143509854,-0.5324556993091362,0.9008423549798501,0.47522958150662986,2.234627546967593,0.6202303377961048,1
-0.590531782088032,1.6890396187763335,1.672069141105304,2.574740672609245,-3.871796081216431,-1.660633537056818,0.1624439052040752,-0.13198089873068228,0.05952103891808114,-0.35623630622519853,0
-2.54279976950278,-1.5757403902576637,1.1705565564912694,2.2554774568618816,0.07048969109897996,0.029741219962288623,1.015420414977007,1.7174444277975778,-1.0273376166531123,-0.6940488881906519,0
2.945584652051519,-0.4189554961036057,-3.304894778325641,-4.971653963756106,1.0096342151327853,0.04042109488142209,0.018093481560502625,1.2432291429623945,0.274813847358527,-1.3885475764037112,0
0.2925907705928217,0.9977325878727539,0.956141562272975,1.1922588312317282,-3.6731599743721803,-1.6974437593347875,0.8204381441635414,-0.5686423109401264,-0.3405031564140393,-0.9585422743486753,0
-1.9923949594663677,-0.7740208250633871,1.431128849213,2.8736566371921097,-1.2778051683386393,-2.1398114843503353,-0.8551181568667101,2.0670696873861147,0.7680597262792652,-0.22301428843920612,0
0.04199389541359444,0.2716616387705668,-0.8284403429061826,0.2476817093571183,-0.4250517952181069,-0.8207691541362687,-0.43219390349530523,0.067305304659352,-0.6205819751554136,0.5915077214474729,1
-3.8413669493795055,-1.000667570577352,-0.5391388469592003,1.773920336065015,2.223217336540744,1.4860444607520766,1.2252432077834436,0.8012615460358158,-0.951768583363429,-0.2820526567756729,0
-2.483887787271744,-1.123690907732116,0.27810409484322074,3.0335613536161077,2.5877364955894127,-0.2738835068630683,-1.3855642638993695,-1.667827514417087,-0.6776742750450537,3.003741008338376,1
1.4894004332260649,1.1560044373969947,-2.203417937212504,-2.686051312148122,-1.5887006441970242,-2.0172291668295164,-1.0629703969781317,0.7842881257277071,2.5901750154869188,-2.12525725950304,0
-2.2576588617457873,-0.2283546489973186,-1.073314152094524,2.2371696475416734,0.08294744992276748,-3.04229584502072,1.448754116136872,-0.049923946869495056,1.4507421942932346,0.912751521739389,1
0.17012537091288005,1.6482750677328095,-1.4033788971399523,-0.13987091171706945,1.4291332257201252,-0.10739382561280841,-0.2250322689615891,0.31816394347302285,1.2852768672123245,2.1780645805437926,1
0.009345195448030363,-1.3299741391156261,-0.8943236869045161,0.18476425113532557,-1.2406266998465934,-1.9966053596449667,-0.520215025894754,1.098382329397317,-1.5234218550780145,-0.5452253846218034,0
-2.2622342591440914,0.6663174131603176,-1.6127936606114908,3.585193542367429,1.8880184805668665,-1.9698657435689708,-0.9558141825915508,-1.791861740272715,-0.7695755331405381,4.940495465385956,1
-0.359010429522709,1.204689326712056,-0.7774888334295144,-1.3234155737909525,2.0338584977739895,1.9280100311260473,-0.8103412863092737,0.774353695020212,1.9331938445847503,-0.1600238319631495,1
1.0865826487699433,-1.6266223137719396,-3.660964881784071,-2.018546457117895,-0.47725848826202544,-2.368554218806394,0.3161049936893784,-1.227162998703048,-2.506797319711997,-0.5185752300784956,1
-3.157414335841568,2.6671877103399066,2.6128490359324825,4.71168960263109,-5.506691500283189,-2.8235903973305136,-1.1811503911016823,-0.13076366860308403,2.4654964197130873,-1.9880173169631756,0
0.8432915231291176,-2.743101122600704,-0.9402364557205958,0.6066138612907082,-2.1612856340756084,-4.531363978875955,-0.10001425638690646,0.21620140852798844,-2.092421221015205,-0.004247948331422391,0
3.2747558846036267,-3.065879209133004,-1.1508035582066451,-4.055039949594045,4.475165629450567,-0.7734788455854614,0.8850433969165468,0.8521340231464815,2.7134509093639143,1.078800751467579,1
3.303429771865204,-0.9645468344541913,3.4337316370803865,-2.4275855662699906,2.4134456500627683,1.714382162501475,1.0378909147677426,0.43682471719238786,4.222682301195846,0.15061731503546505,1
0.12163988587919583,3.763341657747824,-2.442444247298538,-2.0340628492954775,1.1274315375362358,1.544914959733783,-0.9369858735084841,0.4876073675611219,2.9418134958098534,0.14414591274140443,1
-2.296249233656862,2.242551523350423,-2.885702853078647,2.847962602750574,-3.3524943845126614,-2.899295719290681,-2.3651432935054135,1.2389022312783422,-2.7094914788310107,0.9270204640868176,1
1.1047423620276478,1.5937895992390256,-1.8532789378560381,-3.0873748408335224,-1.059429838463369,-0.6022489748722037,0.42745540469694027,-0.05326255999368678,3.2059278999231067,-2.834409265478709,0
3.756258755406189,-3.1845597541687636,-3.3777652790013453,-4.866193637259385,2.538750884039925,-3.041571651275396,0.23201646640365564,0.22939194074997077,1.5709841256602262,0.07948611300242236,1
0.08487963393644038,-0.1781924131516206,-0.9672446893247368,-2.61127501603875,2.0912801074734664,2.495912278142934,0.03163401617891492,-0.16405332308881104,0.823824863097484,-1.6645842402690527,1
-0.2516804116000255,0.9035038656313092,-2.265568215564331,-1.8734332017149526,2.395557267160431,1.2717444030128817,1.5808149062932333,-0.5713621759117792,1.3160972353623102,0.12801938140059677,1
-1.443651792069661,1.396193412319203,-0.7820234353329452,1.9161893547419666,-0.08091722046170374,-0.015125185857131296,0.6908223146873695,1.8843460834966528,-1.2428143702723982,1.8255683830393266,1
-1.7010219971820777,-2.621401816717375,0.36761713192441725,1.6239708955092882,0.09704770439488372,0.8129461139020584,-0.7693141008546045,0.8794915112857101,-4.744493297844355,-0.22210098945589873,1
0.8505261009245545,0.3472224363054883,-2.1435947774695956,-1.8637013069534742,-0.932535263400116,-1.816647272072088,-0.01254894461614478,0.010051572234199141,1.2337445207383633,-1.3589884072206937,0
0.5495563582537779,1.6730105303871066,-0.8960275501134621,-0.7305691314252086,-1.3395551675918576,-1.5473152685982572,-0.47542568912416716,-2.37322973285064,2.500150017868607,-0.7118975304502759,0
0.8616192495492129,2.5457960308155148,-2.1295247926798972,-1.2546539713908165,-0.3516344443179438,-1.4345371579551012,0.2519636041280662,0.7154140412440437,2.864793240736572,0.49850414016251965,0
0.002746048958590208,-2.2117115542464076,1.2622499924096164,2.185694648985719,-2.4781231161005444,-2.7149115683569427,0.030686352880934832,0.692732375463719,-2.7244908241570713,0.15891775099906935,0
0.3546066196153339,-1.8806097104081527,-2.37821499514604,-1.035886590132469,-0.06917323332993819,-2.2793855999370516,-0.8830345872273673,0.15737944435706144,-1.3849101402629844,-0.4294054471414146,0
0.6551301386096468,0.17782308577721517,-0.04284030200034239,-0.5510531588512253,-3.4459465789983783,-1.749155944262403,-0.2830155277044124,0.30028689158750516,-0.02646111671692486,-2.6371758404598564,0
3.3823236837644894,0.6049309725388878,-0.9665059390943327,-2.7158429716556016,-1.2031617995829,-0.04731354028455259,0.7230958871534814,-1.0770127008487727,-1.0543802182711182,-0.07669844616754218,0
-0.21330495267714067,2.2633160523534173,-0.27813531535430536,0.8221962763836937,-2.5951203128832017,-1.7925230762770201,0.9676113661221987,0.048155554219508956,1.6490122232525353,-0.4419584938553688,0
2.054064327486848,-3.421232606208692,-3.1444546250981675,-3.4831335510701322,4.0654814392736425,-1.8125591802969974,-0.7238175276494426,0.45058298146422965,0.7072708586773452,1.10547063613973,1
-2.018641648228944,0.47329524190283156,-0.17111270550584368,2.6194947861232647,1.3850883841124602,-0.08028702308507762,1.1911433727480356,0.9854018169069398,-0.5755092236697155,2.6914266659524437,1
0.35442175251402763,-1.674392135268931,-1.7620551793504666,-0.916033067566999,-1.716955369622586,-1.0695969651300024,-1.4101379750174814,0.6169688394565827,-3.6670682537412755,-1.6202465536381092,0
-0.9888670434383561,1.2087246735638644,-2.0751869591772847,-1.5341732995304804,-0.5308284828973717,1.2931012394981258,-0.6875224224957607,0.30094660485915925,-0.3342736395950944,-2.450490712725737,0
2.738177599917007,-0.3458804913874225,-1.0946919407843145,-2.015710612375648,-2.0648040120282096,-1.3931862218056072,0.7672254636495847,0.09530903317565519,-1.6390350125192432,-0.6912845499357838,0
-1.9920367231517124,-0.6123185070337944,0.451240449054332,1.860282744170557,0.21873111932528413,-0.48954759129575454,-0.17654970898298233,-1.1395406977396898,-0.007220568648900527,0.06342990341121735,0
0.7334503819575477,-0.5379266408206316,1.829682263977733,-0.23632334585954773,2.3137926728982197,0.8127249079966605,-0.8750274215974253,0.02734299427089362,2.641146180029825,1.1395852995284281,1
-1.485434280215423,2.269223766397473,0.05951788011424464,2.0213771164261445,-2.429862428207372,-2.150123099854932,0.007031797849549579,-0.9064961190764659,2.3016262786133224,-0.32144694118713435,0
1.7029776007814599,-0.5021002553117904,-0.5923569386962422,-1.4149171669517093,2.254969965398147,-0.7295715073388169,-1.0649940973212704,0.2854942032863437,1.995432278002147,1.7737758420780694,1
3.460436690546916,1.0900188864103781,-1.9640519192050923,-2.711640763976625,-5.21347853514917,-2.2915281697223677,1.286284436366781,-1.397092726394032,-2.2847462139706867,-2.420470234951994,0
-0.9182168327574268,2.5030123766662795,0.16455262810559979,1.4970485813459902,-0.13672273798812834,0.7186611788544599,0.2400498284919416,-0.6762615106134099,0.6412512120796737,1.5430088676758875,1
1.6040669416600997,2.5784270107955876,-2.2083419041241514,-2.9688179862357007,-0.2414514487711057,-0.267874920795365,-0.8109332246388214,1.5007363826579414,3.2631138580259247,-0.9716218664723246,0
-1.067790454770795,-1.1470245485970836,-0.4709920179176925,1.908652609706996,-0.9471023092422148,-2.9500577661574052,0.7665080008396467,-2.1090591030208796,-0.6604533634188358,0.6607543181047479,0
-1.2056451857632422,1.7311113434758199,-0.9535323163171244,0.8459326567507646,0.19848788813842666,0.7815859344035831,-0.668367624731245,-0.29359595441326725,-0.43480440164604084,0.910877367101199,1
-1.9357040295862566,0.7240032206930804,-2.12102455078018,-0.295230609621713,4.7715446086651205,0.8858643753107042,-1.2082577416210247,1.269953488955102,3.2524554109595463,1.98040327299797,1
0.33722701680914724,-0.23398329640770532,-0.8378793408422244,1.0141183607145714,-2.2186565584140125,-3.388704906588228,-0.5681449052554144,0.18909955676685122,-0.6649466656542096,0.5029338339862897,0
-2.571698623549425,3.0020548426975195,-0.30242237785241133,2.8519422097476235,1.0090676999254955,0.4475492554957974,-0.8561901045921188,0.15683216653618998,1.5334484750938069,2.707958292392522,1
-0.7108016974001063,-0.3836991943191207,-1.6355270683878866,-0.5836186780612059,-0.9044974135537511,0.636292080218813,-0.05298153989670182,-1.1130900276298048,-3.01944770861636,-1.5180008989170803,0
0.9513435132271749,0.4003091410417816,-0.710828225402595,-0.5881284674055454,-2.5630077169163314,-1.9679594724011373,-1.1150770384098139,0.7532150359989478,-0.007356803375374588,-1.260000882189727,0
1.500597299318187,-0.7869554195877686,-1.5304259885012454,-0.6860653429506325,-1.322781612309794,-1.8373388676697586,-0.09054123974837629,0.5195098881083026,-2.4486773254981054,0.4561340971743748,0
-1.2596299687010988,1.7033880281744755,-2.986958628980956,-0.9030404593403838,2.8394945897167165,0.7817041360605155,-0.20995507673205693,0.652535696352195,1.7892621780710136,1.20290705111762,1
-1.3438098560072544,0.005994700948691589,-0.22103127436087078,-0.19662050756106125,0.9656361436559427,2.1749174013023955,0.6908415698573351,0.7650271951545173,-0.8413248498658177,-0.9722878591126838,1
1.5975929998404088,-1.9311388568321934,-0.9573949226902788,-2.0933949383313935,-1.4179776363093677,-0.9139964573799555,-0.8354803936420617,0.22175774643338916,-2.050729217497346,-2.16036976598158,0
1.271328161858116,0.48050544248499594,-0.14524360635203093,-2.801368631334369,-0.6382055563672299,1.0201238144072549,0.5166118585767997,0.5928475982599956,1.7335591494886688,-2.9218992476432506,0
0.8149024436723604,-1.1719744941093466,-2.5884038727858965,-1.129749984973818,0.016261856335327174,-3.7302240987781454,1.8150636689731425,0.03712491795803734,1.0903048351901659,0.18247268924685456,1
1.9038454771077955,1.6685576413926344,-2.9826959090184317,-3.582894794379807,-0.8362036550281888,-0.8605459850240234,0.06953332989622589,-0.08555983423369973,1.9673926931098629,-1.7626626440167472,0
2.5233400961858794,1.0738564469421608,-3.0107420818441826,-3.455676913941106,1.4112770159532273,-0.2065558485898077,-0.8027776748685957,0.013144788559767907,1.1697945775324645,0.8282221773495304,0
0.21929912620427483,0.36678816746932164,-0.540534538198072,-0.5427194086085413,-2.257428095137026,-1.5490875166408955,0.8457750635843653,1.1582582807780262,0.6715457384990697,-1.9743925050426658,0
-0.011357275140416512,2.241947988261983,0.2523569054313828,0.3090522509479704,-2.6061857103060864,-1.3159928733987754,-0.18478083264279324,0.2676210525626648,2.4233153277690334,-1.2613978504228238,0
-0.06756528057847067,-0.3663618406393667,0.52879884854245,1.3762769567823319,-2.7235549381136708,-2.111260042474167,-1.470033586810926,0.20163293734014595,-1.1779646435081872,-0.5114690769114838,0
0.7139345261691814,-1.0099201678288934,-1.0783882144982126,-1.84075641623058,-1.6574242869869653,-0.9600612335075138,-0.0010638854749819638,0.7591539739471846,-0.5915613480150232,-2.827862347865292,0
-0.6654785956590183,-0.10853585145787437,0.9517569548254712,2.9686285941237056,-2.7159020886536016,-2.1913042487315595,1.6728626370124957,0.7867171047089636,-2.1729753415437436,1.0125040437018282,0
1.1134312790264955,-1.2413965326672058,-0.11569184760766027,1.2833108451034996,-4.79944814132106,-3.7927543719329972,0.39604596440221623,0.6847283586362458,-3.8823441186538856,-0.6063705565842872,0
1.6203807524791505,-0.5766796082476295,0.0129544323055244,-1.6964041471327778,-1.7517247733016512,-0.4269603362125798,-1.8513587079899194,-0.6250421346000665,-0.5382245740929288,-2.0034904841013423,0
-1.438781808771509,0.13227493315536198,1.2499924691950017,1.9654235535290554,0.6236094808792563,0.9775564773989325,-0.45755418138145815,0.06493297857269315,-0.5271097401719256,1.0695843628637425,1
0.8377699791981332,-2.647908533712216,-2.71747645664503,-2.081901903855586,3.709654455228139,-1.35999479230948,0.24155679420538098,0.06664000216842422,0.3334085116668908,1.4281844418664338,1
0.7119806623947604,-0.4225406866208087,-2.942816385530733,-0.9119715480880626,-1.5518750856056107,-2.6561136373358334,0.19963929230287222,-0.619073100430896,-1.8578116904516024,-0.2605996527283647,1
-0.8249652701825129,1.938620587661362,-0.42221378009480015,0.2900830453452184,2.446675412806878,0.8929094869048544,-0.868729232791729,0.03726760958934886,3.066424952457443,1.8875764602910605,1
-1.145429765505871,-1.9098070866383496,-0.4117615326188214,0.46842163848674556,2.842536241804517,0.5302401620431195,-2.3847446171689857,1.9423796771486677,-0.8239233531240311,1.2324113731018898,1
-0.22646068833383992,-0.9236988397218586,-3.0565421629532232,-2.2568086217916474,0.6002188334346643,-0.17595184198391278,-0.15172325290401972,1.614772635562226,-1.0039188597624649,-1.7869659511871734,0
2.2353569754211433,1.789256123400211,-0.46824887976000995,0.5798416715796217,-2.7446721955948243,-2.0995360677746415,-1.2212870056654783,-1.3596790876860898,-1.492825977365639,2.2148170023952405,0
0.2658377733929531,-0.9050584075070923,-3.4642168383328116,-3.293346904057882,0.9062418181830723,0.9145078860148557,0.15804712185161696,0.8211222596085062,-1.7862101730974822,-2.190843122509156,0
1.5447734942915892,-0.2306040859413483,-1.0079919993868867,-1.9706197158486467,-2.1229369909853877,-1.2850984021850569,-0.2326414366821449,-1.652243566940978,-0.18537401867666614,-2.219125916268394,0
-2.5395927979266735,-1.3710626659058676,0.116101163229956,1.4958109389441923,2.6938098502379813,1.2103957116352828,2.018565712382927,-0.7448602791352117,-0.6033177350859735,0.8070631941749639,1
-1.720659591937461,2.4498549041031294,-2.8575389751074747,-0.3727126624659056,2.2746933839564294,0.9843493834061342,1.0512522102742219,2.886548061715323,1.7409745615083763,1.1263955554105372,1
-0.8212574006861548,-1.1757483806735236,-0.37913199522434904,0.48414752571377573,2.195162136752001,-0.8169387610839647,0.11256725527078222,1.436158506374239,1.2363386105201324,1.184658558747421,1
6.339606641835308,-5.633431754406803,-2.0478686301563895,-8.07450680208775,9.083506424592073,0.2507229869448828,-0.8487059240643177,-0.8799206025050699,4.014535846383078,2.1860386466403394,1
-0.3524769192592153,-2.7975929983982395,1.523285029925113,3.107765055411032,-1.4630760261795408,-4.389581071000292,0.3910158348435843,0.308786359826396,-0.7855792038944092,1.4223471868802928,0
0.34799027787181736,0.9388126801237774,-0.8100809307863284,-1.090584518728608,0.6493660398914004,1.1619596587303,-0.40156696358559274,-0.18015896664656378,0.20033955111928403,0.0015225472768112258,1
-0.8656144963876555,1.8073133134945838,-0.18878223943517503,1.8859244640847908,-0.319686922330834,-0.969650912839302,0.33207543880324786,0.8945855326686752,0.852991673259776,1.9743009596508811,1
-0.4929128814874093,0.3130846129791469,-1.810840580107432,0.6182724255476757,-0.7022870402911845,-2.0155938161271933,-1.3326856451477445,0.7730533060459779,-0.5903868413721243,0.7424977094364205,1
-1.2315077361021414,-1.429284216223582,-1.825339887470408,0.34635020725005705,-0.01594816211750305,-2.803683794421295,-0.6108408893562828,1.2644762095470679,0.3973139138810644,-0.565954275063378,0
1.6274776879182884,-3.106119831552213,-0.7762720197314624,-2.5885352176127374,5.815579835852858,0.00033533958643161554,-0.7123470522541273,1.6812481390614995,2.647767367332013,2.076584883253034,1
2.3968055828592885,-1.6022230827088817,2.5211596802300718,-2.1565597461324604,3.4695064884632045,2.458254478678208,0.2979661384893192,-1.1001920513341499,2.338934385892899,0.6665173279849549,1
-0.31410186530371886,1.644160671116649,0.43897135394106424,3.0990825471600334,-2.091067719690058,-2.3871976177676544,1.124176785112353,-0.8830551216083591,-0.5915846884058809,2.7504007332358107,0
1.699435096782573,0.6794905359772985,-3.554153847663042,-3.396195186143898,0.690970465869506,-1.2945559991503106,-0.09771088986529282,1.1289692014020853,1.7209338022822034,-0.5365856407230143,0
-0.002574235668344027,3.1097979610984896,0.029296328608601208,0.5723993184769182,-2.085767329916947,-1.2341619960641843,1.310144387633882,-0.5908353099238673,3.0126733428579158,-0.14843473525597084,0
4.999878628267217,0.3390283065430182,-4.287042552535734,-6.728809403604537,1.9490016152704341,0.6370708450636682,0.2290329605981383,0.7201634327682686,0.20400471646643148,-0.01874245379414341,0
-0.9185790144445433,2.5475194922535565,-3.1148743441930957,-0.5574337582987867,2.0334104993367195,0.32310195051710955,-2.1136434143849523,0.5857585601622237,1.5982884396577381,1.7963082983800027,1
-1.739526905135949,0.4111904252954871,-1.0230509549429676,1.458977061508524,2.407022127624526,0.050732975611459286,-0.3634019832294243,-0.17121121184571356,0.41742282168141254,2.4753505790964603,1
0.6087623233477991,2.404828089415207,-1.3358928635429044,-1.321733277164317,-1.2720950177775057,-1.0199292612699533,-0.1370588154137025,0.48653330277936463,2.9541642982761616,-1.0500707634227262,0
-0.10498170953983066,-0.8889964436848423,-1.3179827536895934,-1.492722957727486,3.3101133313103563,0.9985475924452648,2.2022151446821727,1.0558721413560592,0.9544681469766392,0.6262321700708153,1
-0.0555238460564611,-1.1093822312883757,0.6383352825618029,0.04114127059222883,2.936119253181256,-0.6590713804757939,-0.5253600037300187,0.5352102851436686,3.260388934826885,1.4372650224738612,1
-1.6937527154694982,-1.8780403879421435,1.3907083094333093,3.2790265506060057,-0.17366842300017504,-1.7137226748703331,-0.8745485241490512,-1.4758537227364112,-1.4734203176121035,1.4477382474481608,0
-0.08830215804267605,1.2931766616800315,0.14580471949917073,1.0621116734018667,1.5014690979394714,-0.0488067666306331,-1.1643117743972096,0.5170285631908718,1.4838969306764984,2.7987910696870024,1
0.7495735184810561,2.842956113112876,-1.630057070692069,-1.6449943779957779,0.9738480388161248,0.9696948415859827,0.22926684109541284,0.2553570313168375,2.37524987018726,0.7256814253109568,1
2.4591787277861767,-2.7720686135013883,-4.77068756390703,-3.743163671618169,2.4797854131881483,-3.7235103494649042,-0.33356247720383625,-0.15074156863260663,0.3815448056703332,0.9597242638317391,1
3.609233211821414,0.6251363530375389,-2.1462969036843567,-5.218897091415399,-0.24513460734330317,0.5790726942938489,-1.4623857318673907,1.2323792000172902,1.1773665011717847,-2.2472507119782286,0
0.3117160142501185,1.6906322692261482,-1.2485484980848216,-0.680743710476165,-0.7136854813316191,-1.2624919401071715,-1.5511170585991298,-0.04693432583560569,2.267227457476593,-0.24477559080078581,0
1.7862794046419945,-1.1553302550880595,-1.8953208411080285,-2.179498016435604,1.6826859071252576,-0.35904153337841316,-1.4284811266467767,0.7807560023881039,-0.7653201869694057,0.9553908148987711,1
-1.9298224094300875,-2.531580846254838,0.3413778287109359,1.5871888195410628,2.562774317947559,0.567191935273911,1.2813400241943087,0.12405541783853893,-1.7489341063870594,1.2081719084586717,1
1.927542320081807,-0.16094042627942673,-1.3294842813350072,-2.8028195189741596,-1.8807192707116915,-0.46179285255425273,0.460638122953821,-0.9354550643937929,-0.6417265936730472,-2.560447126489958,0
-2.3608718494943073,0.009123448998024641,0.5696818754819035,0.31447459099204705,3.505927508246816,2.6577362040105297,0.49877705175267234,-0.6546930737457451,2.2993407082161292,-0.06726933499504506,1
0.19117221373820525,0.928206603306828,0.905469452040192,-1.270160596071526,-0.1299998751419304,2.8188287467254414,-0.27443202697245206,-0.6116428882049108,0.2569384678932657,-1.8822020149357388,1
2.673655584100498,0.11622453714389858,-3.155038215157793,-4.458257192689839,0.7441471681684431,-0.43553882142182876,-0.3599486648132468,1.1672470934456998,1.1031264446994729,-1.161220753193894,0
0.12714023564915644,1.8731275771387939,-0.9540192869715632,-0.22864329357591562,-2.5294471248739825,-2.1094046265720667,0.8553512070010864,1.620111605006437,2.0774678664411583,-1.3152638225309858,0
0.7905401855934757,-1.6146185511062132,-3.7123892887018926,-1.7746669007604883,1.164137993762913,-1.8977887301367486,-1.4718738428399167,-1.4495180163723127,-1.9157902851478479,0.7505659475037467,1
-0.6673999271096807,1.32452006138413,-1.445601640378798,1.3347788985650069,-1.0676362173254306,-2.2074537768992575,-0.9892623693210745,-0.9933545184333761,0.18112435811403838,1.3400337616462767,1
-2.2512777063865395,-2.625719862656796,-1.9952680210150542,-0.5362223639081611,2.518721641780922,0.646712164770253,-0.6600757331006435,0.08836708210365136,-1.6151783992092776,-1.1920247236577857,0
0.4597449742555173,0.4769401284479482,-0.11102306800241835,0.19166097242142194,-4.171155159211097,-2.795783674956037,-1.7038313351662184,1.3706083814901049,0.10744438012404456,-2.26295250836419,0
-1.7394044346427915,1.5246135329225403,0.1885624321906807,2.5845951618196863,0.41700320795586293,0.22012086369026906,-0.40685307226322603,0.0802849518681203,-0.25783071812167546,2.326498644594226,1
1.4890068637945184,-2.251543978669279,-0.1881133675821285,-0.3512471503471574,-2.0821217039312723,-3.312394742995547,0.12845911573981503,1.0181314841847162,-1.1098605673857307,-0.8319287642784574,0
-0.20567131399789074,2.6157034143326703,-3.6950105717094166,-2.266062738696731,1.4619028309139002,-1.4413826050736749,0.018382032771019827,0.7607447616353589,5.161821995565205,-0.21541537890840246,0
-0.3964686279310581,0.09423091031716568,0.15655836081390473,0.7977053803068123,0.049800989225076475,-1.0965960093356666,-1.1922248489561023,0.16704655337656374,1.1561051896134322,0.5800268516014389,1
2.599584365919333,-0.47232708103814025,-2.4277550650116684,-2.5350804249829153,1.1863516259218232,-1.818371442195519,-1.4068224117784063,1.6666108135641995,0.6849381056144613,1.3782265656943276,1
-1.1150804671550922,-0.8726563465838357,0.43627678598411723,2.0018599032063005,-1.4298328039107682,-1.7847146911611556,0.9508609577657172,1.3507701305538724,-1.1673741647044196,0.04250617134944901,0
-0.9832297186769139,-1.5371356572118835,-1.991342110292189,0.4338725464121478,-1.2339322651874567,-1.1356592221603103,-1.0397183576789604,-0.5301796831757359,-4.132131865381153,-0.7232681189391994,0
0.6267987546851379,-0.07532397413367953,0.6734053096702945,1.0971968734867699,-2.899679637059641,-1.74103925441706,-0.19620166007908182,2.6688827582232557,-1.6480404647874556,-0.1677647279718173,0
-1.0162043986136435,2.698912998126379,0.4418857758268242,1.6639769547942111,-1.8327242729157573,-1.1369814856963405,0.3511701427617313,0.5641169264001977,2.511970719218066,0.12368418486604371,0
1.1694278189928773,-2.5751786680709645,-2.2716199712140757,-2.124018882445104,5.251330873690294,-1.7457087077471432,-0.8846113036358534,0.7403211861820447,2.7921324527141316,2.607679952759291,1
-2.071391570084172,-1.8402347490118256,0.5693540454408239,1.0113875907405068,2.5185487599130836,1.5879216297254444,-0.010362242041000806,-0.9802789352960511,-0.8968471318554805,0.20436561331643466,1
-1.6418072752225052,2.3455898508407125,-1.2154118679874044,2.736185816897463,-3.106637347255999,-2.351899945347858,-0.13926599637494513,-2.046265431346471,-1.0763399647167882,0.861530305680788,1
-0.14941305336489186,-0.22795340533163788,-0.6208202321584297,-0.46398914935065094,-0.988504569988087,-1.3817259874069756,0.3814415253190378,1.194046983662575,0.9679763215437988,-1.4631676007978331,0
-2.4079066285448336,0.23359955339177074,-0.3778060858738773,2.6863204351543373,2.066971536753668,-0.09805966943192446,1.514144474772275,-0.43562157875265417,-0.22537642592432916,2.859034790069626,1
2.2843616887392617,0.0733045418867232,-0.8995456299621104,-3.940610278789654,-1.4302653635618865,0.7548142057659646,1.7263353104565862,-0.8250929733350166,0.5020390439175881,-3.6352955887900205,0
0.23212582105858126,-1.4795653981071049,-0.3913029843148661,0.6535499874210686,-2.5637825317493173,-3.3469182016146672,0.1607514997971521,-0.17088626178395377,-1.1095566921364142,-0.9543368855757196,0
-2.7427085205667474,0.5478649249432568,1.0578201500895026,3.9600744267476524,0.9942294819010743,0.09607932196707991,-0.005536359166269422,-1.4802674568987817,-0.6272739079912093,2.883349503779863,1
-1.3694205095307828,-0.26551124737291043,-0.34177397459492953,-0.7031917273005758,3.101663804991513,2.199645789992493,-0.9222245213338853,0.6065908615428617,1.4292598775933194,-0.2399900728709199,1
-1.5829018286181524,3.0279913983641285,1.7067712565938322,3.1262420338656045,-2.966469273572974,-1.1169954486792926,-0.23862971487182286,-1.0595975050106248,2.0081856297371887,0.1857516720019563,0
-0.12815491116260158,-1.4030472165723011,-3.4783711922254112,-2.806132702528427,-0.03341911414722798,0.3643705264045214,1.231057903355565,0.9171386615205124,-2.8281616817025546,-2.7629244247344342,0
0.7123626946316202,3.83726140886238,-2.7621577100428665,-3.4247221094173126,0.8418651290751396,2.2379032207804492,2.1510243728524974,-2.7414170608291726,2.97836662798349,-1.2005233957817354,1
1.726908221509289,1.3400272162127358,-2.797478622524161,-3.9284967025468536,-0.47575616751154914,-0.8873131552300446,-0.011168617279531112,-1.0227782409877522,3.0570136081348847,-2.4516424709697744,0
0.16917917655004344,1.415201145631575,-2.671562960681499,-2.2619234315241674,2.5898647847663687,1.0340309048069523,-0.8399628703721986,-0.7009081833827803,2.028258458772534,0.517388695220089,1
0.11162480020415644,-0.693050447796369,-1.3690907073429508,0.5280327143094993,-2.5523166718402868,-3.507415152639413,0.2214170617242611,-0.20191360028107427,-1.0749126276906273,-0.5797542492353766,0
-2.435965155337106,-1.7236947148816422,-1.7577731500139313,-0.20992118562480067,1.909660043394835,-0.7937284551005737,0.6588277771404029,-1.345413674383331,1.2347471258630298,-1.480277737233843,0
-0.8856862733521672,1.2354279814750382,2.03123341571595,2.6002597452869067,-0.29138208698808143,0.6215611322742272,-0.7263553019229068,-1.830152213116851,0.05795748732499162,1.8342015161760328,1
-2.1694244057426912,-1.9729914940014734,0.4779610055697483,1.5150295751569143,1.367298588179548,-2.0882065830247485,0.7794340720248285,0.2438798618312071,2.6383444194943064,-0.3419877354484977,0
-3.0262847102519954,-0.05800977960410947,1.6779120898855262,3.352015104854585,-0.8969774170578104,-1.4019925922639067,-1.2032687896440464,-2.0126753139890714,1.6877709756691686,-0.4550228655717291,0
2.431742904621511,-4.224969835102597,-1.4810094813041323,-3.839529619579738,5.7652008657099385,-1.2823289261929278,0.13840572480730834,0.39633816166012553,3.281257897502474,1.1697918859433176,1
-2.668528917622086,-0.9856628665634062,-0.9858889104091989,0.38372806887901323,2.250156263789212,0.5132954458870771,-0.6786389926675862,0.5232324522093772,0.9341268646969458,-0.770891490450051,0
-0.6212138703375107,-0.8102114278584963,-2.6623503969728737,-1.8997822168048972,0.6474145350049274,-0.15284139708892108,-0.7256843148505718,1.1278855326474513,-0.369810558406092,-1.9112860325118435,0
0.3404248526176914,-2.145024828704935,-1.2884271396212224,-0.47617752447371486,-1.471110953319277,-1.9356777007226968,0.3679009793272648,0.03099576965590695,-2.7144196947152794,-1.241534971333101,0
2.9243212280505615,-0.3867028605691891,-3.0079613669204806,-4.739547971402592,0.7139398106814021,-0.1908619007025918,0.24460917181047706,1.0048312570109361,0.5006210377363055,-1.4606554920660417,0
0.35357714481466995,-3.374574979628081,-2.8595411448377774,-2.1692458079782075,4.767007671918106,-0.04833821234035118,0.04103426005214217,1.4766934307459842,-1.1500756858689862,1.5151031501050933,1
1.6673792443701414,-0.3141030451512552,0.23376757236122936,0.8485270636776914,-4.364005027436523,-3.1970938429675866,-1.217522832410118,-0.5755536889079905,-2.5578334012108157,-0.21846409519816667,0
-1.925206962868482,-1.87993252533526,1.4820076616135776,3.4319553817146247,1.4427559133014936,-0.2292936886470096,-1.1525966012178852,-0.44815761878521787,-2.1673496184548107,2.6645685193820454,1
-2.5245521261740187,-0.29010109679224216,0.05432020232409207,1.8790161082115748,3.1954524979428793,0.8204144758602829,0.32984899026550274,-0.8228192655243886,1.0069332198056948,1.9964750709437675,1
-1.705125131528745,2.7435085933053687,1.006939050721754,3.7036771533456267,-2.629989358891221,-2.1804983466773016,-0.1015795887228356,1.3462127661126204,1.549706738592013,1.4185139186695666,0
0.5533951240109847,2.0941185580752646,-1.3568139713748981,-2.0014962060127166,-0.3715915498224346,-0.2030830286966303,-0.9453500733072364,0.24040561191611917,3.3647130683672843,-1.4975729432781515,0
-0.12233288450357316,1.2712655488899287,-1.1882642758939481,0.8699283509208763,-1.066903423548518,-2.4920868981630755,-1.1958164369040705,-1.7423692262512493,1.1443660907720157,1.119124515432591,0
-1.4862424092986766,-3.0839116057027027,1.4886920940493322,2.41324589021997,0.4970536431556609,0.41099583468656875,-0.24857666735111172,-0.18597834708330468,-4.214633347562217,0.7797086981463117,1
-3.7741703412418315,-0.006538718790799702,-0.9425117564722442,1.0958436755954515,1.4655020226214557,0.5716701565230946,-0.09971271739580398,-0.9859135412601079,1.5304787214161943,-1.4712553801548904,0
-0.05325688581804289,3.1125286074271097,-1.3036869084701612,-0.07430060023559104,-0.4281488593401661,-1.082839884712917,1.1095782415009494,-1.0106000406510562,3.3136490846443203,0.7756456735868462,0
2.611385286118959,-1.8915909510578746,-4.010866606216856,-3.31853097247784,4.170365400642238,-2.931122113384289,-0.8826319163179022,0.17346566566864968,2.072304962451038,2.851527778001935,1
-2.946170814386207,-2.800334527326778,-0.13193171840518914,-0.006177671194689968,4.569260920214269,2.5252417011630435,-1.6169364373700783,-0.8220766949616712,0.03313905234434378,-0.7121378056259393,1
1.8993914769028803,0.8465462451683696,0.5572948367799111,-0.8202197764384827,-2.7523442299809124,-0.3690263148015963,0.1606218250814536,0.23092676403965554,-0.7477836121956729,-1.025352815576172,0
0.047715266189546135,4.896229002649161,-1.7900343317963965,-0.07028385379095448,1.6387647523160387,0.12989868983750175,0.11626267741417287,0.8025913644181649,4.6266706611429065,3.178385987528542,1
0.7606223159359667,0.002584897637487593,-3.1711700888220986,-2.734236283816786,1.2740675840165188,-1.423612035301269,-0.039360624810149646,0.1856695590444871,2.161552392904521,-0.6644823026905017,0
6.1908613995066055,-2.2933417153658695,-4.411714861581569,-8.323753445319847,0.8181218033478652,0.5896204696398797,-1.1121773983962906,-1.3613578712477037,-2.8595187264684827,-2.251730649412045,0
-4.554451756693528,-1.8806745870001413,0.5295196136477986,5.0558360438221515,3.7423073219403857,-0.41056994260886004,0.09165007760114174,0.8223609391148812,-1.1016081603731536,4.024073598973895,1
1.158725693699328,-2.373156678785087,-1.553289447332234,-2.0889128549023086,1.1910504400963993,-1.2694158016173038,-0.494806053326942,0.9418240294747006,-0.18150972170092206,-0.6117314174007742,1
-0.5213272508496454,0.4047247764731843,0.9712264227019851,1.5559342606083997,-2.8476508369551508,-1.5220277461275316,-0.5643098941401705,0.2682932189565357,-0.2620341268356463,-0.949610925766806,0
0.21915711831285478,0.33252519142037507,0.34359248206241033,0.26864460889774056,-0.19614784600467103,0.3088694502587326,0.086953290111869,-2.4291597625184753,-0.42194184544423097,0.4588735675010921,1
0.5005876138865044,0.7749014845392126,-1.1310481199284335,-1.3710202595380219,-0.9349964748644872,-0.5595167462086015,-0.2689530678994436,-1.2318842455504964,1.0297941005029263,-1.4166736174780978,0
0.8754540965713827,0.8718898097553303,-0.6739369185392627,-1.0728594060241365,-0.6774960005175739,-0.5721259450748173,0.5632918957711972,0.5064244969473461,1.149563597753596,-0.533327602949141,0
-2.387998557554526,0.9642494049246602,-2.987929346255556,2.335943589207762,-3.705348835934063,-3.1112344849929476,1.1898542038281024,-0.1660561178166235,-3.450545453633488,-0.4647331983835148,1
0.3191546581222455,2.420788098674482,-0.9812147122948087,-2.040256072580564,1.5069293557925751,2.135308438764615,-1.0077094777701874,-0.8829465289985701,2.8193564839624643,-0.40546150836020667,1
-0.8250433271903674,3.9920792392985947,-1.2625004150855035,0.5492286120101607,-0.8190227873580751,-1.969415430795978,-0.9533004704344341,0.14165790312128204,5.33832116068118,0.5274396692077292,0
0.631809095130833,-1.5514214913920132,-2.4678740019119427,-1.380628287187195,0.7863912509696973,-1.6634969512881361,0.11653842761644315,-0.7532399901022582,-1.017548881587599,0.1906586720832375,1
-2.489658162389298,-0.6157880641088905,-1.5062165666566218,0.9646500402328057,0.5943620237805991,-0.18023415761863415,0.7357930539797147,0.12349593100007242,-1.1219275365533115,-0.5163956886245586,0
-0.7952466785960219,0.24958274025295069,-2.3546228445770665,-0.7222125465118954,-0.8296949363520776,0.4271614989544523,-0.4714542131582016,0.025881762194046202,-2.6460774769569406,-1.2612349938083318,0
-1.6737251022278201,-1.1154726821049936,-1.729078818953317,-0.492728189978378,1.5852200741672267,-0.31945191759230296,-0.42028207472988716,-1.5703491315448055,0.6090972028389277,-1.0185938445561724,0
-0.048351099309099754,-0.33653391755976914,-1.4067302457208946,-1.2426781682370367,-0.801170450767447,-0.7852191501151616,-0.48545362138569287,-0.37321817937666424,0.07641597142950496,-1.9079135540971863,0
2.3182018438155216,1.368592308542964,-1.3175599244071323,-2.1474747025163086,-0.8556203633849516,-0.3147138834267176,0.20415956024204565,0.11529226957019256,0.3441682151926543,0.02263291091908748,0
0.6392862642346517,-1.7293937686758545,-1.1180878059263792,-0.8756275211561209,-0.5463896675369236,-1.6854372073748873,0.11647877503091722,-1.9721117452397177,-1.1145868797840572,-0.8076837732060612,0
2.2187786232226503,-1.4216022553419612,-2.4653146860672646,-2.7994930349488047,1.0698688439749366,-0.9316487103233446,0.5411596362978963,0.01976919103722762,-1.1085778145537408,0.3212043099313536,1
-0.9979080993847228,-0.2727734184900745,-0.16972150580497836,0.021684952908860897,2.143060768739965,1.3562627157454292,1.2234601395161457,0.18766667514193755,0.3808934720469852,0.4887826750257903,1
-1.65814520046351,-0.445690953508715,-0.19797824986532198,2.042613764869384,1.7812418882157608,-0.100918427632672,0.5321239913499579,-0.7882374651705827,-0.8023404188046346,2.368765743424997,1
3.1979318845115743,-0.14659618640517724,-1.4917212990104782,-4.632013041461712,-0.20507666530845103,1.232190165002724,0.2658321698553995,-0.6331869405492045,-0.2612090593878005,-2.296927224625159,0
1.5571332033742897,0.6071057302756468,-2.032286287502629,-3.5941670366787433,-0.23859500539622625,-0.11211004248358913,0.16377687119285475,0.20143654391728583,1.9957881686850705,-2.488522435700266,0
0.5046797792957529,-2.2069401633685892,-0.3448799618195255,0.9398422449670037,-2.8440968155158064,-3.2629403805225716,-0.5959045058647572,-0.4968174654860444,-3.1896448602763106,-0.5172760663371642,0
-0.5977986462855205,1.6458288622056694,-2.2673039996862547,-0.7454641742145398,2.3322416900897873,0.5339274945299015,-1.3295209583181735,-1.6455544528933372,1.724288472533639,1.4719167217662206,1
-3.2091668852442146,-2.83317143904259,0.43544209691972924,2.85709856145034,1.6387406463442349,-1.2270919990760811,-0.8762890345609291,-0.8323962083332622,-0.7593354089551132,0.5695903295158773,0
1.3039722441997241,-2.192111785581618,-0.6493972266556368,-1.8117394838206975,4.442304001969608,-1.0155712009140143,-0.45365405676930665,-1.0222985140338425,3.352487496478673,1.8808134087868251,1
4.109171545975312,0.45253864962247947,-2.9445174972357737,-5.7899876357596405,1.6923051840627477,1.3163290208042944,0.30925026955243373,0.5190327410915175,0.6621584983736037,-0.5796880071156555,0
-4.280933670292739,-2.442199467989833,1.8607484208863974,4.732758967229812,2.0592437797183805,-2.8996880303222756,0.4275963194405732,0.6622722476908082,2.946329135789977,1.4777413123747247,0
2.648380984511383,2.027783166678706,-2.4070403148597737,-4.452263849324163,0.818525619157425,0.8848431644875006,-0.3919479071942671,-0.33685834928947517,2.804696103293984,-1.0510162103141956,0
-2.3823696216666366,-1.5665688846444215,-2.0497529602917517,0.4955632695474952,1.5805153145990742,-0.04006350523647462,0.5589005237417732,-1.4892442510989088,-1.8392812907777505,-0.25259708126139957,0
-1.3839291019215192,0.9330000961428166,-0.8692659056345435,0.2448359857061123,2.4476474277539113,1.0630081793658475,1.391434325150649,0.9799770403593283,1.564792113485487,1.1819578448454633,1
2.9911778170875762,-2.380136982499749,-0.8640375659911494,-3.3892761406021084,4.785307557866178,-0.9006902645920007,0.9261708048199818,0.06436382686707809,3.670928291782203,1.9322829045491885,1
-3.3522984907359445,-1.4111337506128572,-2.315088010355585,-0.012352834854923112,2.8682322627759564,1.0452024098417318,-1.6982998317104556,-1.2230575838913904,-0.49198227717021803,-1.0641803996120647,0
1.2962511141776125,1.3360746958219691,-0.8050547275385835,-1.306021237922783,-0.4613163546155368,-0.09903105509084609,1.2396945300642426,-0.7904287143494676,0.8930336799194244,0.021762291579170867,0
-1.5148058213566846,-0.7119971216133556,-0.07764088478912934,0.0723518409424539,2.100913894401574,1.8053097455395952,-0.5497084021567107,1.0138411610681415,-0.2137638177553034,-0.2206687492368533,1
0.2912726538722604,1.7479331845854247,-2.228875248081815,-3.590963792205592,0.6693851348748318,0.1381471372661638,-1.3081215769724863,0.14214801253004053,5.096517805497219,-3.0924226075668444,0
0.6685627840434303,1.6238144235473333,-0.8914478836187523,-1.1428326459372078,0.22208604917549896,1.0819979918734846,-1.453633898718295,0.4223396021313532,0.38116950306413255,0.2000281345956636,1
-1.208549904527755,0.2554209721757621,-2.15139640122524,-1.068733347916105,2.2565325642531375,1.3614936403419375,-0.2874090098257076,-2.089233473843379,0.137228496678779,-0.12978869429731388,1
0.9539606022145326,0.9685979397576492,-1.6326465829854904,-1.793496379989119,-0.707918518181226,-1.0614596747518037,0.342995114071306,1.3180612898373913,1.6398374078275375,-1.0504448380338611,0
-2.5752992788878233,-1.8310293857007238,-1.9771235798698243,0.1488499543716637,1.840467683835041,0.3324314105197721,-1.2774053886299175,-0.07774065283130008,-1.5358530255373852,-0.912413906457796,0
-2.0219789109918658,1.045730668011262,-0.2802229700350394,2.0895117373169554,2.2424923038891187,0.27220601792683663,0.4945046297524024,1.5764580021556338,1.1563891845397223,2.690387804523403,1
1.7826155152375613,0.8881622044341437,-1.7995340809229599,-2.16620390554153,-1.1331556445965991,-1.2329339310043066,1.1739282473548094,-0.8192475127286687,0.8064420128933913,-0.8084058291176384,0
0.731346445183229,1.4898557709152698,-0.6828328115797078,-1.2187291261490572,-0.6230994519081989,-0.1432809011357038,0.7229805130978236,1.0113682571901796,1.748120406616518,-0.7339774361774182,0
0.011629152586120517,1.5355822346849175,0.13421377630996867,0.020617435880524976,-2.7685931445573426,-1.4647865860485045,-0.2786037032248349,0.2339149163733896,1.9104433360378643,-1.887400095348357,0
-0.13366656064678595,-2.402889753478708,1.7804496413843114,2.806497597147361,-2.6507694330899976,-4.515065288640185,-0.11557084180660139,0.5540455708397536,-0.4531033500105811,0.2869183688848047,0
-0.7434684943774407,-0.26452790793197956,-2.2796550982370083,-2.40238278375343,2.036095089088283,2.1418995972304526,1.4469099448204576,-0.9187266350054458,-0.2936604073637723,-1.7215894528865041,1
0.9554771901448316,-0.9854109077564529,0.7855457197202129,2.2047588734986507,-5.357263203960798,-4.641734822565754,0.11412607435910055,-0.22633441639067606,-2.744070478152279,-0.3454970123299681,0
3.5933119015279917,-2.3397930724521627,0.35712710326346575,-3.9358315187918187,4.839859405530241,1.9264690155184607,-0.3766841534307651,-0.6021793504688688,1.654355633121278,1.487029737700842,1
-0.2796576900336958,3.406935094333438,-0.8448886179192765,-0.35281963003748074,0.413182672195856,1.3601478710628525,0.7902633183812532,0.5645919012080699,2.201156477684047,0.7097566401732076,1
0.9046234216522531,0.17460851228308383,-1.0661422065581516,-0.4835373681431099,-3.3191727165886826,-2.8279769351045974,0.07944509927277996,0.7616284641463872,-0.3540534078619778,-1.6301207337010566,0
-2.9873151015500863,0.635894221228896,-1.0761002884257018,-0.47504889751943624,1.8775893252793956,2.064653167099889,-0.42175961519169836,-0.3089614708346406,2.066630432357282,-2.252268961444454,0
2.9652065119635203,-2.1619903651899164,-0.12888993863974774,-3.1530891028833334,3.8039893473816195,-0.8032056987413323,-0.08555568317611022,1.1752144703007017,3.7291729850767115,1.1790962270679808,1
-1.1711248500946772,0.9268300357338335,-0.3546842337318674,1.8552663437404862,0.42784516018966057,-2.577544305303685,-0.52824629497982,1.3606112048522843,3.0395828725525993,1.816654038409713,1
3.025078946008701,-1.5384236302460654,-0.6502684158199454,-3.1132001553144395,1.6328175049270572,-0.8724449246246074,-0.8773425286979435,1.3658704330648481,1.6957017624479696,0.17949885072460647,1
0.7147909447871488,0.7307051647422611,-2.3745964465212195,-1.9212789262010552,0.005379755701554689,-1.321913713901187,0.576094728144831,-1.2217710884730737,1.687473969869214,-0.6803981014181255,0
-0.9197257579853259,-0.2055162775586521,-1.5637892439191923,-1.0154439849013102,0.28040134331752864,1.3416378600930345,-1.6873561751777122,-0.5240694027760878,-1.6703350836536148,-1.5403849163670587,0
0.10193224297420067,-2.2570547403904,-3.664508197585356,-1.4673910923457452,2.5564478184958026,-2.2956702797312714,-1.7328387541717283,-1.0512963721967525,-0.5091368945136583,1.1482057946673268,1
-2.078162648970055,-1.1436500197937707,-0.35461036698892445,0.5224778157617562,3.9173350053702953,1.2955951635480167,-1.9599588520368607,-1.2561800267217864,1.068513674608815,1.0908345574141065,1
-0.2744286585411869,0.37353255226569315,2.4552660007123874,3.8965672342032196,-4.752737637463719,-2.3337217107885624,2.0478265796557436,-0.17597405461662044,-2.857312741441045,0.6911451360587078,0
1.328523321729107,-1.535366159617983,-1.229379212523788,-0.06444470213079811,-3.2455099355309995,-4.089858961008986,1.6939579396179882,-0.5519570147842944,-2.060203864594924,-0.7533046328529973,0
0.32877419830930144,3.6211190432171634,-0.06314276008491948,-0.3749490161467741,-2.142390405410447,-0.6533770641851498,-1.0862891736035514,-1.0224559007493514,3.8707471568609693,-1.028114908736958,0
-2.627911409286738,-0.10209863174907419,-2.037366799665096,0.6474252886568148,0.29320876981927735,0.33747843323381455,-0.20966001269772902,-1.2459023501092221,-1.6605714965157472,-0.9349781293714063,0
1.5204552390005057,1.570531262070343,-1.0764264899000986,-1.842073076360319,-1.6516082808248578,-0.7119945889649096,-0.6167513441519322,-0.5318222752312214,1.3255782301654682,-1.2487561519262793,0
-1.3666844222127446,-0.052196828377377935,0.08672547654370777,0.8793372520025237,2.836291779929103,0.8746884166428253,-1.3191586017121992,-0.1446015381221821,1.3434297303760234,1.6963612192421496,1
0.7452845047596295,0.4871187542207456,0.4681208519824598,-0.4183288317584787,-4.593633480757228,-1.931102516241623,1.9251288835335925,-0.37291140409460116,0.10840249245006706,-3.4026088311130622,0
1.092829467170479,-1.3206550859687636,-2.8233638990773042,-1.4747255787050093,1.0186081974315009,-3.8086150074854137,-0.6562933160502777,1.4209578654605897,1.8140647383034287,0.8236773429843938,1
-0.5807978595404706,1.88136908466563,-2.975416036823245,-2.8875718558808354,1.8426584285976122,2.3788866689649826,-0.8974266749486849,0.6742992460371041,1.4360546843730821,-1.5487302269712915,1
0.10283443406738724,0.7091067882526267,-1.2648838181895914,-0.11982499562348381,-2.3995251682832013,-2.712709041175981,0.4864990167320297,1.0346573698682087,0.9696699448261578,-1.194431370113694,0
2.931156749241895,0.384728232620263,-0.8525780161048138,-2.3148223611983028,0.7460739212452063,0.1328222874206504,-0.9983653063492748,-0.7366687908953733,0.14073968529436243,1.284317582025777,1
-1.4763935088416158,0.7994498895406782,-1.4367947066628897,2.3686129376964273,0.9096652107508643,-1.1408597628750194,-1.6745488892453049,-0.0799110976714992,-1.2294277416233181,3.3536331843546003,1
-1.1227328556210652,-0.33598746748710684,-1.9941886316976407,1.0539694275165712,1.2348717170362813,-3.1176832555181218,-0.5252618994803853,1.4507600210860958,1.6974217210823546,1.8681427176576422,1
-0.19443484762647345,2.61739434070167,-0.6049254536417239,0.8428874046594896,-2.1992908946048066,-2.3894652663258436,-0.4963631294960013,-0.8930685565049704,2.777945419547934,0.09803396395579189,0
3.6599955811642704,-4.114503807000493,-1.089913280220025,-4.856281094808387,5.219952406809977,-0.8165071353720816,-0.24007846117890985,0.7568359119918517,3.1856865304897544,0.6069188211503187,1
-1.851114377889537,1.4826417325295225,-1.0296871328542285,1.1218008813063836,2.092523357037312,0.6731706844959509,-1.988131814191667,1.0849397741874804,1.2744640946950678,1.860271869330188,1
-2.3038444450626265,1.1502998392605364,1.0302676346383457,2.625954533511535,0.837837119015268,1.1708604477340199,-1.222733254137745,-0.4408095313485774,0.16889524906219844,1.4977565913751216,1
-0.6581461131293694,0.5049344826798272,-0.9587392568714204,0.01453412408761623,-1.5850414864025126,-0.5472534857425877,-0.7680650374313074,0.21625583567359702,-0.7115726055030205,-1.360039099892801,0
3.867026289675077,-2.9840751568527897,-1.592636442884611,-4.6599042272452955,4.717840158695569,-0.5022283393006757,-2.464674484669272,1.0540356825285855,2.259520112734201,1.3775459016505192,1
-0.15071044894043817,3.869670854732738,-1.8000881751296836,-0.6753218550454698,-0.12392010708986412,1.1310321957393896,1.0705826696757639,-0.35540890558047256,1.5278147904886548,0.6166126353076475,1
2.7128279454983453,2.108184290567743,-2.94064992365988,-3.331762909599803,0.7686551356960528,0.01667143622497469,0.40851606498776816,-1.1057802860597032,1.2250507665239911,0.9915591950259091,0
1.7738091381793186,1.9087354314545575,-1.4093742387963384,0.13519452694805112,-6.913635381897587,-1.8793395054603665,-1.3832107297333576,0.5534470172508195,-5.5636629974177465,-1.476002017088252,0
-1.8383326676282308,-0.7545173971503611,-2.731032009184699,1.1249974180684768,1.471049433123338,-1.923272986893917,-0.5461208297493778,1.1290829682869186,-0.9194274074731807,1.7145882962793308,1
-0.9083375676689668,0.18501038401808245,-0.6309238339722569,1.1891991593603737,0.45758294404991495,0.10209720840207748,1.061519786256429,-0.9131615563266586,-1.5793011121150182,1.447274074249546,1
-1.966513514703474,3.6901868735605117,2.1151631596729636,3.225377134639796,-2.480201156909933,-0.8089312900535008,0.27448290762842115,-0.6859472539047468,3.767189868047299,0.119135422710136,0
-1.4097767415222702,1.3156036639874833,-1.7809765253910488,2.265893080942375,0.6177336751235311,-1.1244278384602415,-1.2022090476199554,1.0654180391517576,-1.3174840586111825,3.3763626156040076,1
1.1267196267437039,2.0483128773219743,-1.144202752684882,-0.30525087660489414,-2.2704166836550197,-1.986763680629038,-1.2594627649143568,0.8418566293964815,0.9420972033920125,0.20235657522406525,0
0.898272334524687,-2.9863905033318217,-2.6796582560305344,-2.2948726849168803,3.363816951149841,-1.1520644386550216,0.04616237177802067,0.8646224253864991,-0.35324664232974,0.8564599594224912,1
2.7952687003110217,1.24844891474855,-0.8637178004139512,-2.773481696735814,-1.5671191783813496,0.04403011585003336,1.7363238088498891,0.13315452817161547,0.2911835610205137,-1.110842633609731,0
-3.4099540157903436,-0.5362809655624663,1.6815371529078411,5.0244506856328846,1.2189641388927552,-0.10390388434230347,1.5342869753036579,-0.2297158394117681,-1.581800141049651,3.247774430351038,1
0.21262032364685046,1.3638353025811725,-0.6023301147390796,0.473446901579767,-3.6574506985490047,0.13940726634820666,-0.27991604260076425,-1.099486882075956,-3.842767473319532,-0.9756551485564389,0
-1.0435163553838707,0.6192415817610833,0.7059445433494118,1.672568878984304,-3.19319922607238,-2.092986933775747,0.9275915211742136,-0.6269837737716375,0.5801446429379631,-1.5528205222640388,0
0.22741693573314026,-4.50691170486676,-2.5692565921445043,-2.3803927394635505,6.05792087708613,-0.874682965389378,0.6791173315494465,-1.2321846779285617,0.8467808522456943,1.4631780855313457,1
-1.9871215847711705,0.1075046858220765,-0.18276034081210224,1.5101500607092717,-1.3173936066076775,-0.5870707169341823,-1.4949860976053775,-0.7108348385012441,-0.7202367421736675,-1.0787244124390887,0
-0.6178761391369368,-2.0723477925356018,-3.3383506942814476,-2.842184667760945,3.2422449804722975,0.017649974910032507,0.8230113569242725,-0.9114341385878826,0.671043867262638,-1.3444640807094195,0
-3.1302833158357912,-1.769813187385216,1.7414043727009219,2.5164306112903017,1.2149122024168493,-1.3302632858164412,0.9537112554095722,-0.19018979839933114,3.0259133536576197,-0.746570453064257,0
1.2844436486420845,1.5747946938964097,-1.079642004425635,-2.830743475788514,-1.0625750805977776,-0.035319109196259024,0.23555221128809037,0.3320591209490886,2.884072213248115,-2.602609651398593,0
3.2502403840420984,0.3967836872893098,-1.8195662491859894,-3.2788767487080337,-0.9845173310551263,-0.46282396990203356,-0.928763000450845,0.1116108572446605,-0.6970311242918523,-0.5534923859901268,0
1.1400171097614058,0.3401753205767095,-0.36505371957325283,-0.655632449810042,-0.3400220428932156,0.08749546653279672,-0.6180150723722206,-0.7790908587377849,-0.8170175230428836,0.49085331726897163,1
-0.3275570695355363,2.4665860010880456,-0.7071420543607118,-0.27056010905014904,1.5357471494485224,1.0517739396864547,2.0392020447224484,-1.0067330625183881,2.6174689228577828,1.2842164975628312,1
-0.2173986418608731,0.9907511024299183,-3.7577007003369616,-2.7886454587420566,2.697608620036685,1.179139317000343,1.2330510044854137,-0.04899596864054441,1.0133727731364244,-0.1525919014084458,1
0.2789928908624937,1.374921260158936,0.11271514368406921,0.3056793221988547,0.053750346226782035,0.5177150616461986,0.534113408211786,-0.29603568924435214,0.28582679450510184,1.1407588024491608,1
1.9040321107228666,-2.8925302225269975,-2.3115289883904113,-2.905530877150789,5.4159228130508295,-2.3538622760190586,-0.702718637086929,-1.5280387727866134,3.91871733344278,2.3409736454694534,1
-1.9849510592872477,3.1110803787882575,1.9809384342052128,1.5695245786497627,-5.089835860714622,-1.369721628612794,-1.2293532382141148,0.08450580575678937,4.366326712745913,-4.481654938984423,0
0.032613211664337394,2.940247590911147,-0.7780899703294722,-0.950232049148703,0.2789824254422163,1.684162294148936,1.8300162861151488,-0.607846130787853,1.7942443438399203,-0.01762766560288087,1
-0.5009705015753334,1.8872157616467367,-2.5459315080454212,-3.0136713011165743,-0.4818942769035084,2.435302688258271,2.6018341878381603,-0.504663374164808,0.11607542845633234,-3.5670169624013894,0
0.6131563468008553,-2.2205808723295393,-0.7479948010209794,-0.23909197805047133,-2.758163311945564,-2.5167945800122924,0.4266948423043742,2.6853053088358845,-2.941959620042829,-1.8459481938991686,1
-0.8134244464998194,0.1089378224802593,-0.46205068184436915,1.6086033184475559,0.9469535296738611,-0.36939594907449735,-0.19478336911460775,1.7108486562463705,-1.111374321181148,2.4129437373557416,1
-0.7263658210402419,-2.5976514686145564,-1.9577886178051034,-0.6147319611079934,0.5400458019106664,-2.1758025549499918,-0.3844915494916545,-0.9009292184662047,-0.6597854214048828,-1.1042155681020411,0
2.574515591111325,-3.209297842565076,-0.03196647876679737,-3.455062684432636,5.985301500562931,0.561970042616619,-1.3758556019171673,-0.23681187478932472,3.4210820319884365,1.6604245215092528,1
0.5020318481545258,-1.2425536873474157,-2.829259635405527,-2.1812107098370306,-0.340702954225949,-0.623026544002014,1.1388262397712992,0.20025009316683412,-2.2182630754024513,-1.6542661662064948,0
-0.11518599943910235,-2.2464658329864715,0.7491379534485061,1.6425798424702385,-1.0160613224365707,-2.7750463708673134,1.8537882593390969,1.05662319752048,-1.0845112194597957,0.49954567234045477,0
0.6977582949905702,0.9297127219414221,-1.4553435589332469,-2.5997434136779436,-1.2112179154072082,-0.7352646880179898,0.1375418294721938,1.3934952970475232,2.700348798001639,-3.086143181226224,0
-0.22241395813798093,-2.5878115560966997,-5.730819492772559,-1.4545289374378259,1.6304712520747477,-4.950831847396227,-2.029348130065603,1.1570066978156122,-0.6608860719251219,0.9502829345196686,1
-1.419280586358179,-0.9458861433840471,0.029022258395200673,0.6936927971055831,2.549963544839834,1.0291753706876756,1.7400572691967342,-1.2314161690661876,0.020087398815712754,1.005627926420762,1
3.6560815226990675,-1.9687158036708745,-0.6721720619117377,-3.899919748021206,4.423151045908944,0.20709863956260688,2.6333835654016435,-0.3281471030911709,2.582485790988507,1.8181058145981581,1
-4.282284663288831,-1.3346447365735892,-1.6878375675506414,-0.7463300959379111,4.319679585510827,3.156392139004879,0.849942886148695,-0.8063686767124157,1.1365919462338998,-2.493206459691863,0
0.24413805590387205,-0.24669044433525045,0.2211174990224256,-0.7067148285326745,-1.158378950117665,-0.05840241316758199,-0.022785634837776975,-0.40843760127265955,0.08289434608946178,-1.8158559572734605,0
-2.162983382487199,0.9117037905929926,-1.682759257434547,-0.36578943452238133,0.07905748317941919,2.0231638183963057,0.35356586437516807,0.960593150270853,-1.3229226697758303,-1.9028595214579402,0
2.319672368758318,-3.790352703291494,-2.505903352598199,-3.8156820630898363,6.156933128005784,-0.9483316485495771,-1.24142282750771,-0.05775249725132784,2.0877375547963934,2.0772392895137655,1
2.5887271905142044,2.2452482801712543,-2.1385984445705297,-4.390750556538983,-1.0103268167225004,0.5768805267337922,-0.9205909444695907,0.4259831217850366,2.3265038874594572,-2.500482307080828,0
-0.7809675352166269,-3.3433466698781533,-0.3820461202294396,-0.04859739141989505,1.3191303399921772,-2.3425431068840696,-0.1643209369308024,0.8056694031809298,0.9623012178762809,-0.8271257851090569,0
1.052885270638859,-0.5006476498480827,0.9251604242570923,-0.6344933357249334,2.112475848864501,0.3435471981490379,-0.9800722169135948,-1.8587695564520077,2.0822840271144667,1.274625423207275,1
-1.9744578492400768,-0.9580200960118721,-1.3962555037117337,0.5742000008378237,1.0130468227289515,0.027479772084028964,0.6941359433717644,1.0241623266068782,-1.2512757365915754,-0.2725609409974228,0
-1.295340029932314,1.2884118500810628,-0.7565597925735643,0.46567729364432076,1.209894892376173,1.1337166648066461,-0.5011285102993281,0.9477301127341075,0.4803247596311947,0.7618545976015567,1
1.2461128656252867,2.3775512767064857,-1.820132465861988,-1.6905232496842555,-0.27519126310009967,-0.6518951724781392,-0.5590945721049398,-1.9379733144883526,2.333277257005428,0.23544098844812034,0
4.9182484626993235,-3.371730218990694,-0.3176517979628779,-5.570427092037089,5.574754848752919,0.32277363461851905,-1.092528161811434,1.4516573015187388,3.6962638950970415,1.1796740838261217,1
0.6413989663164873,1.5442031075466858,0.5410105505717713,0.3856776355351752,-3.4004940371486043,-1.4587059452038282,-0.06223105697249944,-0.9073788851664958,0.5801701781186398,-1.1966461910483737,0
-2.2702173149328626,0.44506962757194435,-1.406548605480429,2.5096736899582757,-0.7420690628888289,-3.552181430476627,-1.0301174234331814,-1.984298449890609,1.33596833607551,1.004094242203022,1
0.5172049343543856,0.19267103829898335,1.627323422900539,0.029044486708559525,1.827708438753198,2.5412490739844356,1.743439820030832,-0.27557078359166426,-0.07409526226004726,1.3835320732632739,1
1.3263602371283052,-1.1004151578540415,-1.6569840774115852,-0.2975883543849318,-2.4264596168540287,-3.4297302956807627,-1.2474286150220928,-1.556135180473943,-2.069985726132539,-0.11816762117824642,0
-1.7283205045506609,1.5802163399640872,-2.308739075939564,-0.07830128660490465,2.4706876104123436,0.8725007558487805,-1.3011841325285654,-1.37794017655884,1.3568592970432292,1.2093891171917557,1
-0.2886202320579797,1.7206924759021156,-1.8303501148697756,-1.1979791463426466,0.9755680066946946,1.3084652750271437,0.39720831013164665,-0.4319329693410244,0.5678029587621156,0.023886619189823932,1
-0.8976078314188437,-2.3165427565312546,-4.497349955441734,-2.7881464348029024,1.4048805096130332,-2.8951793981866256,1.1956639377845328,0.3514080659157796,1.567448620395509,-2.6280116109505296,0
-1.6480391535589867,-1.281724871780321,0.839245825364809,3.698909149530988,-2.5776561640880216,-3.489889315604167,-0.3435382254295648,0.2798413049071018,-1.8352213421131869,0.681243889541479,0
-1.3956057436966223,1.5386983094807534,-1.824499066487721,-1.387563025977453,2.1306108255778518,2.2831802704718407,1.1429597369182798,-0.43067512849503575,1.5744889224322967,-0.8006916795000953,1
-0.5378407686710909,2.944973383230543,-2.32079413290631,-1.3707731465003024,1.02261027457501,1.395747471064293,1.6623666696104846,-0.14546158926992317,1.8481027409255084,0.008127777156713534,1
2.683395719624282,0.8897716201327824,-4.066782966535397,-6.63965451456679,2.5251570568022936,1.07611085941849,0.015584572569658653,0.6236932101761915,3.7837800510301127,-2.426029313352065,0
-0.7436875073630251,0.7615232459691264,-3.2165321771492827,-2.807449066246397,0.30053562607144424,1.4041613908150228,1.050117865821371,-0.6131821284018295,-0.19716487323039267,-2.9309605031030657,0
4.302068262679845,-2.9113393031594983,-2.082716609679658,-5.135475214738144,3.898627799900748,-0.6597343304120757,-0.2883302731535121,-2.794850438402242,1.3893390991319374,0.890190572149624,1
-0.2235836783865337,-0.298197423705329,0.6147280573368812,0.43711104369675,2.0552864454778277,0.49561145852420774,-0.13662660272656119,-1.0566791249071865,1.1774863657444332,1.5097238641722541,1
4.1758871241873035,-0.005912317029897252,1.4740564239981886,-3.1981268606964615,2.33863884592832,1.8364463509533775,-0.15768313220202998,-0.5172167487091028,2.3057288729767142,1.3810140936842386,1
-1.2290900764413712,-2.7579999782642934,-1.0232732130714655,1.1554546989827665,0.22926323029913653,-2.6980677524358825,1.9609626234217143,0.8752432175767187,-1.3906367949473641,0.1563090957756097,0
0.7708892296918165,1.422129249547789,-0.9825505208452486,-0.04419147497581255,-1.179041889160314,-1.3075421298536978,0.04358766394178335,-0.1072939434338799,0.30080996054985976,0.7952880593960687,0
-1.444676954108405,-0.7750071605356531,-2.6882936498658823,0.9697344118572191,-0.44899907464231825,-3.8456874814918423,-0.9307936236932695,0.14073572642696686,0.1749066170976712,0.3517567163508162,1
-0.781060081311854,0.677016064131802,-0.25841657205526836,0.014785684286415496,1.7953885206604636,1.2640339350633183,-1.6009924446753903,-0.0408068798639337,1.0215398457388385,0.7373104726118158,1
0.3982109815874404,-0.08389733246395825,2.2151331848278732,2.9064413622473797,-4.503761075002094,-2.651019112110747,0.6595385255914219,0.07583900284796226,-2.15604413228239,0.2015443454175594,0
-0.6270915080264547,1.9189597454276068,-1.865988494877568,1.5147436618376813,-2.900206311049028,-2.9079526661275708,-0.37351905536548435,0.5260999454946618,-0.6781860385495544,0.6431399751704535,1
2.371323890418818,-1.7555710220731537,-3.1887975908176527,-4.421378861862815,-0.31619983284434694,-1.000875297625267,0.7059574073074546,1.2313005382906828,-1.0994610638842368,-2.670336446406747,0
0.3126370571263779,-2.517653474293537,0.4781167526538621,0.719312911694422,-1.5856805834939385,-2.49065637271351,-0.22686642700063117,-1.6623265829286873,-1.6748089605563934,-0.6689912927120685,0
-1.140966788812593,0.14265896489555752,-0.2539159187983323,0.4973034918801068,1.2180079120114935,1.1775299008245792,-0.3411035279167056,0.8484396464540668,-0.46162126596562403,0.4962329817402348,1
1.0716587578578047,2.3241368963008933,-1.5395633749494293,-2.090081162582426,-0.12355663375286174,0.09767423208915726,0.8520537818100243,-0.7367309875168898,2.6393955159454023,-0.6015509341796702,0
0.8748681983395572,-0.4877693208300218,-3.3905771357167733,-3.71398989662802,2.1360624218136888,-0.4145128064834589,-0.07653593926840017,0.420798888827516,2.022649705961505,-1.2878698224492724,0
-2.644230860721481,-2.7820906722963987,-0.8812301863116329,1.4191379310425767,2.234070271386773,-1.8399800692796682,-0.4630509567317495,-0.20026385920186315,0.5356596381236536,0.19530410681981447,0
-0.004584927456482424,-1.5497026082152137,-1.5373592698767058,-1.2796923422978543,-0.34487641480458464,-1.5573393747453208,-1.214556642322691,0.21197093564998332,-0.06811574473492854,-1.8285292565260693,0
-2.6145377469411692,-0.5772511359448113,-0.6322195875227694,0.44576009674336575,1.0211968542772794,0.3494218922811365,-1.1535035725421259,0.7123109326704704,1.0098443252055556,-1.637430082059609,0
-1.9141821727241348,-1.7370864846344354,1.1140856351956976,1.7583806353989186,1.4305970154221637,1.2818305936188141,1.714784933665959,-1.8256350870169995,-1.9167387513363412,0.458083187536387,1
1.143600580902663,3.0060467069878802,0.09356365750067974,0.27456535718293507,-2.1702382252743626,-0.7810484596790064,-0.663746446598944,0.9094591724975633,1.3425458720279553,0.7938858270187101,0
-2.6058424050706033,-0.12250169244425835,1.246941616239746,4.263967221400685,0.5702714280756674,-0.24681336455702363,-0.15757260122303976,0.7921384263621614,-1.7366760382944832,2.9483850551180115,1
1.3016721431556022,1.7542829860339955,-0.1493625998388587,-0.047246491881070524,-1.6944592802011849,-0.9697035034664582,-1.4899361498525714,0.3275691768512657,0.4574495386459887,0.7117870761784062,0
-1.3108882696618798,0.04045473322902615,-1.2669886009203202,-0.539246697966447,2.3794833850321884,1.4758622462717688,-0.5520174843218115,-0.7425320938031175,0.41079524809194745,0.10235153404803743,1
2.109614892152534,0.9989280739810331,3.2994311440552133,-0.6285788399156753,1.047450780610151,2.191929538837549,2.0570282489712572,0.06369720465318252,2.758785552959296,0.970188720012221,1
-1.4740235754159259,1.6724325486795735,1.458055065209221,2.1196247831844115,0.5330422091435082,1.2447699920044102,0.7257083669974165,0.5355541388113065,1.0418582985626952,1.411185016013842,1
-0.8793871823026961,1.043924328617058,-2.186147299394716,-2.376283346649209,-0.5040566110189555,2.2355162643291053,0.7018220302806755,-0.07229899956289268,-0.766842401323159,-3.4735460872480712,0
-1.796108292133198,-1.40828361152139,-0.8288496838672825,-0.6202607562922109,3.6385398226113406,1.8826645047197954,1.7720927508252486,0.8305710134214074,0.5226696990459083,-0.24491889158775804,1
0.4675927691873807,-0.090405160121245,-3.630639123672473,-3.5961522243791535,0.12367204009970423,0.43972487512469893,-1.2963449841367263,0.22561346745855393,-0.6885685200243825,-2.762739621163643,0
2.6648548476924585,-1.9596254866816298,0.6736885047932912,-2.7592410035683734,4.710532912413949,0.493344216341979,-3.0805987271739275,-0.23052941168065752,3.76303574240111,1.7701401065449418,1
1.4797007366802521,2.871891354359027,0.8757986266090096,0.6125355043175197,-5.214931150754233,-0.10925216606631494,-1.5755767491799884,0.8280582241056257,-2.3234991563112586,-0.8532951225141919,0
0.09941825079607147,-1.4705327158163437,0.33269384369110266,1.825090472429571,-3.2979878439982127,-3.8681580123610257,-0.07254661527351064,-1.6999798066243463,-1.7204137036054608,-0.30245873672617674,0
-1.9305231276426902,-2.6256132369351626,-1.503866172476566,-0.337558743237135,2.470321996632289,-0.2525305759490034,0.8625665012473802,-1.1544239502399065,-0.2215069538442851,-0.8932615722293369,0
2.1347299899475423,-1.3585758784769268,0.523661027170923,3.271522035364067,-7.649649123127935,-6.254048416062286,-1.77626963431885,0.9893114319002247,-6.579307473696566,1.1010521564025315,0
-0.8060093519699313,3.5475753681926534,-2.1087054689542484,0.7000446651926413,0.8139575896739932,-0.12953403182208367,-0.23033953910050364,-2.404518384606314,1.7130138909904347,2.585513053820559,1
0.6398624050582715,1.991596986964074,-2.076058640195234,-2.5471112337337227,1.4722115640448008,0.9784237103431856,-0.13167378245531886,0.270321245843369,2.760706687167193,-0.3747710783825273,0
1.1517529557530313,0.544566289548837,-1.438450529417584,-0.9528138797638341,-0.252179412761274,-1.3755633759232997,0.17967401846044603,1.9566684572153399,0.5464220593412827,0.618686373969892,0
-0.5479352533979513,2.509902634585158,2.446980100788939,2.386486748318495,-0.9301782787828581,0.01655559225061154,-0.1736933755109449,1.3170219744805909,2.6921472151296824,1.411453909555194,1
1.4426783183146938,0.09551839490461234,-1.5228829797674068,-2.6215186961206545,0.07266842505279947,-0.00480045436430987,-1.7658314961745936,-1.2340001207399278,0.6723140961046605,-1.2771438789139926,0
-0.7336920666686606,3.8545764404365945,-0.628632652619427,1.0182988056942888,-1.0246608705025808,-1.017511487121474,-0.4464547271529116,-1.086882306594355,3.5878159524042563,0.9352071408649458,0
-2.9392008689914224,-1.6476259221995604,1.4445045394153917,4.05260109967313,-0.30666502111247096,-3.130581463764479,-2.033451427948401,-0.7888815353355542,1.1050197830502095,0.8150017308695858,0
-1.3297162631226151,0.6137847035774612,0.028497344298554994,1.4842883832019191,1.4581118305273109,0.47707853619865825,-0.12786703681621076,-0.22118302784676622,0.34055976832134593,1.8222530365222562,1
-2.0990243451641386,-1.6549731505910592,-1.884491014511155,-1.0374838225027805,2.4375550424346057,-0.6880729583376317,-0.9382595036982464,-1.3908705909042804,2.5047128796964535,-1.863309392332683,0
-0.0301145937981786,3.0233934324243563,0.8060844362546546,1.4068889173803654,-4.1917438387248875,-1.9388637926552468,-0.14312639747134004,-1.4434130630185737,1.9070681701571226,-0.9492649610901697,0
0.3274868618851471,-3.0697616381183757,-2.901280227186324,-1.6928459963258184,3.824733692314887,-2.9563737243877686,-0.11051417070792717,-0.8126947248165548,1.984933293269561,1.3117766584009236,1
-3.6599636080075593,-0.9550911416780243,2.1486544710455107,4.482049524829032,2.01651141540335,0.755764347214364,0.009390608018599282,0.34466230464398234,-0.6783525875280996,2.3837784440158787,1
-0.9474715010436581,-0.7324323109499087,-1.7482282712311785,0.5859110380066832,1.3128521046069381,-1.8622407754373291,0.9454714819925647,0.12663059942435256,0.35960322939145384,1.3308555704073735,1
3.4598927780228643,-2.2512462728525104,-0.027329933152287156,-3.7222355036063215,4.087885284317705,0.6427045261662496,0.21017955735585955,0.4063431191792189,2.226086844220167,1.2114538387872589,1
-0.2333103478090487,-0.23853768769685124,-2.408322510503158,-1.5332968934638593,-1.8599351439422998,-0.6204334027162939,0.5766495799790702,1.6146298343865721,-1.880855003314093,-2.7327683304063193,0
2.0378841761522746,0.4074332563352214,-1.2168780614784562,-2.5970105308726312,-3.0118768731974015,-1.2109839736688686,1.1749332426280408,1.348870470548737,-0.09579021018087408,-2.9482625118380787,0
-0.6815983403806909,1.752136875075074,-0.5667568444734534,0.1524887571126622,1.0589434221261433,1.0972164551631718,-0.6382147727792733,0.868723256173968,1.1138921853733734,0.9281632976090091,1
3.734795685934234,-0.14522351210422468,-4.242690490890858,-6.934677014712193,2.8107325124092943,1.104731778336273,0.5034142435493226,1.2161272476716014,1.6335873065599007,-1.4232790744370032,0
-2.0641566418573345,3.8217523987928694,-0.250894479871298,1.2173425754514224,-2.1720327962363672,-1.8753457960535727,-0.6905280258215071,0.029671824977444982,5.737555267256651,-1.6226058995899835,0
-0.7326720629747214,2.6155732435713572,-0.6666371270369248,0.28982909285519454,1.2929878766083933,1.0212335212854957,-0.8499666166743012,0.49400166730301776,2.188278021981539,1.4680475264829385,1
1.513480189415032,-2.705929275798407,1.3963519537771703,3.1797486809782267,-5.428618895906632,-6.837120062706483,-1.9517072963854334,-0.4003973447357812,-3.05808918868494,0.9063736839041501,0
1.322682297304968,-0.5442766791715105,-1.585871866938552,-1.3706734509217524,1.8207885279706342,-0.8635654109915522,0.10958322757742063,-1.2639407698251313,0.5253266000810694,1.6069386045521352,1
-3.0178965152302455,0.20403702558906867,2.21057135098365,5.248388258136072,-1.5182541093913655,-0.46900492811506167,0.5979870665918545,0.42769745763359107,-2.5396216688468627,1.9234508539678137,0
-2.8204773252622104,-1.1276490473567882,-0.992112099822244,0.9612376319677,3.9838009124290545,1.0978369318952357,-0.5107316820164134,0.2626834579468364,0.5300508681138857,1.229707467276073,1
0.6459321285940103,-2.597555859674484,1.5542817727173417,-0.6766182310858858,-4.195076595722532,-0.8170102510438392,1.6209327853331168,1.2223934376505747,-2.811242041093297,-4.78026107259716,0
-0.19214226077978058,0.45384490242754216,-0.1718413526919791,0.3595299149540678,-2.1055274736481975,-0.3238926043071353,0.5315303630682593,-0.20969915421321628,-1.4951333483467226,-1.0454013392834056,0
1.6901512756994281,3.1932215807572244,-1.3523552958265572,-1.0476434539060457,-1.9913679852565247,-1.5386186531674482,0.4879127521278857,1.2531514008522797,2.2646086708691455,0.3650286633987183,0
1.89050682532525,-2.9055504155661103,-1.518022177412322,-2.945476273414645,-1.7722789448639098,-1.243823469758891,0.21150426233818476,-0.1340514361970109,-2.8316975421943402,-3.2711239580497184,0
0.5034356883661597,-0.22759568082884396,-2.87463784545478,-0.715731597844613,0.8861900655153454,-2.0207601232868706,0.1849566199111648,0.15325349931811524,-0.4039678479525235,1.6042297716441671,1
1.1202796819597853,1.280361972185241,-0.03504084898425164,-1.4703974183893833,-2.092130443613315,0.25740790492837085,-0.8726919359140094,1.3149370453402958,0.5901497850723322,-2.0679051144229508,0
-2.7995472352663096,-2.400411446165868,1.2226469408446272,2.8101050700527215,1.4719168712657569,1.0078951534443088,-0.02127284963109477,0.7828775531887718,-2.9368288862367,0.7701600061428729,1
-0.714472926952628,-0.741725063779011,-1.7400641208312546,0.5624810139108971,1.4855857738851932,-3.5100904691808776,0.5157676015642436,-0.2166960864283521,2.8126419709230834,1.5293517225930913,1
1.0943506647948398,0.4786655221374748,-0.6013113932077793,0.1731226853111119,-1.752726767737344,-1.6444860296800932,0.4504141613157049,-1.127856246145756,-1.0570630355399913,0.6897845162644343,0
-0.3530878381190258,-1.4336080431053044,-2.3713891051271743,-0.32956567786224733,-1.1352800979564461,-2.5119702734611726,-0.12767504441391503,0.1355242975292022,-1.804889375037735,-0.9439706716925098,0
1.4632867819737019,-0.7139789111390042,-0.2909036319253948,-1.120566902788957,2.279622523075336,-1.8227776448911226,-0.4796345662507899,-0.26398429691721137,3.6888981851780445,1.601660843437287,1
0.1739533638488452,-0.7416626498637862,-1.535941483149694,-0.406374578112884,1.485607107101268,-1.1697981236558554,-0.8405797480802278,-1.2576295233777415,0.19724007126217857,1.2938957614651239,1
-0.970358911833297,-1.2564844752438422,-0.6199809864308332,0.5064733666135028,0.20337859802894798,-0.8622147793479453,-0.49841432180746315,0.6105642983892529,-0.8225605828185127,-0.2861263343020255,0
0.7858605540120609,-0.7326382735215121,-0.7371054793983775,-0.6933451146551213,-2.2884990379999235,-1.7907923825102283,-1.299678552330366,-1.2978410999073327,-1.125241007272461,-1.629357726964987,0
-1.4410740949753018,0.8037644406958138,-0.7571799404880017,0.9375592275925546,1.844706512443733,0.5588715074734137,-0.2465739131214918,0.7064066086532242,0.6417936178953978,1.612739677123932,1
-0.1597592708582094,3.2407581049393483,0.05262897343148376,-1.7339286002335328,1.731708157778928,2.9918793761619797,0.5948410212322582,-0.5629827138769333,4.464260441074712,-0.7379804345024608,1
-2.1178502805803587,2.488776501729417,-2.4116361067875314,0.08799131532380766,2.9352241919833055,1.0991052519466027,-0.43547404803817114,-2.502608890607422,2.585758572494309,1.5684557192920239,1
0.5714622758871988,-1.4927648569680507,0.04433196409987117,1.344791469422083,-2.857418634797391,-2.0679732533589448,0.5160827786355244,0.14074249383524484,-4.314870874441612,0.23749458810857282,0
-1.2554213915196937,1.8030024218070895,1.989527746189124,2.9174904157083668,-4.046624571090743,-1.7828144232121872,-0.6501290434271516,-0.6184311671945354,0.952575337735424,-0.9820208236120743,0
-0.20389985269137234,-0.4775878433823074,-2.438531007573124,-1.1691504263320014,-1.3055181535143252,-2.009185114143289,1.0525023654355217,0.37912190446937244,-0.292406488977786,-1.9073007883533886,0
-0.5520022448864417,0.5369307620305772,0.5478143893178617,1.4759760470426277,-2.539834007668725,0.5748644638232365,1.217912665058428,2.4264722892412673,-3.5630516610904546,-0.38187860699746545,0
-1.280775421476343,-2.6856444076488173,-0.7112523561036046,0.22959031130185265,1.3898886991217405,-2.1019043946599676,0.25799579679164625,-0.394047285397147,1.0631928754463864,-0.6320192787593011,0
0.38598955224397624,1.8057491839569315,-0.21695146291670997,0.5756793659895154,-4.141281700113768,-2.508548840556581,-0.019260756073364933,1.1326224577717492,0.6032024239493944,-1.3763814565486894,0
-1.6440968733026795,-1.0558502020107516,-0.8177976156197992,0.681540143295655,0.49968808086005717,-0.7015851184166286,0.6233731816446291,0.17858720645376372,-0.36345402263026005,-0.49205887723913255,0
0.7335348249434581,-0.8201591633781642,-0.8172422478759553,-0.642786916242188,3.02161183156242,-1.8034471628857986,-2.477903509100612,-1.2700847385126517,3.3581516346072173,2.238801212454934,1
1.2250582101027399,2.7009890744238603,-5.032314256670981,-6.383702110787955,3.6424664374639275,2.6465830273178224,1.7858508911882716,2.1885813919915176,4.4102524968893775,-1.9943504723588186,1
-1.6710528481157092,-0.994926521464063,-0.6840108935390634,1.3519227343324818,-1.784132692185746,-0.6295603511502292,-0.2904631756612649,0.40650434599374996,-3.392833448049291,-1.1801942652255764,0
-0.9409068351164183,-0.32913667144544134,-0.13666233648066306,1.3088877047076977,-1.8978142929348998,-1.463812581195682,-0.04962838937746495,1.0199550425103299,-1.2860586128535347,-0.6740947058949442,0
-2.5387202504303765,0.147023286536913,-0.25963228940134964,3.2963798708448353,1.8517308508661743,-0.5126927363715337,-0.018819678361340055,1.1204504915105322,-0.6367891189934116,3.359206680011343,1
-2.308747182384736,-0.26476631503752013,2.092999497685294,3.994090419259406,0.4239661254575593,0.3884007635805712,-0.7202799841208976,-0.9006397479781205,-1.5222716598107247,2.3422443860251834,1
0.9215214526750571,1.0361387482899271,-1.6611721102273451,-1.4192659422622738,-0.041248404722687315,-0.8755295752244987,-0.1150708048831132,0.25781470525498895,1.3499672867708843,0.02658973945722143,0
-0.7945278520540942,0.780391468949561,0.4742936001254059,2.075860500987095,1.7498616556179414,-0.3704293874978801,0.7212190478619405,0.15777131125366864,1.12120518280404,3.3253725342600475,1
-0.20209669334628688,1.1570761474903901,1.5609404113082328,0.5353319667598034,-2.57263462518069,0.47687333246462704,0.49826470719588245,-0.9874504687235515,0.27271053513606436,-1.9211181188002988,0
-0.9501158342922562,-0.5518735458536761,-2.960117135835884,0.33987979993569795,-0.27658850518097244,-1.6082607982877493,-0.11772948986164354,-0.44579271549194277,-2.7513735567084434,0.579994929817528,1
0.49740123403743963,-2.709886142213234,-0.4695475506330149,0.4267969336493631,-1.3401992250325907,-4.423152750744892,0.12195702337604605,-0.07009454536562351,0.03356514920854359,-0.40223661820395973,0
-1.2365673905518841,0.2228375578541919,-0.8063295270540167,2.1542136452256933,1.1769898490333013,-0.835862457766011,-1.1836787845202303,0.5842302068737311,-1.0712437907822085,3.0644417868183704,1
0.19702180407566994,0.0915569501591984,0.33632427711838875,0.28771960695858645,0.9520969052008064,-0.5273571739880372,1.7242782491692652,-0.23059991204213479,1.5657714043186002,1.1516173232180476,1
-1.60944402200774,-1.1354556356331447,-1.8055595432198475,-0.7476147181996363,2.6171176127116045,1.4261839241252539,0.17895641128644235,-0.3786786927501306,-0.9318251024141224,-0.3563694977691476,1
-0.24346550169621106,-2.02684870794911,-1.2723474505085024,-1.6378245594992018,1.383353733576758,0.31927582427843904,-2.0119999681061094,-0.06854003632721566,-0.6545146421701818,-1.4964379321874544,0
-1.4596993699743526,-0.02487347431195408,0.7850617177863142,1.668879501181637,-0.13731175950134994,-0.15681082228615995,-0.9469852794696143,-1.650721133557372,0.146460930707756,0.1479062973850951,1
0.7557503063902355,0.07673172306895826,-0.47326298733375705,-1.862649751641162,-2.3048364505317847,-0.5957101985302475,-0.3517508018086691,0.6388666960288489,0.627299634704332,-3.3794368004848705,0
-2.4294776725078697,-0.5140785291936663,-0.9860919337000542,-0.473804678168683,1.7227834488141016,1.4572626592362266,-0.853945156783445,-0.43418845571555514,0.8636911400834049,-1.9903045820574397,0
-1.0789891407021859,1.143401680766464,-1.28279776414881,-0.36572327106237257,1.2768981347870576,1.4469546101988964,-0.6992632073839163,0.1433862632298211,0.25001646145286394,0.10334842234514707,1
-0.1889328725936653,2.7291992164869043,-1.2057194070309638,-1.093568872946112,1.5715056048996447,1.5508581661830876,2.0439587625081876,2.2493267919788082,2.7161986978986548,0.6008178222786005,1
-0.1019045935197811,-0.026299220468902762,0.20432690040231605,0.2921705517502936,-2.326254017638127,-1.7340331960333233,0.42540862941858476,-0.8261699543891778,0.49817255819328876,-1.6690443847205474,0
0.6372549126999565,2.549630009269325,-2.344456266921683,-2.005801186502581,2.5633264121173536,0.3085061577924153,0.2027676016233806,-1.348331505280538,4.061866682271243,1.4532986552586888,0
-0.7514010754568414,0.7342587432774528,-2.648873838441138,-0.5161452306552283,2.796076278787607,0.005548039919763936,0.38649477481371236,-1.2984998504533216,0.9448550004001404,1.955962218399094,1
0.6832578344307683,2.5568896627903728,-1.193047937338732,-2.917653686549713,1.5764768504267115,2.5146536477660932,-1.1299202649946272,-0.7377677306541011,3.261981402572048,-1.0676898936923314,1
-2.977188049446095,-2.18123025559122,-0.15915900160673901,0.7901105456020134,2.994510519660815,-0.01588785857882935,0.020636540357505586,0.10777765615764831,1.8895190963069028,-0.7813268273364695,0
0.5605132187688463,-1.1056656116447132,-0.5903017550687004,-0.6290188884350016,4.506905951780286,-1.3475030497170142,0.2587381947209566,-2.209079052487446,4.174429694989861,2.9670731018900405,1
-1.6985380919440778,-0.15467371248242046,-2.0724344495393074,-0.32479981015677184,-0.014138790988124983,0.792107318493577,-0.08655548235096343,0.24645662694886805,-2.1437391703906408,-1.422273816747335,0
0.027137203690074108,-2.2082401678689108,-1.0063309660741826,-0.9001557765930888,3.5260565976514977,-0.2524044491449159,-1.2085151668214802,-0.3046510841258466,0.6754617335406087,1.297478923430396,1
1.6325668941887717,-1.4769744212472875,-0.8830677869518992,-1.0368326590987786,-2.221410900412849,-2.1853909891908905,-0.5772878506026698,-1.261208255613675,-2.0602134442396034,-1.1317222758618886,0
0.052412983248865785,0.009389721970399112,-0.27923612807407183,0.9452184053750284,-2.590469199467314,-2.7790682398936606,-0.5425759109258408,0.45773404256970673,-0.24025919874313484,-0.4569708896744056,0
0.2921097517985811,0.8660506657329203,-0.7422919460362387,-1.3355285639598433,-1.1170640599769552,2.475252678918423,-0.4029398491392732,-1.1527341511396405,-2.86988440638152,-1.6369203292030794,0
0.6507660067213168,0.29315547604735315,5.326604262237869,0.6428805604450631,0.5394597107318617,3.0575608717057916,-0.47535476332425175,1.5002569910125267,2.8793436083763657,-0.531054865022218,1
-1.0926676840894882,0.40798761842622755,-1.3049254663252132,-0.9888623172736996,2.3966288906629907,1.7706366986025244,-0.00641121737184105,1.1392905176591448,0.9212828804288945,-0.1814890184142519,1
-0.30878084742248246,-2.630850536616952,-2.891627787207494,-1.0080541140100694,4.6490818103672815,-1.804561970528915,-0.39693460702118855,-0.7247550882349062,1.060521099231933,2.3688080512237835,1
-0.7009972854039324,-1.5781965313115784,-0.017096064770874886,1.2120967269273435,-2.003976756952511,-1.6331700407145018,-0.859254503978079,1.2526450073130468,-2.6311870930555035,-0.9296526141148771,0
-1.1517217661124757,0.7247434207588616,-2.0545629681304547,0.4756356337741643,2.842286861865431,-0.23414980947193054,1.2446945270238519,-0.544477091775859,1.0135283429862907,2.6475904466752853,1
-0.20690977878459482,1.0437493894665102,-1.251059478755374,0.3117389765191483,-1.5177280428035547,-2.2507255824434154,0.27118420504387725,-1.1199452705772128,1.0913638063413795,-0.1718939453690157,0
-3.5679927870355286,-3.164511671932237,-0.329556863794061,1.203745199903189,2.6740603174659525,0.4866307649831769,-0.0108403397252406,-1.6538143773217335,-0.7212265458866793,-1.1625254719992748,0
1.2050973140923498,2.2415867779591707,-1.5681831118494518,-1.8110977056913002,-0.831636251726206,-0.9124530860976542,0.20278036280499484,2.1822678096954933,2.7462728117286126,-0.6134229057890975,0
1.5069116410355987,-3.161586460032413,-2.339408229146191,-2.81502646446814,4.106155106582038,-1.2345130210791329,-0.7675366433534065,-0.5619298595106359,0.9615988416273809,1.1144027823376745,1
0.8609717591675379,-0.5569277278686524,0.4118611654206177,-1.1985985750610912,-1.9234967794524986,-0.08362006740404271,0.7003291706062024,0.10512109653044063,-0.5112287955185861,-2.520937879665692,0
-0.0692000499108203,1.8317437322210683,-1.4185418388460462,-0.12499072465137384,1.8144343888459962,0.05965587610634904,-0.9084700343013888,-0.32410908299910274,1.846478168180448,2.2341449306065035,1
1.8456021765076245,0.04427158267911535,0.6496116599836177,-0.8534840034692641,-2.165770600222818,0.03093869760900092,-1.280987923737443,-0.47321118845039606,-1.5843350981865902,-0.8931130087455885,0
3.241462404666329,-1.7403226431168737,-2.030407955388249,-3.6530074122740976,4.2673323601982105,-0.5846154088713797,0.6199160472041114,-0.6038386269228911,1.7986396252351626,2.322883095380555,1
3.4768747647431946,-2.004707718039878,-0.17449409089016732,-3.6995763792195526,2.688413644149338,0.3849228877069062,0.9986040951492808,0.10673977736161182,1.3872913323494083,0.3677704327037239,1
0.5272934523541215,0.04777070124703364,-1.8036247676535595,-2.1873560106279424,-1.0492706678192494,0.49240073339462054,0.5112357322611427,-0.10330278363940919,-1.27450489948139,-2.372805394915243,0
-0.6894203241222323,-0.6095685141731402,-0.7540959940045853,-0.33022450448562213,-0.46854852779624556,-1.2044307939442829,-0.8366687784230472,0.41976763023027386,0.8766525673055974,-1.551718711830189,0
0.11697780952438852,1.8256750781421203,-0.13476946229606346,0.6804616914442845,-1.6806234787959458,-1.1495867724067679,-0.8057858969738931,2.143365982742418,1.0012536580853035,0.32069487352794823,0
1.0989472405587744,1.907303638205556,-0.8203696350986549,-1.3795393249213252,-1.2579340607654672,-0.5938939381720469,-1.3705612342041356,1.093222897070873,2.0222535804544046,-0.8554661783078503,0
-1.4053334209425374,-3.6334813047663177,-0.10794241690377548,1.826330196300136,1.3161601646469896,-3.3598332638409394,0.2898532048768381,-0.012008236636839758,-0.01460107966878088,0.97462435328124,0
2.9902082080380383,-0.7813746442571868,3.1279515134433735,-2.0044034609842596,4.313189046168519,1.3073128776866163,0.40625298273216875,-1.8862155652178947,5.896738717407747,1.952672964110932,1
-0.5220819449090325,-1.4264789274315222,-1.8355232333053235,-2.126406496073101,2.1965816509131217,-0.137404994369134,-1.0972729301249913,-2.381292394715473,1.8427920165253537,-1.6340615012725415,0
3.6787556668441637,-3.02439472967124,-1.7038577491892228,-4.756029921780875,2.854307606585264,0.6854149976502024,0.7491988165286851,0.6302361987253822,-1.0611263927767602,-0.16927329064265995,1
-1.883108088833056,-0.03747892316984536,-0.16209317359325903,1.8110354899925345,2.815923945315746,0.26927695089723747,1.2225441529329892,0.34447844084702445,0.8212499614397446,2.5612283037749766,1
-1.2773967378422988,0.39107815774318067,2.258878394019356,4.224770978540476,0.13781060147098723,-0.6275435030624534,0.7406840039235968,0.9910713165974248,-0.7895330432125498,3.7469473190825364,1
-0.7994714830085303,1.7975582770514285,-1.18532941217516,0.387293016173865,2.546823873605488,0.27599729261982975,0.06809748720309289,0.18539708837651292,2.4740491711493826,2.502442809002253,1
-0.9264359146981658,-0.6363969673338017,-2.079086862972227,-1.1598695905901355,1.9950515856113429,1.2018462014010538,0.5615768839160554,-0.9187074761481279,-1.0465730802772693,-0.3342044656445853,1
0.5011292110104071,0.3478926289613615,-1.8615413044456417,-0.7869793230691435,-2.190943460275239,-1.1561850416010897,1.153033415512948,-1.7052889346140854,-1.961966084755101,-1.1209360063864553,0
-1.7924656028780592,-0.4397183796524877,-0.5066303684929404,1.3404920139319279,2.966753702402053,0.3253400423175349,-0.6255383602646701,-0.41377772801851714,0.5343525377467722,2.17990874251345,1
2.2275737210173747,-0.9772652039831806,-0.6607791112092352,-2.055498649721792,-1.3608075412063516,-0.31942060144836204,-1.2274587132122954,-0.6076286845249997,-2.062022024217936,-1.168521024227128,0
0.8309096430104643,1.2102246165363868,-2.795877076868603,-3.832381951950505,0.6610057197588888,-0.19357938653821039,-1.2425321147227057,-0.6720310766470772,3.7646180772487607,-2.587098802839291,0
1.8164741461578897,-0.094867894683631,-2.029288856423448,-1.0325545771588662,-1.4309230703421478,-2.118889005054517,-0.14482749406013753,1.6927134330812508,-1.8079720078417587,0.6439383299313919,0
0.5506235876157096,-0.1144089173421583,0.5461875829123963,-0.14150235515469844,1.643120071209171,0.044644083390211975,-1.4972630890388055,-0.537775499001422,1.72228538720795,1.3303946678142595,1
0.6579742038389156,0.5823216874054757,1.2353847718617814,0.1399282149536123,0.827358515385336,0.8570065034114391,0.21789738989705285,2.200923817571368,1.1132452438070464,1.1409409880512276,1
1.6187573114847775,0.01272763942111066,-2.003462369643329,-1.3349166206354415,-0.5804411030141536,-2.135191673828719,-0.7307838340448287,0.3547999477473889,-0.056496484923077794,0.5313044559936709,1
-0.5423325827072445,3.7960486174541916,-1.398167271128736,-1.2140357529463794,0.8092932234859389,2.079447833427453,-1.6504891835450084,1.655152260389907,2.9147251223213866,-0.20972282536549547,1
1.2355155048436184,0.3056573212735536,-0.3839792570083178,-0.7581580402113937,-1.2758764161514828,0.3647062581579146,1.0995834452105484,-1.5740329630187886,-2.085449565723919,-0.18613086842248028,1
2.8081600201180175,-0.11173045422958183,-2.705303915307535,-3.066385054871203,0.1697679552164557,-0.9882135763183788,1.553279187692493,-0.7537774585576116,-0.7924468503815896,0.40923098731873186,0
0.26812647322089544,0.8040653462024236,-1.4724565120735227,-2.2741988898082885,2.4442664143661426,1.6429212977302592,-0.0472906457085348,0.8323098862541146,2.0425392282379047,-0.24503807466925975,1
1.2473520311491995,-2.375373926964021,-3.244707552876041,-2.280049774806402,3.578553464201115,-2.772626549543687,0.5749789386832206,0.6337653673765664,1.7352702896157561,1.7614204714032975,1
0.19264259019207408,0.16892977461488856,-0.9595182477489971,-0.0648511177723502,-1.8314188161383103,-0.32966059539621206,-0.6153330439689177,-1.4070173807365334,-2.596334124803553,-0.6061015835671042,1
-2.192371233982348,-0.4328136330746315,-0.4304806943702313,0.5021555931325258,1.1938229483766118,-0.7231720690353005,-0.024367842495843037,-0.3613353866915454,2.7106631811890187,-1.0903613399787,0
-3.254542309857304,-3.7955791180091873,0.7956549020973283,2.6876269340109324,3.6259809414423954,0.7374472171215256,0.17043247688466234,2.1417918242155274,-2.2902560517977015,1.4914993412711368,1
-0.7226412688789815,1.1134903810490837,0.3810663404228052,-0.9184550333054075,1.765349165090351,2.721472265655611,1.530094463673149,-0.7996015749461614,1.9616743416971665,-0.8056920366921401,1
2.2621890075710547,-0.2871602172287965,2.149889785164929,-1.3454009959620932,2.5704342262874396,0.3769450065204807,0.2364954976482552,0.21999147392510457,4.511154175056179,1.3671470589871322,1
4.815835730736695,-3.8136303923382417,-1.8491418648624023,-5.943661586943656,6.202833321583741,-0.22691274632324276,-1.0280318644631352,-0.5030130525315085,2.8405163714954833,1.6764027133198918,1
0.31030371645962984,-1.2724109585332575,-2.115033572058356,-0.9488979132081159,2.4934498824496756,-0.4980994896396864,-0.4338928181659582,-2.912160024645764,-0.7477483751635878,1.6587789712868997,1
-0.49434396083666243,0.9730750784892532,-0.3232098075718034,-0.9803995323115614,2.3594731866492817,1.9566376524228506,0.3976168340531924,1.155994453672315,2.1733098136638986,0.12580567449916047,1
-1.2428798080587065,0.2243903953381201,-1.1156077146041719,-0.05316661716358073,-0.6637496208756687,0.14132937934607837,-0.576573068946119,0.06134876533123672,-0.7246984412282788,-1.4424222080986924,0
2.432115141769203,-2.9160520534466965,-2.1571935184770505,-3.374593585646214,3.0987994519216677,-1.7878607918165386,0.2979146051656283,-1.0756676095682847,1.4020640366538535,0.5825668382447238,1
1.2935284308237338,1.4763039345561113,-1.3395994855713336,-1.3240858757525298,-0.882132119693418,-0.9439241838969188,0.5091394756715406,-1.7964587211700052,1.1618159699701736,-0.061867534480752884,0
-1.1091950967973263,1.6445925564223645,0.3356391153613967,2.1747835367000685,-3.640105163726229,0.48697923537126897,1.1318740238960365,-0.973599064367939,-3.9260780886643145,-0.46184533235762615,0
-2.0995359573402683,0.5054631996251618,-1.3359585370292826,0.36224647468954074,3.2473241175984926,1.2262180489040109,-1.0899378998563545,-1.5066164641123083,1.3866303242951847,1.2303289378583118,1
1.7710694061158259,0.12205106856745407,-0.19044696999290056,-0.3492629362727053,-3.229621930461082,-1.5793962815706613,-0.02097995741445105,-1.4997148109085592,-2.142616808366831,-0.6289084328304252,0
-1.8721515229147707,0.2174371448781497,0.846924545112524,3.706538802386286,1.372456700142872,-0.7244308934429371,0.0018330005944814697,0.23284245073663914,-0.40002080042323085,3.8502423187074952,1
3.0545458183676604,-1.2072815585782184,-1.7124968496766642,-3.1523974583388847,1.874206784435435,-1.4222514656498668,-0.19969908193814329,-0.6017875088606148,1.4788258967045251,0.9657588736844636,1
-2.0635455986908022,-1.2138288183940107,-0.5260171541377667,-0.0930068976599675,3.27606085248402,1.9159905874163587,-0.38931972298531436,-0.20709514261728257,0.2654612161359108,-0.1615945101234324,1
-0.2161378159688594,-0.1498663231432077,0.4890680087486694,1.7455834921747178,-3.0465803774641906,-1.94802106601461,2.0248786093294457,0.579509315637012,-1.9924970350631286,-0.27179846009853814,0
2.664817404595937,1.9956252925106102,-2.7070897895564574,-4.0082822974576695,0.8401595983762276,0.6862273604323521,0.05430390332633274,0.1222844623622011,1.7765137744991666,-0.16738793225287107,0
-1.3776145160619913,-0.5049210583821563,1.4553040839356912,1.7891174378333183,-2.4651268538751965,-1.7463767185068408,1.4264972727185825,0.40146249920536903,0.689829765422282,-1.9052800362912703,0
-1.8901692706422448,-1.7705302249016168,-2.535627336725189,0.0638077090549527,1.3898062135444094,-1.1791111333121584,1.0372753806398205,-0.22928138205741125,-1.1296673470084655,-0.31070586947414436,0
3.2637866337718893,2.7152694312118713,-3.391793136678353,-6.704726609999816,0.321239719495904,1.2499856738069375,0.07226790976889787,1.060828686985884,4.378776482252972,-3.3890189915256212,0
0.04113801668207251,-0.3317148261581955,0.9796361339610484,2.1316817289180534,-4.260015873728702,-2.7024828615941674,0.5769171804036888,-0.5117639567336494,-2.353997623108825,-0.6198290653210526,0
0.4518697659755877,-0.5711592561441746,-2.007186438349409,-1.2979090366619959,-1.4882151305788405,-1.9293086057950424,0.484597102508585,0.08734145602504807,-0.5651978485011099,-1.6609154729249282,0
2.488852122359441,0.8932114549430209,0.3891903436628714,0.05530950440482146,-3.239718243944676,-0.8865844453070677,1.5770748223271638,-0.22776128871237047,-2.905770404675744,0.8098731622246007,0
-1.2211135516515947,0.571992733339981,-0.2957048155273302,0.28222631253415525,-0.16970223866187853,0.8590542868453435,-0.36424132290427624,-0.599774369181513,-0.2428764196501575,-0.8707413809931498,0
2.8128056203122425,-1.83578967992894,0.12812131103210334,-2.8810415521508053,1.757761755068821,-0.4773052688218381,-0.11283198831147859,-0.8247039091345449,1.932539598062692,-0.11751881557656496,1
1.2758317614849828,1.9826641805248786,-1.7923175103270776,-2.5301874949299834,0.15000763189763888,1.3065928715216408,1.5404289516874607,-0.05022968458993645,0.716703146809107,-0.6145197967626455,1
0.08838199273068592,-0.28488768881385373,-0.6627739071635856,0.04585572861286513,-0.6326427449640384,-1.641033890939641,1.018455956545013,-0.12735409025933067,0.33060910395239096,-0.114690619731046,1
1.2996409546290368,0.09150359954462894,0.3257043347191937,-0.6605796569191373,2.5007047348600184,-0.22349796627001173,1.3302577791562278,0.023579832834283734,2.8201165626682902,2.2422355409884487,1
1.3220332539060218,0.3070171930839305,2.9631511429700175,-0.32216655581767295,2.0930006467599185,2.7441019372757856,-1.8537327448341785,0.5908917258760729,1.8237707991933307,1.3130466972352548,1
-1.5468165180033773,2.744484423506636,0.5183506952673642,1.9034862131164183,-2.498440407573355,-1.5455895733053586,0.11842454599139433,-1.4485810468269544,2.950270376621142,-0.7467865837361067,0
-0.5409237968169816,-0.7253117332309895,-3.467702663564657,0.04877415792324191,0.8360124721037598,-3.555917092580241,-0.13937030827390118,-1.4925959941304103,0.21801072766691676,1.5039704757780883,1
1.6702134321866255,-2.551554165033969,-1.301411626150517,-2.5667718119994376,3.157828449655862,-0.479928618114983,1.2567252018433608,0.7819040520106344,0.7744404097764483,0.6186178541141518,1
-0.39565703010293796,-0.49859701330673256,-0.617427588193448,0.33602062644536035,-1.9638347956917659,-0.26306475233228643,-0.616623639167903,-1.7409782579765491,-3.1086308781289165,-1.1593137933176056,0
0.3242120843286982,0.07460245188391545,-0.7983409008997547,-0.022650291365789,-0.48208498167546415,-1.2102129413417613,0.685706026481484,-0.4310844764913339,-0.13001297933929212,0.390128362506416,1
-3.2648034151641707,0.015179265948061182,-0.35341614895872164,1.7769295947151695,2.919560097425105,1.4602994747950722,0.19520524435250644,-0.9298477130152097,0.5895655124534993,1.0560084704828039,1
2.0661839865621743,1.349403943102535,-3.6421090079451397,-3.865440876588683,2.2192777562605333,-0.23421342899122422,-0.5559134963140018,-0.8723402853002961,2.553376509780883,0.6042168953152778,0
-2.146604021441954,-1.8403039224713713,-1.4879035896691484,0.4391923195798604,1.557090721844013,-0.9706657636332331,1.2798011722758311,1.0911386331964843,-0.04255323941102407,-0.545282821042276,0
-0.06163331756619628,-1.4654787344523679,-0.9444321166676609,0.4141874612070974,-1.5017393103511718,-1.4237510705271565,0.0287300298878513,0.5767924879259563,-3.2212182244573846,-0.39820563581574153,0
1.6105597057415117,1.9432402590414233,0.2570974910789332,-0.6565301528029941,-3.866030730135788,-0.8414465136950939,0.5923173021274616,1.1469793007809541,-0.04980089330263571,-1.6012236686871335,0
1.2622836709452285,0.610734386230356,-0.16035271562803988,-1.1078244106757036,-1.8384213050158413,-0.4832706699308532,2.4737591571125623,1.392864689751377,0.07310139165109708,-1.2728432199427928,0
-0.7382052243244119,0.8239013693258344,0.0004592595507206809,0.16572609012759942,2.778739818454813,1.0699440955853243,0.08389261934609128,0.2647178681134684,2.4815350354478674,1.5918497440980675,1
0.7959606545437465,0.9752278475422502,-1.801555057544434,0.5412989731621323,-0.9869686043012112,-2.5029802771609844,1.1507032746667285,-0.1534498511268846,-0.6794665565586033,2.1507665728985286,0
1.6722920842978235,-0.3623188477828778,-1.0892752511926427,-2.055077485087921,-2.0163991834409694,-1.1120743300276437,-0.43067639196021534,0.5352151476096952,-0.6613754598219725,-2.0688202186990594,0
1.724295600877177,1.1219577504964966,-0.134126972590897,-0.7087664320573751,-1.496097861775573,-0.2929776116215045,-1.381680034110053,-0.6148146733211092,-0.5113707487792245,0.3030179772319568,1
1.1806670877844603,-2.4810961767551767,-2.8683695948199626,-2.285759801815326,2.9448551149725275,-1.3582456900498585,1.9382002425310245,-2.1862783467740807,-0.4381321311172086,1.1222863810124142,1
-0.18259437884878182,-0.20831796278665426,-3.6198824037932176,-2.876102452201432,0.16035328733866328,2.271140251212266,0.42877219013554113,-0.9457381203722185,-4.115624798506785,-2.271172484922538,0
3.195259055430965,-0.6634194434366177,0.6297868105156448,-2.665069488416184,1.7989887939378795,-0.22357526459433086,-0.3054412138436379,-0.494350119949439,3.027465912531953,0.7063204832063825,1
-2.2692654522665436,-1.7292922865116949,-0.7385693036393498,1.5022137886024092,0.25335178982890977,-0.6656000061629441,0.2627495501508767,0.2697843988390912,-2.080586033970309,-0.36432899050131073,0
1.5826570486644196,-1.74409610373456,-0.3396091306578969,-1.9470078130376158,1.6505253109819527,-0.06597515569038492,0.04740355061146023,1.322458641608277,0.3773252708122563,0.02579571920056367,1
-2.566264039938545,-1.4378462050352772,1.288636085384184,2.596829171544182,0.487801415824322,-1.5688637047195697,0.2929652938630931,-1.0452586898456537,1.5899817977978823,-0.1084218310560765,0
-0.8593535467076832,2.640232568069691,-0.3825594964846517,1.665823373047974,-2.946212890045368,-2.95739582896452,-1.39380444589965,1.2671281427247396,2.7094265882888235,-0.19745229267070685,0
1.120627732869223,2.011943460581155,-0.9455150730081292,-0.9213906722369601,-1.3663413400073408,-1.2957204057427685,-0.18043853535069926,-2.093108147319697,2.0817698786778136,-0.16945792208363109,0
-0.19753821701841245,1.5127707695365196,-1.1839033368632481,-1.495389314030839,1.8315298604481611,1.7513926456947535,-2.4535555716504254,0.5368721626398448,1.865316445597807,-0.08458897870787707,1
-1.8953034511084814,-0.35074063385844045,-0.9878108187209579,-1.1127878265228426,1.4123479979093754,1.9622450027749196,-0.8517995170386238,0.3083516207661589,0.511965168277615,-2.438291918954619,0
-3.38043798662168,-2.507026806526363,1.8514064022434784,4.369432283855498,1.7460437954619834,0.33128563591139826,1.1822352190216612,-1.4048966975421424,-2.86242050199799,2.1956569079034116,1
0.2605997438381987,1.7119278275382004,-0.6457945556645805,-0.20095982866320578,-2.011784629872385,-1.560519332523231,-0.6062040770452595,0.9779082692731105,1.7771729826909262,-0.8805381291774792,0
1.2058002512813362,-1.9272460878659148,-3.1478247701926514,-2.1646308810245998,1.62333847324662,-1.5113101229042751,0.1799085264201432,-0.9003699030639426,-1.3825215431687203,0.6508739263292695,1
-1.9432593871177792,-1.5047420700675493,-1.2597841735022854,0.8265676427349277,2.6253454723648613,0.4609285168475773,-1.8450050639323654,0.8039481419725495,-1.4489323064988944,1.184962314109576,1
0.6643936224166745,0.3202077483088037,-0.48331268385920134,-0.21669162649522,-1.2659555686460155,-0.9496232605389247,1.3410338589611683,-0.6663329518217799,-0.4707998071882642,-0.1502483220620754,1
-0.9616735693414998,-1.5275758465052753,0.8765000795296725,1.7003504567799528,-1.1432510062573682,-0.9663281675612325,0.18062576940507985,0.18671756076823665,-1.9305286386693032,-0.3263513466253719,0
-0.27229665101994727,-1.2405998700894938,0.7227070435074991,0.9248762540076672,-0.07940954775956055,-1.0170752138204178,1.564496773940547,1.1610926999917404,-0.23545989600706707,0.25528458507203533,0
-2.26161347972454,1.5286539282290816,0.3558629436979217,2.348666771860011,2.423531058216911,0.6977650087600924,-2.030782998124891,-0.2936071589976261,2.140254633719162,2.6830138610718492,1
-0.19747261583021292,-1.4657035323071679,-0.9459815504358493,-0.3632357838850905,0.22192737272713858,-1.3112901906513668,-0.05101156810368099,-0.15084244156657395,-0.28906563303213795,-0.5380085794730971,1
0.036228226607259106,1.4786538916066345,-2.395802932798433,-1.9469562136458387,2.455809398659693,1.0389064936657306,0.9287905983168195,1.0439951913306855,2.0263768725856903,0.5927323348998094,1
3.228258336098346,1.6697459976996614,-2.421875956714657,-2.9631659733118214,-2.129999586692386,-2.0182414695141233,-0.8305905203372766,0.24100313766236015,0.7707608850467278,-0.4752977820873323,0
-0.00835620939844095,1.8913545169409605,-2.230386161412871,-3.086557453628175,2.3006960974640083,2.391434556969945,-1.2258637713038287,-0.06779753777992059,2.7115783434797973,-1.2317825831124107,1
2.427197705289707,1.2829791186803163,0.01397766735742767,-1.2888763586033578,-3.1087448764261087,-0.4078731152682268,0.9049201496591336,0.8052312729669104,-1.139623008768249,-0.9318721941784125,1
-1.7015587599361253,-0.4367251601649522,-0.6364320577623896,1.365690486788286,2.6664776566709323,0.24233157004821448,0.8435504091688937,0.299641187443805,0.02927241734351238,2.188863894509504,1
-0.9174776346192601,-1.6587858385270895,0.9614453879431795,1.658016461296136,-0.8798460874280931,-1.9747371157310776,0.3149284684444221,-0.6821146593125106,-0.14629061164987045,-0.33444742094184654,0
-1.530649201384679,-0.9355434886566216,-1.600723601751776,-0.2659558429867527,-0.013080514030513246,-0.21798833103808357,-0.22341724812966124,1.5180200340467451,-1.1192507325258116,-1.6595058232272204,0
-1.8561617599684712,1.1570647504448468,-2.9208490813919985,-0.312148753622689,2.978621202263704,0.7593767200414085,-0.2090990768992498,-0.0936472853382139,1.0259258207829387,1.3111796742428894,1
3.2003943812000437,1.2033220861465534,-0.5024084106680535,-2.6429805694838655,0.2002831762110145,1.750596040427523,0.37669484867638603,-1.4400105363200304,-0.9657557830906642,0.8566859648561953,0
-0.48267302492419695,2.3950709284122187,0.1116591109997731,0.9824457635867516,-0.5766212605618461,0.8763323682191024,-2.3512239413483194,-1.1188770141097768,0.17769069564917084,1.0078782085270057,1
-0.9391261436981898,-0.19597183665809959,-2.5506394780996446,-2.3864110951097675,1.2571656086338925,0.8427638363700418,0.03174527441196894,-0.767799616743906,0.8713739574731278,-2.480219570203654,0
1.8411117758931401,1.5000708570988739,-2.2531961597351606,-2.431708558941244,0.32582133704815597,-0.2372406136482943,-0.8345405524327041,-0.574752983207413,1.0158649475556945,0.4032122976810313,0
1.674317275419937,-0.1286183085060979,0.16418493505355736,1.2814460943580774,-5.523533869462063,-4.1534572964540315,1.116203641743548,2.5107434705476726,-2.7854577518013057,-0.3940564552881224,0
2.844971225550308,-1.842076692334763,-3.2473588960021007,-3.4687032058047853,3.138937199462908,-2.3104405633011593,0.2130043158716886,-1.6140226725624092,1.4906449508072561,1.7987041256102736,1
1.5101177800537182,-1.3620987866488206,-1.3640252095549537,-1.7718796942276416,0.4459889050581771,-1.6032703829796056,1.5228617217029874,-0.35583493534946287,0.25881119186883994,-0.14756028832826984,1
-0.026989672709885393,2.8738622381027916,-1.7974585617376384,-1.744822184806063,1.6287437170364345,1.6618844097344705,-0.6240950503889459,0.989184883976036,2.7913488397575392,0.221520648397736,1
0.9212388009314076,-0.9270188142854392,-1.8656280338806384,-1.312245101945748,1.389179763804725,-0.030010715248619757,1.1760790596352249,-0.04085233955940816,-1.7009953850950787,1.0528954493038756,1
-0.3220077742979769,-1.2161295978229656,0.9075818448476001,2.3213329414957085,-2.8249897557332497,-2.2779956591701134,-1.6402155886257797,1.285028827347658,-2.8680623152139075,0.1588661037953134,0
3.04532712982215,-1.5074001903582475,-0.2635176799487877,-1.6889685710722881,-2.529077217929914,-0.7983891976929661,-0.13426567343942075,-0.4413736136969297,-4.056102187908956,-0.774187997333408,0
-3.5689433609048544,-0.4673632218649928,1.5599003684283055,5.32769122554937,1.517878707483352,-0.39230881604822065,-0.5586137731311284,0.6042883913587814,-1.3345981508927482,3.7879031265420826,1
0.07876012835115498,-1.6058828117194643,-2.2766458211392786,-2.243011702656296,0.18564953914301818,-1.726527650586275,1.5537969464399615,0.5055193658997233,1.0253306604038865,-2.4410656204727723,0
3.1976255962811493,-1.6071065618282145,-2.7459574286387625,-4.601987997997107,0.14937116693734476,-0.5177683432095967,-0.7562817510624437,0.6256228953496078,-1.2056079157640363,-1.7322132094116454,0
-2.3189467604115146,0.7883894920609759,2.246329507123518,3.894993044980647,0.5104006000588641,0.676784886990615,0.25438047962635973,-0.5188102821748805,-0.10942020611121372,2.3848237216225217,1
1.0377223907106636,-0.795681956284326,-2.2658638885094238,-1.2465355611388955,-0.612016157851786,-2.248155345362241,0.312419820099923,-0.19552578102936102,-0.8127277827403803,-0.11878373322952474,1
-0.024042411932163943,3.3495237141327503,-1.0192408651136637,0.6058834795187423,0.5851176318596953,-0.01892925421954228,-0.2747675943754787,-0.26741280588854754,2.07663986661672,2.607323878578785,1
1.208581635448552,0.10737782150438502,-0.6237510059875726,-0.8060245951741145,2.026102150849412,-0.03880313838746763,0.20438134207027742,0.8855832342134344,0.9559333754621775,2.1424599957984167,1
-2.0002434037062957,0.98102092919364,-3.826309868458574,1.9929477781010383,-1.6874469421537817,-4.172719982877762,0.02108763563267661,-1.4665115847458894,-1.2194807062236706,1.3354003609541085,1
-1.5672592769165123,1.5596126662352798,-1.4920821851239228,2.213923880348922,1.2227208237920193,-0.8437033559528737,-0.36442685161106286,1.1965267866828837,-0.14174889368359156,3.4353108072256,1
-0.49199835630802147,-0.28575772632260543,0.9018146617472018,2.6668136269004328,-3.5638572942746345,-1.9981399686929997,-0.38986216006306434,0.0762403304227286,-3.201015517948723,0.1675923653598932,0
1.1434341189043318,3.5533649789010724,-0.910964393605033,-0.9204709363835092,-2.4786432022397307,-1.227239203634431,-1.49414979514256,-1.9339148116774332,2.970403626019377,-0.6486803989949522,0
-0.8642136851803874,0.6105844717036817,-0.8497870239709204,1.2785386585557283,0.09322868261873696,-1.7552702374111155,0.23212204880842066,-1.115929614872567,0.9279714636101437,1.3895238522071014,1
-1.3230318241537509,0.5099965976212563,-2.2486365283067142,-1.0574378926561463,2.0266404572712258,1.5850525286938308,1.0100157172213158,-0.3044430708393211,-0.12763101310854275,-0.29252669198922776,1
-1.5165585598568667,1.7381629957012397,-1.532204572913129,-1.0668552038298569,4.025696374140614,1.9706150118644705,-0.7375609741578123,1.040853540063158,4.0455906036412195,0.7434453349310108,1
0.2848628835996939,0.43636617139119815,-0.7316659104255283,0.2711254151254929,1.5178915854242445,-1.7321406321762494,-0.0333594993899537,-0.274984386289914,2.543577095125892,2.2158124260537724,1
1.0881988293488716,0.8813775917880594,-1.2062137885127397,-2.24538657281924,-1.0786277882492474,-0.6042575011396232,0.7836491298705383,0.39145949793353263,1.8421131905058075,-2.0736302622258482,0
-0.6036456460104638,1.6755240896712,-2.717664236811032,-1.8203066932741274,3.529703335180625,1.0979464151731664,1.8257245471685153,-1.298069751257129,3.1737378142968162,0.9766663724420056,1
2.2089635002425982,-1.7894609846461151,-1.8575436001365917,-2.591198567091072,2.524163938492924,-1.962663298539979,0.3765247479395033,0.7442218991269286,1.9387685329584343,1.1350882979241477,1
1.301138880021922,-1.494319639251771,-1.5133335734767557,-1.6957622704939719,3.4745637095221578,-0.578040710168422,-1.3416521204833574,-0.03929654266971919,1.0842880811503501,2.061780786275577,1
1.5211019948885487,-0.2374100236668113,-1.2109428395767607,-1.370037043645566,-1.2303153694787912,-0.815327888922565,-0.6726458449635592,-0.7817391430916868,-1.5109416273814005,-0.492069157676011,1
0.01992060036944654,-0.20429174953329832,1.2813520635510791,3.06929740191453,-4.288161389827899,-4.775922685565081,-0.342027200248056,0.5491065048747981,-0.19524629297424656,0.4195107949257737,0
0.4414425791082468,1.3470084318268496,-2.187978536741039,-2.2462201493216565,1.9436561798472438,1.2011170504083541,-1.3492552598045449,1.2192301375920387,1.5352592478420726,0.1452174234771082,1
-0.04710980657164643,-1.3603698045880186,-1.9412434594423345,-0.4662076160764659,3.1007893656171652,-1.6325036300571703,-0.6011610571726861,0.44285166930710723,1.2816777559669932,2.1461601426391406,1
-0.12432359244684577,-0.6267997166747055,-3.3759981931471374,-3.201376534935541,0.3069266757379714,0.47213058329900326,-1.8359983639750426,0.015071219282212108,-0.8275288894158608,-3.028566173211285,0
0.8991462819279953,0.9117136517705066,0.44331913443402593,0.878525379801924,-4.481597595000037,-2.262822400454085,-0.07675901276272937,1.32712855550037,-1.3141131110275088,-1.025977184676392,0
4.512140695825995,-3.8739358108128537,-3.411271126865424,-5.976077399067593,6.72051622925305,-0.7463015802317876,0.2866938544291486,0.17718865431852324,1.9056776069513213,2.4657625917531485,1
-0.7691707306743446,-2.8264729661595167,0.35227815223072967,-1.1858697337613857,2.483147666063156,2.3440102531965765,1.2655034894002992,-0.05470847125397434,-1.3300311635125621,-1.571397717335997,1
0.09498776704734224,-1.1542226776428945,-1.4961870265601744,-0.3741866320517082,-1.8074830940195246,-1.5662399688035307,0.3475987709747856,-0.2020869064379293,-2.5472148090817748,-1.2802665769657,0
-1.1804150404511105,1.329254809992464,0.07056497081717206,2.041476402525511,-1.626065089896061,-1.7092206484051586,0.23273655767532012,1.0355390177754167,0.7507169237037521,0.5397884934831152,1
-0.8276250556182588,2.7921599456482893,-2.0055571239028493,-0.17388095506786083,1.7506428830505534,0.5597266260912692,1.0025764005746776,0.015695613275823722,2.2996294306744067,1.7270746965913373,1
-2.4652368715961357,-0.2116610909616221,1.3390121610994776,2.1570565513511366,0.46299885506196337,1.8967369242907859,-1.2003642056425943,0.13342263450928954,-1.4653573061151448,-0.08860667449633808,1
-0.9136677891525222,0.4910975800061229,0.05990122382660634,0.6724950216268356,1.6607869620932416,0.8924962168446285,0.1807438949282192,0.5989127190455752,0.7323601438923013,1.2342643206883683,1
-0.800396324017755,-1.1336986017897173,-2.171381682657154,0.06231494655965264,-1.6636642714583143,-1.3704219612254516,-0.3867476624776022,-2.0819540395515617,-3.4874837065602744,-1.2196476247840993,1
-3.0090626512108685,-0.5518022515868484,0.9401381971932548,3.9653247404712486,1.905658848840505,-0.00878498663991012,-0.5455681502938481,0.4234624916014198,-0.9253302215478401,3.045854357830557,1
0.13010853043933535,1.0765946447829162,-0.5854019256976013,-0.7638119491961803,-0.9267963272206579,-0.7631721368820876,0.29172716706737095,-0.4446994797449462,1.9834698297944058,-1.223146929811333,0
3.1576099083714486,-1.1731777868068058,0.35231432704467514,-2.8535918271245198,2.686541522354642,-0.07528615199513755,-0.5226488881400086,-1.7321861581367204,2.8757285858640285,1.0822735111441064,1
0.653563830172571,-0.6699471950690523,-1.6583912185419094,-0.7985999733983272,-0.26378241772689537,-1.6774128050053634,-1.546002544219677,1.9366797622857632,-0.5681625065765026,0.06675301389622046,0
-0.45444766255424784,-2.743344754547261,-2.2311136386267942,-0.6896998852072256,0.5227059402948464,-1.8881755135591018,1.0094088240335006,-1.5220042980059736,-1.9489436564371365,-0.7178244985539682,0
0.41519517222816127,-0.773921391953194,-2.397213615532248,-0.7423692436973437,1.6548241864657494,-1.894866376182777,0.38069653022978056,-0.4062162565808649,0.32921633394958405,1.6247996064925068,1
1.4392405494504064,0.7471991592110292,0.4869036291756965,1.002921111990966,-4.788946198086582,-1.8419274955071536,-0.6796913292586281,0.6635869591990954,-3.26313453966174,-0.3669339010612691,0
-0.09072376891255374,2.3048845735000754,1.6080322261551072,1.3092513288214171,-4.187381176588314,-1.1973605437407295,-1.1138088850141943,0.6503836913958424,1.4154079054598747,-1.71385041695526,0
1.009271203876808,0.6942762685555076,-0.46380495143614664,-0.4277272025777842,-2.3848894670323992,-1.668332774525292,-1.6155886984680774,0.19078993668678795,0.10542766676189408,-0.8605562012700618,0
0.518988916772601,2.999486894518429,-2.2604804953025415,-2.211538719823267,0.4032448082768034,1.5046417238393162,-0.11253706419459349,1.8159576962321944,1.5178028393897087,-0.40723085051698504,1
0.07544622827429048,-3.7216251343034816,-1.8350548761216143,-0.9606463155853977,0.21312272407183386,-4.1270614036292015,-1.7272594909389078,1.1127388030572323,0.4707754200418468,-1.3601177093726697,0
-1.0409712215975975,-1.3040727993330399,0.33463340370382566,2.058649010034428,-2.0616805065472397,-1.4219561362364006,-1.2395835486530995,-0.8421637639514868,-3.1980015631636887,-0.21262625191664453,0
1.3850542520993332,0.09743472859561864,-1.5360868432205794,-2.756307662955735,-0.7034193971691345,-0.2410437675106144,1.4508473357321354,-0.8947229994386405,0.6401457919215015,-2.140489927319406,0
-0.21861953025894665,0.15018608044759607,-3.0644500948701823,-3.2592259160705437,1.1419707414965574,1.643376262463709,0.8683043154274397,-1.0064125030588773,-0.1727203507823798,-2.5406527688306992,0
-0.6685549224561207,2.3904324448915415,-0.7201316827437196,0.8326489883866997,-2.01113122707139,-2.0244297618857825,0.5171063770094092,0.3362808307573559,2.5067816336888553,-0.3299917145731758,0
-3.7766149944299725,-0.5232638986087124,0.8108131837092467,4.04102022807428,2.966713907384599,0.3993332182356677,-1.0397481089313825,0.16940008059354883,0.021766507338761065,3.0668909651801233,1
-2.115533562271391,-0.4599702891752311,-1.7889082042950868,1.1548792963573358,-0.3521988789619622,-0.5144322198297531,-0.3518492702484191,0.2501889199803346,-2.517351907721447,-0.2556052076715849,0
3.007854433946137,-0.11126426302145043,0.8763649881719529,0.7812032938105937,-6.28193569231425,-3.6630804490620403,0.1267384339908734,2.5189502068882135,-3.7655336227447327,-0.3705227349619631,0
2.0681369921092134,0.15607644083171568,-0.28684142307687643,-1.3649551004472407,0.1385076419350841,-1.2988573141847763,1.2426743804669471,-3.203345609204686,1.783740814716824,0.6830374959517796,1
-1.2362035940677059,-1.0716606787625296,0.12268430127665697,1.7359589409921663,-1.236339404217759,-1.5597453621210213,0.647003972360589,1.3266951829766158,-1.477735746175864,-0.21957519956042149,0
1.4084448077549174,-1.8888868836394292,-1.3448865437916537,-2.0268678360121273,1.830989788767606,-0.5422386686460285,-0.2220470137311213,-1.8719948851431487,-0.1954466922753071,0.3217771969494545,1
-2.2723559100401047,-1.533296884649309,0.12237478955720071,0.9730421418759058,0.9820143962374122,-1.0378168998749466,-1.6066257187128132,0.45347640464406813,1.7588970799370993,-1.1881927985398502,0
0.825037181184847,-1.5339361414506176,-0.75442483796883,-1.216232806585315,2.4929272911507674,-0.15672712319629933,1.3951673934928166,0.02753380967865958,0.46700477986543,1.0804231056578582,1
1.078856506992838,-1.1546693085274884,-2.665138346095758,-1.5816976923844002,-1.8158491642673558,-1.9495806500850987,-0.2665684363037206,0.9575114883231653,-2.8994721471402665,-1.2598465951009374,0
-1.8191672279185735,0.15105876493311388,-1.7998342212386311,-1.7023803411580951,1.032207040184886,2.823363102940138,0.6993098735163596,0.09455095522257738,-0.8716463154631352,-2.861872396640913,0
-2.545696790202636,-3.333679692218817,-0.5163142899008499,0.9298157163458056,2.265724933103808,-1.172549907772917,1.9332925138120347,-0.5478080535254268,0.19322392834425428,-0.67450063802754,0
0.9479026558597177,-1.8316208731661783,-0.7297319846704402,-0.47434660699652914,-1.9249362743792902,-3.7394671147698197,-0.11833901627440958,-0.9368930284616538,0.22464509465373217,-1.252626796701008,0
1.6474040915079817,-2.1364824546866905,-1.9328623361705162,-2.3626337406377775,3.0362997879251443,-0.7533906175366115,-0.8291301835303785,1.3166980645148691,0.24271956194751154,1.2490023058449138,1
-0.898453959397995,0.07922773838876163,1.2451097865378795,1.3257014961196767,-2.1752927643893973,0.29361795260282997,-0.044519447930577986,0.12418161597007096,-1.549749009199255,-1.3382910824870922,1
-0.21303788355687336,-1.8794445290642345,-0.6600616241233157,-0.661828046705454,0.36312940048710934,-1.1818174219598645,-1.13439053537121,-0.4103623197483505,0.13727436212466682,-1.1623236224842648,0
-1.383040457927895,1.057962249771145,-0.2116900405665456,1.115896204172134,2.799153059387484,0.5705339421276375,0.1540289307324705,-1.0524419266144223,2.2951951590165756,2.3827248956915357,1
-0.8284556274153401,-0.9196381849290651,0.7244091326853597,-0.1101611288492994,1.9466259006357371,1.9226478338580848,-1.0918805717350637,0.9370139368194832,0.0012878523598570668,-0.2374700425751617,1
1.4379762485299694,0.4759898265867195,-0.24078445938968018,-0.01527816221100775,-1.654367165104154,-1.1586179749543872,-1.0057392388170292,0.4863532058246964,-1.214518742322244,0.747535808742595,0
0.5933071492008878,0.6370135948071471,-1.643122485794473,-2.934217735339953,-0.37164837039603116,-0.004842030684524934,0.42248462193427205,-0.9654921909980355,2.3763071251683243,-3.0057833786750163,0
0.733833343591892,0.6261309919227362,-1.7355897189440976,-2.257200240984446,0.5627921244442758,1.3913522739540114,-0.8021844392180603,-1.4991797179007504,-0.5051910088082006,-0.8802197312615041,1
0.5597054907291863,-0.20272109386016657,0.11054921117410133,1.3732060933676529,-2.9590907911130535,-3.17569666937314,-0.8777452927801963,0.8117183992815746,-0.9864466369348875,0.28600604269843655,0
-1.7507571196809528,-0.5580932735183171,1.6743518884634638,3.28722208344644,0.8780473438103374,0.09255982627928261,-0.3558291274035128,1.3927341187550268,-1.1255786496029532,2.438074957738566,1
1.8753830228250004,-0.5475191288209335,0.9977716363316103,1.5401019023613012,-4.697974941981682,-3.2659122601670885,0.42564051288682136,0.7731551623576272,-3.3032746621646627,0.3867905729565828,0
0.7115018505481869,-1.2697899564203379,-0.7966147149261695,-0.9825795323169199,-0.5034116654618912,-0.4200857327325047,-0.5460513800970288,-0.2430715512150047,-1.813770413211835,-0.8110212400293906,0
2.6308296432477296,0.7119892745723213,-0.736918275496899,-0.3273391534195582,-7.24846007445432,-2.9336003910619315,-1.1122931557964109,-1.7463909202149355,-4.874862936227137,-2.090860521193122,0
2.5414198703785322,-4.414995207168155,-3.645475330076559,-4.435513274987057,4.060648648686185,-2.4299055268120116,0.9964319432216039,-0.8895409182894928,0.6965184551000376,0.2688564193796572,1
-2.6497438969668217,-0.3807069651836448,1.4160719664014056,3.906245481783245,1.5961794101846514,0.09772571312613221,0.85250127595504,-0.669053934716029,-0.7049023807628008,2.956434539178011,1
-1.5830590631329584,-0.7242800225670316,1.3560066434760962,2.225456538281005,0.9172553409718491,0.780446808752089,0.1868362375314767,0.7867985921172455,-1.1695731369493805,1.2490450356067428,1
-0.3450514134755638,0.7042454129312106,1.3153498804554085,1.1523877812320733,-0.4956245536771458,-0.6011390554413027,-0.9732126983419084,0.17808156666067446,1.8700555677079342,0.29669596465057213,1
-0.002172554686934447,1.5899221773652084,-1.18885671123102,-0.8026448566164281,-0.7867738432494119,-0.8201575134091682,0.683062711399045,-1.4308585839323829,2.095246646389433,-0.9000436262836234,0
-0.021896615895375726,1.4049180733055955,-0.4796772611507778,-1.3670106851051649,-0.6434900559474317,-0.12094934641051425,1.276694199339649,1.3046027033473253,3.1124945376080912,-2.088476886783048,0
-1.149915833115961,0.8366071376597528,-1.9267216656138897,-1.602853054645065,3.535303904289351,1.8557860601768996,-1.5075300261914464,0.2729131851660362,2.51385521997326,0.06542212514617751,1
-0.3913395085136493,1.5115293119943456,0.6490863469129713,0.960888587862838,-4.294690229807608,-2.252171792995632,1.0110500156528333,-0.6773125282501883,1.3703863345595022,-2.4298532933744137,0
0.8343047482840384,0.9419411403881914,-0.4343579639306602,-0.10131046757669199,0.04182475299595104,-0.47539639376241793,-2.026023448476509,-0.17748080150141446,0.4164350569071573,1.3391818611813178,1
-1.2121597366287604,2.374182865450157,-0.634647721180793,2.4462110021149988,-3.3354609633019376,-2.0703700401551517,0.01661540467044677,1.796405855159646,-0.7327815211301092,0.4875598452199673,1
-1.1753159801058857,-1.5386761963407518,-2.6029096120738644,-1.8076098572382753,1.6476352880615586,1.1995495131046234,1.0000765575452306,0.22462469782289296,-1.8787390519346325,-1.789601259563753,0
0.6546834069440066,0.06202165802235582,-2.609601014779423,-0.7433139241596886,-3.5430689259084356,-2.043461201435668,-0.07474861990256311,-0.4004454261431075,-3.651776637046453,-1.5392437802893801,1
-0.872155536989693,0.778263241609757,0.07414532184781808,0.39841986769888854,-0.5776872087193442,0.08729744613147061,2.485031975996529,0.7304988302637498,0.8115163541683217,-0.7970448274679729,0
-2.856342109508655,-1.3590437153617496,-0.30600639903975746,1.6393058142414925,0.9237978890338341,1.0932474885266585,-2.197186941008039,1.2634175399628007,-2.5450987398597373,-0.41192652090595083,0
2.275409607101687,-0.5685569761226869,-0.4770093532770491,-1.8637038615219788,1.187819038129977,-1.4845149174540473,0.439300036738925,-0.1973137533860654,2.420734291203361,0.8732061449268941,1
0.6756472386104131,-0.7995215718915794,-0.5676637256528454,-0.7073830408487591,0.7597557745216152,-0.60747841366058,-0.6472934525843181,-0.8075949276176789,0.11945221379009618,0.4210981592740479,1
-2.641063125250864,-1.060932863571601,-0.06856493230924077,1.8477846438418744,2.945271042930302,0.8198362540697934,0.22039570712596557,-0.43606931804636434,-0.19602257826008684,1.5374745735784487,1
-0.25663751390644407,-0.04495910798069547,-1.2407152292590913,-1.8925855358785866,-0.9399630351745262,-1.274168993208785,-0.4458294809755354,0.44194438380837825,2.7790439603166606,-3.392282265112571,0
-2.0485512002430966,-1.629265060278403,-0.21191668503320038,-0.5480546042363021,2.5923967631149525,2.645456368437197,0.6183519298079181,-0.12178294301056877,-0.6795987597744673,-1.5369764229793734,1
-0.17894247464941837,-0.48889216714523265,0.8906395323640066,1.008432355032101,-2.4921300491294143,-1.8072924818375993,1.239479443746453,-1.7272951786664925,-0.20335460395959215,-1.2712878837803268,0
-2.1316020105109716,-3.0949536451063757,-0.15284177926414466,2.5578606734953673,0.9484945297019969,-2.5082616846250305,-0.06302023829846698,-0.8175391281758652,-1.474966224711852,1.1484427135054402,0
3.635007435648514,-4.702317809194871,-5.141476999816985,-5.763414423453359,5.610876520728545,-3.2048996220452888,0.9594235570618448,-0.26839482087500266,1.5214859548172224,1.45948413053763,1
-2.74309006840772,-0.32268648810062683,-2.383676150747582,-0.520036702881349,1.700317266812699,1.026558887128795,-1.017314888987104,-0.2704168934620731,-0.06352710656904603,-1.6629828860636582,0
0.13592735174808301,0.05752154556138489,-2.296415966798305,-1.4975270543223296,-1.700811757290181,-0.5853188535421423,0.09298186220498811,-0.8754185044450941,-1.7521837953156425,-2.0895953579554396,0
-0.03338877202513302,-0.9796726944489884,1.1532525444832622,3.409535670011247,-4.231394547319865,-4.021648068595029,1.2432550535470797,0.8347624346900867,-3.052093906511745,0.932497942732391,0
4.352429585126212,-2.755024625376796,-2.74350395062102,-5.231029353232501,4.8830869682313605,-0.9784002961388613,-0.4960771723575772,-0.8397175571153462,1.9882252174318735,1.9030443718720553,1
-0.5940527553605786,0.41997257487272277,-0.3842372892211131,0.5459186366050882,0.5304163146011094,0.6610471544275935,2.2809993380748588,-1.4267950328241767,-0.897970261782177,0.8575248252799167,1
1.1342926032512215,-3.1135730243103703,-2.259125953586084,-2.386559307675764,5.410756155453638,-0.9928634214561731,-0.10398918889688247,1.1593295983306997,1.62708230171867,2.2350564869532645,1
-1.0907077647554289,0.8240458867243946,0.0688127438982804,2.0266549589267386,-2.152791470559688,-2.5070524517100896,0.03998193423012464,-1.03943096290067,0.7833607022021464,0.06515787814241891,0
-0.6802918471749204,1.0267255260030113,0.8960442615666648,1.7150735975651763,1.6230761062416157,-1.2368898090073914,0.43832542947664377,-0.9824839033361819,3.8584004576146556,2.5167147999291837,1
0.5313094292763335,-0.6950791749951357,-1.2400613955137645,-0.6158834685358184,1.3618664251729284,-1.5966596042165406,-1.1288981288559767,-1.1284562900510124,1.2277055527673542,1.122839652187813,1
-2.2072028339695233,-1.1359966632618885,-0.13477045211402994,1.8248813517144937,1.425995494578345,-1.7009301228132996,-0.9368342388575521,-0.7082763383368067,1.6423600914746295,0.7106051970565427,1
1.4068169346928736,0.8971327387606418,-3.168337874807259,-4.688486022824586,2.229933989448714,0.5882954734137307,0.6176208143407019,0.47859110986974274,3.791053864463996,-1.8103882003273675,0
1.7725786956172256,-0.09487887611191703,-1.7610116067777537,-3.2548850868732098,0.10556069640887389,0.13699927595119643,1.4553289348821974,0.7818503575829996,0.5916291802984437,-1.7021742063651506,0
-1.5127712492895178,1.5595323869457083,-1.9369139354863014,2.193586546724376,-2.7686940238162725,-3.4954907392779875,0.7529675122044905,-1.1034047859782585,-0.3669008029262981,0.5664119305230075,1
0.30552875574066385,1.918346937174361,-1.5725408961895073,-3.716706750635329,1.3072059980632211,3.447641889472819,0.8147400258186039,-0.8174939412147917,2.0597721247691734,-2.800245834802838,1
-0.6760900636846605,-2.2060150380992045,-1.7247302825257524,-0.3346658277934158,-0.3305269823087945,-1.7723091580967651,0.11287876365258372,2.0295547884211316,-1.747525567360451,-1.243536518385516,0
-2.0745288076142954,-1.2594492393005101,0.9745599216236975,3.8044225806861105,1.1505825455954182,-0.692602403443705,-0.27594772280400914,0.9374475151515372,-2.2436490045575335,3.2186804485660345,1
-0.9236934693008764,2.9078195388172423,-2.1804085352236457,-1.0027378593265386,2.564577097167021,1.266513404239999,0.38520543284018044,-0.060016238973640036,3.412583945386061,1.094145318446466,1
-0.5238184661156309,1.0296582804104788,-0.8237041918259304,1.1268397772428893,-2.6072936611794306,-1.6000138483205846,0.4735735373322883,0.8353938659852992,-1.2871912756553465,-0.2712498119588349,1
3.8514899231957194,-0.8080017460434121,-2.760912500865645,-5.356637655674914,-0.0722593148081101,0.2551086041312316,0.6403371109296716,1.5708864739950257,-1.042899728524156,-1.980033931316921,0
3.0905491034693,-2.801217725480387,-1.917452050942108,-4.030544094611123,2.5833348518958976,-0.2150943073335171,-1.3720804354370215,1.1507415009103594,-0.5682283323240953,0.08609738736842698,1
-2.291644468800086,-0.23853641782197754,-3.835799877612354,1.523560560348432,-1.5651612093460443,-2.918248640516527,-2.058526088833248,-0.32148601236770674,-3.4042382110494263,0.2149059598518197,1
-0.3904206499632711,0.5296835660373966,-0.3846008076043652,0.19554397282837407,-2.589462886048185,-0.03880238651353318,-1.2284587785510324,-1.6270717152454592,-2.0774802925031675,-1.7343039334579842,0
0.977353029022529,0.7617023437675446,-1.6242233265577983,-2.315055410256352,-0.6500160593513576,-0.5151898386039875,-0.47622388070496197,-0.23384321513413248,1.5138187818283322,-1.7823326623198572,0
-2.6424838227952963,0.8905536838410861,-0.6821075770689229,2.2803938463173203,3.2629335441224843,0.23591439958421712,-0.2614685625409319,3.1589417845886634,1.6850993824382288,3.129027522132411,1
1.4327107539173494,-0.6639374736302288,0.4549831453718529,-0.3687720880042253,-2.84589619179651,-1.1115599239748606,0.37561387714565736,-0.7132491280839726,-2.0156904245588914,-1.3065451723497339,0
0.29160973103415266,-2.0259286788463617,-1.5549034720355719,-0.8647444269153111,3.511410982517529,-2.9063158367479924,0.7153986180867128,0.2442085948870853,3.701940697507482,1.7508662209300616,1
-1.395400532491188,-0.8492730454175998,-3.031362559686211,-1.1834767990777262,3.662774843020627,0.6938937772222524,-0.8253038158221657,-0.2093430623917396,0.015541951147980515,0.6932164633022342,1
-0.40070509839456103,-0.28462082510442743,-0.6631773686951559,0.34424691739469826,1.7765871618991267,0.17795772596906057,-2.2651092188993975,1.3176223293096179,-0.26624433317491114,1.6615822316036981,1
1.8071688037637046,-3.479279354143228,-1.9185316682417448,-3.006185051062615,5.713390270254881,-1.758943779191719,-0.017386888612843297,-0.4024800804668359,3.4636641895859754,1.9889817233676408,1
1.2832615934239586,1.650849183473376,-1.7129770881780553,-2.0859538027999656,-1.2047341995761291,-1.192017101181662,-1.0507231951943208,-0.039213813924329335,2.2583778078269954,-1.274619797887644,0
-0.818117387993168,1.105799552697467,-1.9822966836966298,-0.24696732174333835,-2.6022664800196047,-0.23894440066888611,-1.2824507396686233,1.190401988425349,-2.333291094916491,-1.9486365953819549,0
-0.3132744851617997,0.6707648625967235,-1.686890001876157,-2.5619068304602193,4.817370145865305,1.9859249740887968,0.08684851905539678,0.8785325584748495,4.343086918862024,0.40286842318368865,1
1.8663465555651442,-0.009298525299413551,-1.643254635317584,-2.338531785656803,-2.4685093310032995,-1.4100869923029309,-1.3363564310295297,1.776286069327917,-0.7871652096925004,-2.223253061594802,0
-2.939120925474032,-2.4169078077717088,0.885487919971196,1.7569825167407844,3.042480483743166,1.6831804809079798,-2.2115675771145638,-0.6603104056611854,-1.0752081088868541,0.34131062485041275,1
1.4147495214557626,4.934482235662729,-2.890353402808164,-4.0991497451268835,0.900237978378909,2.3868652831178117,-0.1382726665143016,0.251945618362699,4.342120370351334,-1.001137491018476,1
1.07081211614376,1.1285440379549374,-0.7782341895635336,-0.8755481239123137,-2.243450350169239,-1.2514962677929153,0.9322783548263736,-0.8653223260478031,0.3607039013884169,-1.0630468540352647,0
-0.7264855724331301,-0.4218940946875015,-1.6532753151917396,-0.8499494181905456,-0.8543562171215807,0.36306307122013015,0.6541383759513081,0.7041085429664431,-2.1302581438249666,-1.9475115649813524,0
-1.2704625857397118,1.5805947696805793,-0.9291192249640711,0.5446221509184754,1.050293619562891,0.994307828570419,0.353958139978882,0.7609345774136242,0.46921344855948266,0.9476470314846919,1
1.4694633980574132,-0.018695879304503116,-2.07325221173424,-2.6909282719530263,-1.5139926720135983,-1.5133863871384,0.8834934271051945,-2.4062781380301783,0.6328304270068894,-2.35824963164022,0
-2.638404113524882,-2.0985679375759325,-0.015019457655600532,1.8050588263104663,0.16791016106090664,-1.3399641545077854,-0.8711235646338105,-0.6932108275328333,-0.4979971036867259,-1.004963510182904,0
1.2436910118148248,3.5868387041812224,-1.6355343408228473,-3.2955271351861843,0.6052661874776324,2.3026517001947644,0.016461622438046965,0.9190156625197566,3.3040191953271907,-1.194677872590601,1
0.888133880979427,2.621894946498703,-0.24824602680484054,-1.3403051023795018,-1.4868213780529984,-0.017347002252402488,-0.8591039801903084,0.19499029209949587,2.959910827324519,-1.365724534061164,0
0.4984075709706377,0.08751788823422291,-0.9733800648104074,-1.6092837199006946,-0.7413645867142689,-0.8903349762057977,-0.8796956794701541,-0.4545664225417623,1.5299535678003948,-1.920227501365243,0
3.433027914358788,0.6492195480594664,-0.9800272168108154,-2.687113730333582,-2.5451112418257056,-0.662922946919886,0.06024203134370657,0.12991167267204817,-1.3811295371158736,-0.9850679240955598,0
1.4392692099501847,-1.4194315972221578,-1.7387744559321268,-1.7416535715189176,1.3381716921041205,-2.0449359687597934,1.4884708301231753,-0.8103141571972697,1.0824452370430475,0.6138724200035952,1
-0.5601504199810852,0.23333473585364584,0.02895355280877676,0.5722953896277889,-1.087377800291672,1.1533325859373407,-0.7548585532025398,-1.068507632151937,-2.7506273853630003,-0.4511660666731041,1
0.9801721993007257,0.3893988150854739,-1.6905392506714434,-2.381706826592417,-1.3674293554283126,-1.2667963703902783,-0.7655837927368733,-0.7429879026720885,1.5690093807955758,-2.5180995484631943,0
1.5735922904467667,2.1842020971311937,1.2601956628641804,0.14345240013957805,-5.467148533951573,-1.364364459047876,0.23266009197441945,0.44686011639600887,-0.12602628817211725,-2.154140986410984,0
-1.1607896886047662,2.164773457644954,-0.5298450141393514,1.8675743616790785,0.4155273786615898,-0.09033768055540059,-0.8531209690758187,0.4830535716514451,0.4449487020039633,2.465665206636445,1
1.988410665975946,-0.9632218552495416,-1.276959008941828,-2.039353018667571,-0.6414807905573662,-1.788201224567775,0.3073638195104265,1.0933085409306464,0.11996710905305186,-0.7275344611676475,1
0.6089165038215907,1.2295034816986026,-0.400294037207349,-0.944200380222324,-1.362503227754255,-0.6310980636118448,-1.1736988107537336,0.2503526084510541,1.626236679107286,-1.2676306302476217,0
1.9698761628808676,1.1771575946845343,-1.7809999966204106,-2.1048165677012047,-3.3383390284674945,0.049907082467616215,-0.639246133450386,1.4926511788340047,-3.0809154284754925,-1.8711437687589911,0
-3.7265498662947496,-2.2073087963283413,-2.5696163266003484,0.34258548436179415,3.0045086351455663,-0.29691512942629694,1.086056522693717,-0.20996890625816428,0.08967652117175917,-1.0469714472090403,0
-0.8166714459598534,2.232451029110724,-0.0896565230257389,-0.11070748899745814,1.47853785940573,1.796777178603157,0.42644271626094254,0.3701696348203371,2.4405197974575854,0.5322220513417599,1
-2.6203536884499807,-0.5553636933903743,-4.511275008893984,-2.6652036933338974,2.9819989052897133,2.119949078421635,-0.194438127235645,0.16951975773660913,-0.6523533357970985,-2.6075191443118566,0
-0.12834644925494387,2.4135643744271404,-0.7208017800624362,-1.214463080134364,1.5225840599511988,1.8640308099354432,-0.13039355220383636,-0.4400587730399219,2.724857726001927,0.13815938124667293,1
-1.1583834827819928,1.9170646869233035,-0.663347094773993,0.17784829510361178,-0.8050262112262734,-1.2521101202167535,-0.8528881258303576,-1.7049150807289657,3.6670450173390963,-1.1619539903929788,0
-1.3211167565699893,-2.0265494735998812,-0.13195074089888204,2.3547177376963107,0.156923737236418,-1.6570924549195158,-0.7287715286762789,-1.2148337139373846,-2.7294049723676217,1.5981912675628327,0
1.0436672920475962,1.04115315320858,-2.357051245694657,-2.677909017108657,0.1794310473012637,-0.5864766346899765,2.611247308810287,1.2084360009714399,2.09537325225475,-1.1855249876127765,0
0.3469750291305047,2.688834733897358,0.9599504630488016,0.8279415409247202,-2.8237793128609336,-1.010681178068901,0.883971842678526,-1.8489378773712553,2.1045464339714015,-0.4397906117675562,0
-1.3368575776826666,-3.6214455055082517,-2.6095094182302776,-0.9290239445708375,1.850438561585279,-1.4581080814645944,-0.14229344300967162,0.09597916323643149,-1.6466718382619858,-1.1758722554303598,0
-0.46080608111888544,-1.264204951234864,0.3225209197769856,0.3875867536886274,2.752770334154571,-1.822792941089781,-0.25028439077208625,-0.04723481656308301,4.0504191657977655,1.35370629474613,1
-0.061152653108201616,-1.5517337404878273,1.7894239529481029,3.186388686693464,-3.0662040191201703,-3.2736763900773203,-0.30770162053393685,0.3584701300934629,-2.4172315428044717,0.9781898783988703,0
0.9087875714926817,1.6694454530749974,-2.1915305725733267,-1.5526324354530958,-1.1954230229470322,-2.4328136177717905,0.43416123877890517,-0.5035378633157992,2.917895216060263,-0.7637937748072435,0
-1.6702138633779542,-1.1552631926546266,1.1911971198672102,2.1046484450132295,1.452657988154,0.7981103009587986,0.6060851828803315,-0.37978659467667686,-1.2111701418393208,1.3476479940243429,1
-0.2401483751640936,1.1913415635690605,-3.1612327329218446,-1.8116030744041518,2.850329703477439,0.49605707778092323,0.7825951266852254,-1.173699642777493,1.6942851878923508,1.0708253804170682,1
-0.00543998407469215,2.1009613707993884,-2.082796448267247,-2.1241101140296084,1.4560911731383908,1.7548636993783515,-0.28627123386770176,0.27890360733901187,1.7047489846264483,-0.44319817629707936,1
-0.4315491143371448,-1.8975914202614401,-0.04236345792921781,-0.9151010253027542,2.0027207574430563,1.6545295638180582,-0.16122346584612657,-0.492053012010198,-1.0632536153248031,-0.7155251367254767,1
-2.3716809494014646,-2.1270931232090446,0.8843880756004845,2.35437122580903,0.5302186543176626,-1.6752134259456761,-0.5085829789129973,0.39215435790883607,0.45471707052483956,-0.11501243186445709,0
-1.344538520770321,-4.511825243508138,-5.1349813573209655,-1.2293600309335342,6.4041539021202505,-3.6141471206977323,0.4000507572772094,0.10172844454223381,1.032017480385527,2.710719403022309,1
0.6010101842107338,-0.03139701551823526,-0.8829229028671399,-0.3535620516468144,0.23655472122333304,-1.2493350745521608,1.3558284705866055,-0.3007083778540004,0.5561967104161372,0.770865035983916,1
-0.6118865586605493,1.0916426569080877,-1.4405963712657441,-0.3512583603366687,1.5276023443525566,0.7740465747649602,1.2881305258291558,0.9892860763940897,0.5878990869147966,0.918273393549617,1
-1.2365572006349888,1.1211756880047896,-0.20058278459353363,0.7978473211591194,0.8350976350115499,1.2484365400001212,0.5068269113778173,0.47371080490757145,-0.007449600609056972,0.7381433199348577,1
0.7122994878325561,0.44296616849694104,-0.1532992830673987,-0.30184347392277483,-0.06262852460415227,0.8920597774985846,0.45150510871139354,0.10485269044110616,-1.448208023771652,0.6780553216651041,1
-1.432490348559356,-1.2070686516575595,-0.2728242237083801,0.3089341615065959,0.20231188330387048,-2.5720402223731647,-0.6216092264622024,0.394314143770797,3.3679303844432953,-1.5799983447368038,0
1.9499759179774725,0.17157356306302773,-0.35293383630824926,-2.271958836935965,-0.2400220738999914,0.7431278302546973,0.04884846690427288,-1.5519730122481623,-0.006574866279703606,-0.8965601732282027,0
0.8181633740138369,0.6623879784734017,-0.8676630090458421,-0.9120651902038454,-1.7497805159952264,-1.5206723565502713,-0.5132741367946773,0.5397907333710997,0.8536023453874123,-1.1594225297927343,0
0.9541384559367851,3.6550221500823525,-3.5566968476645147,-4.131571329529406,2.4970980187549916,1.9517185091758371,0.0062511735838089956,0.6421217888674178,4.346146943818205,-0.40046661673910844,1
1.8518070318014042,-1.380240909671135,-1.7014778777785657,-2.340332510585216,2.2480504602545763,0.18947728747777792,-0.03436237169197916,0.6028629549303025,-0.8662007607947266,1.0963053544244987,1
0.3074859461096485,1.0921676140939915,1.1278600341153346,1.2083653336914306,-3.9336518879570552,-1.8607684571114051,-0.3694171712863648,-1.7373280625641925,0.032346510164659836,-1.2033786346054713,0
-0.32478946712378853,-0.39469847684066484,-1.4236950692419748,-0.1747232230901855,-1.908830673474847,-2.7798266416522495,-0.3195104271328753,-0.9860210241710703,0.47268668242260814,-1.6098644923018486,0
2.861900306311408,-2.5336752335756394,-3.1533634895600633,-3.8252370495246875,3.6315725012837676,-1.4231432228973717,2.317594009771692,0.6346790841860889,0.4596629263487203,1.522125481550586,1
0.8865103005408264,3.54854732374459,-3.9188882406071057,-3.1953352036301284,1.9512496257557708,0.856304088038093,1.813673083795204,1.018924589135694,3.2126891934247714,0.6608735517869868,1
-0.7965371668149857,2.4862638731643107,0.4484258328180948,1.2180110788943928,0.01394996470480514,1.0712753528307961,-1.3004796210339782,-0.08121200975113507,1.0291915787408747,1.2377752096474595,1
-1.9983018127800782,-0.743967649408523,0.047538263456581076,2.168777683073576,2.1506021628717074,0.16138306140651926,1.581515118731809,0.5069082002928592,-0.6659032276574928,2.218357851425451,1
-1.4264739669472428,-0.0652499373647073,-1.11180518480962,0.6826493398129584,1.9226107647882777,0.5216533785948525,-0.12960994528368533,-0.23799132730600636,-0.47230945759322873,1.3226006166668014,1
-0.7454233193032138,-0.32554553023767685,0.575760330372141,0.9609608061060282,0.9632207881373624,-0.8331837696512794,0.710510354732298,-0.4412362450725351,1.8488922183595273,0.7414944734066915,1
-2.185305724783603,-0.18777302162357312,-0.3900781385622052,1.0630464115583704,2.009473741585758,1.3080947829496652,-1.3697764892591158,0.21674008786497512,-0.3400160426568435,0.6372687558554877,1
3.7291119726614905,-3.603876506835836,-1.3129347887040375,-4.809019820011736,2.810357729149339,-0.10649606876760986,0.11493605439387525,-1.0477990436021298,0.057177455975444325,-0.6540747250244894,1
-2.9910368053967584,-1.4253223617459843,1.792767886485565,3.942188632076917,-0.27946011110245594,-0.6321860960650513,1.6800866493394657,1.3435346536084607,-1.6090396859324514,0.7090612706454991,0
0.8784893163610938,-0.699668152494532,-0.2751823188478427,-0.8824686664238401,0.31296798125042896,0.04607381205896455,-0.754717836942107,-0.7324100363594926,-0.6145773881674101,0.004506659853271033,1
-2.918060137488232,-0.4438587707000434,-1.3529896090347016,0.03940755878441271,0.790729390243132,1.375261616122089,0.22199959462931115,0.533239869155429,-0.6784730225931752,-2.2641458113484374,0
2.04759039778249,1.4634739681036097,-2.6586614933997743,-4.2452434569412665,0.7048780970541814,0.25718418755241923,0.6200865894994544,0.9537502593951385,2.9067202488262125,-1.6149347975506891,0
-0.3419845602544238,2.80790068360361,-3.101663693948422,-1.2352148658444029,2.8115855745095435,0.29799816440916604,-0.07777963100956568,-2.0593542797751767,3.2001484273774445,2.078167394508467,1
-1.7311384769316231,-4.808312553398718,-0.3588425819410441,1.129378584415963,2.6996472584864497,-3.2232890069103153,0.7936685456257128,1.7247000541665105,0.7648876681527297,0.3896463881509473,0
2.8989609136923127,-2.4628811646867246,-5.414773780366105,-4.2241108254205555,1.7626141892382186,-2.9959110186245104,-0.5460144969849473,-1.746093664567248,-1.709916728912733,0.7802683800169539,1
-1.5175566024405642,2.27891182727764,-0.9381225534044287,1.4006567761949964,1.2611079693587814,0.3578837305946956,1.8086630283267988,1.5103291698137273,1.2675029804399642,2.1969719226725646,1
-0.5906394221608959,-1.1209795721276028,0.0895385137405853,0.029518479528671406,1.4147215097782273,1.0779725259398467,0.30211305729642507,0.1801723554969488,-1.0077922985713759,0.14900182753559443,1
1.8108843561139945,-0.3859080870479892,-2.2183435263921423,-4.039615848866681,0.8110393883414232,0.3494482956416298,-0.9321312151135317,0.11299176757799528,1.1471577284543604,-2.137998374191435,0
-0.4176321773363887,2.027450910089457,-4.1010865304128385,-2.12185864198603,4.013136615292847,0.3540064418719233,-0.48210251796892406,0.33659203890206146,3.2556233685285814,1.901059993919433,1
1.3105333382337838,-1.3569637019419145,-1.6772847642770403,-1.70790235291862,1.2088018050698253,-1.2621849135017567,0.3391816709708394,0.6527431539021201,0.036901808634403954,0.47029300935613016,1
1.4121363187149947,-0.43527746057049477,0.6824377214598469,-1.5706880772395704,-2.761414366314928,0.20397593971458727,0.03004136452128492,-0.5436677438753278,-1.1092583184990166,-3.1025499864325203,0
1.081751308605908,0.07695327117678952,-0.9996624106410151,-0.917230754443111,-1.9975014718026656,-2.020028068829302,-0.9823938111016954,-0.49337592749735265,0.12889327647613513,-1.0986600587505437,0
-0.21027485398383594,-1.138167579114053,-2.0461326824610833,-1.3238435549554395,-0.9172574260472386,-1.0850904867239892,-1.1423820250394405,0.6135361772832246,-1.2824395742441288,-2.1395412100243614,0
-0.3942939669880292,-2.0014293826483454,-1.134964376299695,0.38308704874910704,0.1295033256650283,-2.496513819201944,1.4927226286916297,1.810526087567177,-0.6404652036526535,0.1875796522833031,0
4.2446014410543995,-1.434759184733446,-2.1405074579066135,-4.39603481117557,-2.054086906960144,-0.5406303718404101,-0.5904269540597518,0.22701573695590588,-3.584171516686391,-1.974535976969143,0
-0.7711351733442524,-0.5692168543797784,-1.264780977227752,0.6196086368600796,0.7384312906744064,-2.111687583544977,-0.29521638782423004,-0.05792120316351218,0.9521073107844202,0.9143809497018582,1
-1.112732339351005,-0.5492483753103363,-2.515155048577687,-1.9639315477173938,0.7168435962075765,0.965090145627683,1.8143505763897747,2.05630101019252,-0.7403281839942348,-2.5078473489366107,0
-1.0494067723288745,1.9090569062218825,1.0201301806557503,2.8250285207490844,-4.555978915709004,-2.987773098004618,-0.27741743142964365,-0.5733049222313997,0.8219894353196191,-0.7651596567726812,0
-1.0020481755968995,0.9233404020646798,-1.9792449987690457,1.4367608941572325,3.1234187876874415,-1.3726314689913957,-1.2688487805472792,-0.06645212366792694,1.4742716548678418,4.41986395405163,1
-0.18930084369659328,2.3205286710242286,0.9632018985595014,1.1063650175564212,-3.2161232170584366,-1.1578244545475804,1.967366111091494,-0.23453259251808048,1.674309962803414,-1.0686293727717548,0
0.6555093979536033,1.1640746638279418,0.10974659487037197,-0.6002648622339912,-3.703294257684233,-1.3982162817387138,-0.5907805773742271,1.2162938850972826,0.7940878012436068,-2.756254444354444,0
-1.1312396989813873,-0.09311502949936212,-2.392727722468838,-2.0566896041693163,1.0919217292959436,0.7273812336210415,0.6116695080985893,0.4299742302266078,0.930678144289667,-2.416066380209493,0
0.3895170966393773,0.682273237576207,-1.1193740633891751,-0.9343164296929175,-1.6376949552914493,-1.5882226642933621,-0.2624275956923146,-0.23544445787350907,1.2383231993902926,-1.5206292489541315,0
1.1064043158885593,1.028208364589244,-1.2916815556877912,-1.6438547373714143,-1.6494059007246449,-1.2567367728772192,-0.23962788078251399,-0.40624287290183475,1.2769352710029802,-1.5100772094683683,0
-1.6772753016106918,-2.774711079622072,-4.982411760425103,-5.748235508572586,4.791937136954454,1.6101897468659763,0.21178432704553662,1.6490004322095015,2.5714116985644178,-5.140317962720455,0
1.0039081543721908,-1.205294658265118,-1.5267780486608533,-1.3016314692109565,1.4767170319432592,-1.477941600494643,-0.013973682229795103,-0.1143310990593399,0.6892919057866136,0.8219309538142361,1
2.078426323341767,-1.711640519519182,-0.6931212992588551,-2.246051556602924,-1.3363492369247187,-0.306308329226485,1.4365683517268375,0.813616536451455,-2.518979178777911,-1.7668595518707229,0
0.04174743523846358,-1.2450644558970443,-3.0241934653419014,-0.797893924371252,1.929074362738228,-1.6961702546724804,-0.5264848226902434,1.0058286206592073,-0.7968964945356165,1.555152697164207,1
5.978081879979405,-4.810627643811699,0.8104446079220469,-7.201668991305725,6.789692450928671,2.9663350055300226,0.456697562490096,-0.5498536065274171,2.3637246830129706,0.2015067600625966,1
1.7613641575923662,-3.1287143541919713,-2.625832949005813,-2.8610818879897573,5.359759098401751,-2.744424922673397,-0.18172249451237293,-0.03472212770485495,3.7521824557718078,2.282924502624615,1
0.07499210758829045,1.4196514811645753,-1.6398738679804539,0.7141971383246584,0.9664682994259,-2.0414474791585677,-1.6183765656674622,-0.06765277659878156,1.751742617709597,2.942801066173492,1
3.482740585709922,-1.1986201732914878,-2.3836592298443637,-4.95551645448431,-0.9487385502389774,-0.2767494185349436,-0.10300787576864179,-1.0129745958199576,-1.1561840128368184,-2.8185739805969776,0
0.13578334319331453,2.559862433246475,-0.8538117344375841,0.7528936281518465,-2.4790186560848038,-2.200260889145759,-0.0013075342550890683,0.9946931513214714,1.5142293362280208,0.3388963406899721,0
-1.9395885571187552,3.6585498825975575,0.7841244844059676,2.713945510465845,-3.1742040372027507,-2.351547684794383,-0.31375694526562803,0.6059320943245888,4.204149787532482,-0.5355729519024005,0
1.2334254301848282,0.2476980644376423,-1.1919672478044325,-0.883585903089245,-2.8692888983819342,-1.7499687565844857,-1.5499966260186715,0.3297862262602962,-1.4089249674300257,-1.3004097363850482,0
-0.5077189964550821,1.6258941149573651,-1.3827127349072983,-1.480367322092452,-0.16938955464485206,-0.7533888146041462,0.3161044531063998,-1.046666058631689,4.11739487211743,-2.0414066732646456,0
-1.5453421997219694,2.715302879128582,-0.17698051410804072,0.9672152398506982,-1.393503954830482,-1.2820638418126267,0.5087407198072074,1.0376795407302604,4.046155980279776,-0.9811827216570548,0
1.8210082349949173,1.4159923379796395,-2.154527905938648,-1.8895810435545504,-4.396501672520467,-0.8595860229098458,0.12177912746053823,-0.7609867903106803,-3.134450582916543,-2.3199676634654,0
1.2960725247306737,0.5408455592983759,-0.8603742804118615,-0.6694396703563277,-2.0352962722001,-1.1543566707768491,-1.5950322169562152,0.6514480508711067,-1.13381225143151,-0.35530984093990303,0
-0.29694305541425603,0.5145836387838387,0.7660601718793081,0.8745237231542099,-2.083342955430596,0.1573044560466279,0.2572858880741008,1.0230098842164372,-1.4101124717576425,-0.8483625963853147,1
-1.046399080656744,0.7119105543473219,-0.10282230844966345,2.2697164469662745,-4.080368177055883,-1.9601487376742521,-0.13855741643097982,1.6487859657299524,-2.694889322194685,-0.7448128434372826,0
-0.10337940238508136,-1.3145589292966158,-3.1538564103572213,-0.6699297069560795,1.480582969006684,-2.45480566598895,0.42877182098914957,0.22977676033491254,-0.37992385551545094,1.224487265422221,1
2.843901041642053,-0.4447382967658806,-0.9277324376882503,-2.365724898733185,-0.9484125226690465,0.11431069121127635,-0.7259519002992479,1.002802734320083,-2.3188420868298723,-0.250776961280064,0
-0.16886700624915907,1.2136410814507086,-2.063913163895067,0.054240087736901144,0.37579855538321283,-1.7970115302386234,-0.9490860282851212,-0.7427799707332572,1.3860342587583498,1.405054191656558,0
1.1955587421715232,1.2376063586425334,-1.731104530567561,-1.6378802934538448,-1.0603683183674564,-1.2326948130644038,1.3852373796081388,-1.1808659398008103,1.1928054204687404,-0.6558194931861187,0
1.432340260752119,1.9778940048435252,-1.3357789440084504,-2.518688285681755,-0.20049559169418163,0.6716748948141913,1.89158033839359,-0.42491353860859626,1.9102967285604113,-0.9900780410611951,0
3.1478481710318023,-2.696280910418458,-2.247166657188097,-3.9393518346935963,1.9834558284696497,-1.8543334269151264,-1.1613821472542445,1.3360196867583152,0.784594437054031,-0.0947037332027767,1
2.3120280657312833,-0.737701628308443,-1.0787541450737999,-2.1326696419509,1.107301909411795,-1.5473744863548344,0.07861262596654432,-0.7424448597125031,1.6890243799431037,0.7575654341255036,1
-0.5316572547751763,2.1779124371813507,-1.4204515591850455,0.3527964814763088,1.0699912144957486,0.23406267006409354,-0.36159738167651845,-0.8825370591471574,1.0550557748066394,1.9396851657297889,1
0.740889922870712,1.7322584086487678,1.4554932485416825,0.11085728518344873,-3.2316207168475275,0.0266101517317594,-0.2849695087881883,0.5523771930093442,0.5476530652288115,-1.7192661523151715,0
2.0684668187989645,-0.01832553782607249,-0.5096067626449868,-1.4181052202993094,-2.763108068806235,-1.3612275374042193,2.491248330007266,0.05649634141848441,-1.1963438068218868,-1.4003295222323886,0
0.6474675829646945,0.5294533850624397,-2.7179998884274323,-3.870444126195591,2.901664436764695,1.996297979125556,-0.33558254393822484,-0.04363346973801527,1.9407309039557643,-1.205890005291701,1
-5.017787965655934,-1.2543574174371086,-1.28280572481007,1.1548157147535107,3.202903508220502,1.3892797817843103,0.22589802074870438,0.12399078406580802,1.0970279176634357,-1.6845255005444812,0
0.22179118678911625,0.21044682094944545,-1.1526264510693613,-0.15308268795474145,-3.231539030638468,-1.307821685230351,0.23201383940766418,1.0972327856643567,-2.4748530071419994,-1.7018931494065006,0
2.412238934762387,-0.5584377306986077,0.6240632353987825,-1.316238296942677,-3.6740999642395025,-0.7586955907990464,0.6436397075331132,-0.5102181664083618,-2.3781020616811324,-2.1671214032391304,0
2.763267654372017,1.0221337969621977,-1.9974453801256802,-3.4212490178854544,-1.2624237388387214,-0.415218578581778,0.34972968207636607,-0.03341092009792633,0.3413045228411252,-1.3710686108799242,0
-3.160614865061775,-3.5861253888022895,-4.435116283947153,-3.032388214455425,6.5198129937152585,0.5995835742025197,1.2595077599561242,-0.026956367357403806,2.44571465502131,-2.1441640269537765,0
-1.0294997688455996,4.297369706216941,-0.9774981269928018,0.9821574280104315,0.04779295568276953,-1.2256808414239617,-0.5254429914341896,-0.568469501374419,5.286123786951424,1.5414991138687157,0
0.9118620337888749,1.1438999846652496,-1.797885239850495,-3.161821816482651,-0.20237336365914038,0.060014113327646834,0.6296480134298948,0.7837794503089633,2.8387029011793654,-2.630603606149695,0
0.2735090423682416,-0.13668925595114623,1.6917501172162304,3.117906302911093,-5.159361960535181,-2.963684519392145,-1.8665676828303954,0.37582710450730256,-3.409492022680767,0.16596158529496763,0
-0.5718685868478737,3.1578761018620396,-0.819442222040671,-0.09135556386604093,1.3102924566972032,1.1851530786651745,0.09090385720763113,-1.3735266215775355,2.8819685830077404,1.3059112590009687,1
1.68960736724416,-2.648525782522394,-1.6128279805617582,-2.5685167958309347,3.340916049925939,-1.3623377767386509,-0.7819920716278592,1.3610473636530522,1.6458064127250411,0.8407385660882696,1
-0.7742095241149427,-0.8464495948991028,-1.0224701392980422,0.5209039001864845,1.5614817888848282,-1.388268793271725,1.8847395547871757,-1.8788519511582686,0.7958193777640676,1.2303190613676702,1
-0.23867166956602415,0.3053427260495277,-0.1923185954798705,-0.46132878906101693,-0.17904058628960084,1.564276974456651,-1.2670019761212727,1.074741250220838,-1.3712296732067997,-0.8125774318966821,1
-3.481991269478885,-1.164514554224746,0.9459937802367624,2.757923244272776,1.7577329906918613,-0.3318751129913211,-1.067073216070822,0.10336019866256024,1.4351568048020789,0.27333500408078826,0
-0.6233526412649952,1.0001756817433032,-1.949223035912827,-1.3852294811324293,-1.1999744117640687,0.23324116854803068,0.8466273612010188,0.7903860961551117,-0.07350982798190175,-2.461264324766163,0
-0.8286834330292236,-2.749888347511442,-2.1731718316347965,-1.283545823679797,1.354755937230335,-1.5439951060403678,0.4953477451837054,1.1223899422205936,-0.11878860737987118,-1.530611571705589,0
0.4241023296699238,3.0909319424394543,-2.350939374872267,-2.2810964694229368,1.390249191131945,1.3804553711143017,0.10690692929125487,-0.45061914978649,2.7997605592655286,0.13059000432269174,1
-1.1619997481454012,0.7139366771177679,0.9547578463482389,0.3841874676060184,1.6744334868388897,2.0751244812082836,-0.5900433712773638,0.2708152830495962,1.491941315703892,0.11464900518400456,1
-0.9744044260297017,-0.6991253422742357,-1.2323847536035437,-0.2357319329165407,-0.1991904408934445,-0.7953311090436384,0.5135556127187786,-0.5045926056760943,-0.23023329556196426,-1.2648767259974774,0
0.16695383519210172,1.7504428541407446,0.3152818601290648,0.9991327963266005,-2.3762536515552037,-1.5878771357897126,0.05096771759968127,0.035058417871113794,1.0594388956466376,0.052850664631113764,0
-0.5499117394100314,0.02478082229745704,-1.5100344785944766,-1.5252016723676185,2.582785635902828,1.6274144138047244,-0.6418442618734426,0.15174914097550044,0.7889176094268044,-0.15849677607112067,1
0.9315309501872711,-2.9134245206583755,-1.1872089063577038,-1.924227945551392,3.338393380790288,-1.4634273080325975,-0.037894257116059885,-2.6567739951139977,1.9245501914262402,0.5553957960943003,1
2.639359448516439,-0.28164141371619267,-3.0443939324158307,-4.209985504976978,-0.917650938450707,-1.3593143960623562,0.5379842725420181,1.7540430503268643,0.315038557267443,-2.260645817043624,0
-0.6721789343203697,1.6690131106253254,-0.5028756637191056,0.5215995631853418,-1.2715918086760436,-1.2509203080160234,-1.0743279728617372,-1.9047312186239949,1.9778699344849269,-0.47555498870074375,0
2.033894401470568,-1.2087377257819587,0.7418941901530476,-1.9178332774977265,2.6858423139318948,0.7517275592832375,1.7522731900835546,-0.6762307418119539,1.8795233676147363,0.9538431150739003,1
1.2531112675094103,-1.6195036074383586,-2.479923601165951,-1.8010389964133928,-1.8886622019080117,-0.9346693627781328,-0.20553766491716777,-0.2335969356589826,-4.635234096556701,-1.5208677618364397,0
-0.9806252363495433,1.7131471350889393,-1.6729375496722512,-0.18818751879780815,2.873440957144707,0.617735910362496,-0.08422776241358294,0.5196797005159772,2.5968822220496,1.9119960088444263,1
-0.7991754515501464,-0.6792071970606717,-1.038864404059229,0.004700599007192663,-0.38175877999916585,-0.4179823958794334,-0.4504644998728542,-0.33464715863394856,-1.283202836238438,-0.8621181539254977,0
-1.02488361248822,2.9784712070417587,-0.02262206184406268,2.9411908445482173,-0.24344516419481302,-0.7644640012382018,-0.40369311946563347,-0.6313994202708345,0.6525159094909927,3.6355362271287373,1
0.5597064105441332,-0.7264017213315134,-3.8816516192327017,-2.4436518342801117,-1.197817868059265,-1.808649805776569,-0.029470956717776595,0.28540689075321696,-1.8136607501403628,-2.0137702296083635,0
-3.0265580379955455,-0.5637838498528176,0.8411308969238076,2.357169157766663,2.5158954592793106,1.4694512178739478,0.6320793835314138,0.6093508955780412,0.09013356755764268,1.159744959237536,1
4.2529341258367905,0.19176118956639188,-3.1290584938624266,-6.146388401166092,1.3646980866111333,1.0469617945034022,-0.5854412625990931,-0.5954713886616172,0.6203152689637248,-1.1614887831141325,0
-1.513742516310495,-0.8801924659252733,-1.1822697252461325,-0.33813127743980814,0.26676364560374144,-0.8056580919946057,-1.9765943199957308,-0.8522989990995977,0.9001957763806494,-1.8524354551204403,0
0.4117505961818647,3.5037411840757255,-0.24425102970404045,0.7410298740425761,-2.9622463018932015,-2.0157996025737694,2.2781086233855112,-0.7518936299033228,2.6769942835478338,0.17270854290509297,0
-0.8485794537568527,0.35420980084060294,-1.388226832343613,0.35909201372838395,1.8808031587496548,0.14795574434105863,1.5510997991969353,-0.9281318938497849,0.023370547461964652,1.7359723822812365,1
-1.2970897483425405,-0.13466850987633938,-1.5650423574742347,1.2400037005443445,-1.0569777835572864,-2.4594420640345094,-2.174342726627676,-0.14764517993708198,-0.5257257239547464,0.14109284164746572,1
1.5844088737332775,0.012106514709653626,-0.27653391873271316,-1.659210673588364,-1.1516982612570232,-0.18622639440338906,-1.5675503716910393,-0.0822500866533239,-0.122408635882846,-1.2438573021286548,0
0.923656245041542,1.895615701025756,-0.7741662643313942,-1.8554518497850043,-1.042620019594087,1.867872610677157,-0.654027609344866,-0.35358481302821,-0.4462597928393346,-1.4295635279398793,1
0.8224918419099425,3.097519512023812,0.3392281461500557,0.562045109484801,-1.4820698339067002,-0.48115271185362585,-0.6862784056181018,0.21101703022228158,1.8857560082847964,1.232148205273226,0
2.2140498576479386,1.039059001372531,-1.8234691911993042,-3.2881019729822096,-1.1295795884622724,-0.5237318386641834,1.005731653060738,0.630305916457426,1.3665983521718439,-1.8871823376331571,0
0.9240119147527828,-1.601522736751859,-0.7450817374320289,-1.167308570297846,3.7351937391463617,-1.640344069468409,0.13338350848658456,-0.08633643459975261,3.5817347193085505,1.9964745358076574,1
2.0566979462448827,0.0027442329428573053,-1.2270439320276991,-3.013210857863673,-0.9124377072049482,0.33690933268753476,1.4474548323462046,-0.5846618786742426,-0.4133491636532196,-1.9658731792959427,0
-0.14918474037008356,3.572512195456215,-3.12358203261808,-0.9799187813566037,4.279362310596381,-0.37109948834961703,0.6705599911926691,-0.000708643832986225,5.7780149727324925,3.8753208429914614,1
-0.7437063924173068,0.5681160092002709,-0.04486841342242576,1.0634875520016507,1.3721214413723986,0.3660256225675158,1.7728117241210901,1.5531312035393556,0.29824972889056633,1.8782036865717013,1
-2.8109990362879556,-3.4500344755698977,-0.9139833951145818,1.3938344046323636,2.092161961880934,-2.2097429161329054,0.1191005684977072,2.010940884560054,0.32758397981120724,-0.31550111357839783,0
-1.147260370770733,1.3344361742764705,0.32237395840656724,2.2505307719393315,-3.9217676464791196,-3.282413116112224,-1.2483878121270522,0.7580273787604709,1.130032857551354,-1.0675423290942307,0
-0.8089243600018142,-1.4519922650019403,2.3116216143884167,3.9117475922253684,-2.3162016651000883,-2.6961281244509756,0.7704172467992092,1.2690457113538767,-2.0523236465371513,1.4658715436363683,0
-0.5586186407861036,1.5518903833495035,-0.05112022779302461,0.2412926467766588,-2.2575407818862017,-1.4585549319603923,0.1935948232809277,-0.7018583902422526,2.375690636817883,-1.7944241955397235,0
0.92205530180027,1.6141329314945851,-1.0467451924095132,-0.5935878607897282,-1.4009164430900078,-1.3045527174550935,1.5400221859243586,-1.5693974211366089,1.0449691736612596,0.044512494188695184,0
2.3345036188764974,-2.667607009207675,-2.0509345846154465,-3.1680293436202533,2.834539365069718,-1.8857858691468738,0.6161730983702236,0.011722149085865649,1.5533771402487848,0.5653980256531079,1
0.589748832060423,-0.5654821150528409,-0.26028525362496624,-1.4099728793606776,-0.30176485734697023,0.27396521120495887,0.8201972453763019,-0.3957297737110001,-0.01105111997095487,-1.5961610588689905,0
2.5871160395455384,0.4482260032505003,-2.646794924926336,-3.2766603556956375,0.7104425667510788,-0.2608000977363526,-0.9011373907316163,0.9700859861773148,0.026396446850078803,0.34036683637224807,0
0.10753182003346295,1.4017947913733035,0.026608960287020533,-0.4776783989936492,-3.656123567516773,-1.6685347190621427,0.17104406892415022,1.9746523622218093,1.870648599298737,-3.170611034517248,0
-1.1264809679467978,0.23505562083077214,0.6392913231365942,1.6246441797862605,-0.7623484580420714,-1.6130955957458704,0.3043625584676616,-1.071986386385109,1.5981555701206904,0.03405865015324416,1
3.664235668608839,0.177512327085945,-2.847052298389161,-5.218567956923524,-0.5183098949883245,0.04684718133646526,-0.7326361820476124,-0.38510537684445295,-0.027209004460851505,-2.103680912754466,0
-0.4659496273254973,1.716187094141773,-0.8249480604223023,-1.1498355035454448,2.072283630196919,1.8451424869768047,-1.4231031108824657,0.26205818255743474,2.4853158249415808,0.122194413756741,1
1.2741253317707333,1.5967599057961626,-1.432357162956888,-3.027812533249659,-1.4016493463922317,-0.012023661502478022,0.33107589099048995,0.3034046705972552,2.3664454578943084,-2.9530333895099643,0
-1.4486236935046448,0.9324093923238097,-4.607511131189476,1.3161425700496054,-3.1411469332746353,-4.76663567897968,-0.3372789695314452,-0.45394154722152685,-2.3914452566928848,0.32586473160481,1
-0.32081797483189267,0.9125212884052218,-2.402419770461025,-1.330006094031226,0.8496446250366718,-1.5396883479052197,0.45746868608800834,-0.883406160335368,3.1644779631203352,-0.4518930050001798,0
1.7241796491618109,0.6354031612156694,1.182662496633336,1.4240084494493725,-4.3955509050469805,-1.8044520338917174,0.4242911326544627,-2.990601448204536,-3.0866711071654462,0.5137143740705477,0
-1.1981069358207557,-3.349016684847218,-5.214366372647667,-0.8136228593071109,3.9699354971912904,-4.688663477835643,0.08556974075621303,-0.42571774055516237,0.9361891574570551,1.955186126491598,1
2.3924960007504383,1.653162427842373,-3.070826920133428,-3.275499146382117,0.6099933638432522,-0.7524086647833479,-0.3157055522269598,-1.4051638599397827,1.7704387865830578,0.45414079428679965,0
-0.5072745331224707,-0.5725918528848186,-2.602508680303284,-2.614698141028448,0.5771726040810478,0.7332189134009148,1.5939525925054445,0.22622954761551647,-0.24685589963671783,-2.8271594288354325,0
-2.5972691103525936,1.1280805536999199,-1.4967014197145418,2.9971097841819185,-2.4780213762147856,-2.9918299534900905,-0.6960867266665095,0.15399553017779374,-0.8342546509988762,0.346772529093638,1
-0.846711460095078,1.7001139249775674,-0.6661246993669208,-0.45780298428947236,-1.8463764784070353,-1.6144404279476339,-0.006764593656490827,1.3253722587901913,3.7835890664115883,-2.589581907910241,0
-2.7404853466093595,-1.985967782867128,0.9185760600353015,2.580155894249167,1.8763385645668302,0.9306130757768677,-0.8529070671409017,0.34237508962750735,-2.0841449308259388,1.030990525150732,1
-1.4288334879365747,0.12227744606810931,-1.265953492203866,0.47922088785321526,2.9635339301089925,0.3919547895565455,-0.7756183088639343,0.4310621293964528,1.0126098848548886,1.8647868266361303,1
-1.02198867244862,0.5187380352115601,0.09525590604144063,1.4736802429010085,1.699564826959518,0.2763340986568674,2.0261959771939675,0.21491828714139533,0.4949243726607925,2.295942860633774,1
-0.823225614396098,-0.8103494935570577,-1.2129933610263124,-0.8301114481328873,2.8157321425303468,1.2160381171812158,-0.8655628263964125,-1.4747960267817681,0.13420203272118592,0.3604336688271652,1
0.3804908255284267,3.5163071336405904,-2.2699205043168478,-2.170165514916415,1.5929434148921664,0.37176538370920764,0.9182308804777409,-0.6189081246215511,5.06203883072779,0.3182685789340991,0
-1.7442063532458634,-0.38507037940639965,-2.243740527410096,-0.7310004913001887,0.3106583028892549,-0.17474276972586822,-0.38775191452612895,-0.5305678296877865,-0.14553021208228323,-1.9358570490311329,0
4.467469714969008,-3.7402304111260563,-2.886297963171402,-5.547482953448688,-1.0005635035545393,-0.49957650731064696,0.7670441288752773,-1.1877781917985912,-5.04921626168313,-2.7425269287857126,0
0.41468409254404914,2.1681231201613325,3.235835799970941,1.4725603580095266,-0.3218180625046174,1.2353066005890883,1.3359605561206054,0.8858407471328126,2.679132300223225,1.2565889317466283,1
-0.525557036590336,-2.981464513038004,-2.1756098316795,-1.4326679040853683,1.634719274619737,-1.0260034076138576,0.8206642269566928,-0.6311183737934328,-1.0690795078048443,-1.1584505248790076,0
-0.927923967073401,0.7995083302156503,-0.17229839129930713,1.4621978509564042,-1.0994478786871034,-1.002803542307141,-0.2071011056632473,-0.39105685693292935,-0.20234456542549362,0.454169777278303,1
-1.195457874109938,1.122610556123103,1.0009695151620193,2.4790102267910896,-2.7419567052856806,-1.9398410276762519,-0.3602217713060356,0.086459090042442,0.596817934364055,-0.21673491371599884,0
-0.7185843618966918,0.730077256612649,-1.7613342730653136,-0.041918158337144185,-3.037684678484315,-0.8882536912268413,-0.9515915956532172,-0.6546254142120443,-2.329373877453145,-2.0899641041656025,0
2.0519187434535366,-2.4423029003794676,-3.2825988151314345,-2.939010881936139,2.183173460742151,-3.4866092566698152,1.0282824711049414,-0.09839182710802215,1.6487052620134914,0.6894806934094272,1
-2.848242471688874,-0.829251790657771,1.003247399811893,3.296760345421947,1.6738564535216032,0.5924472102760504,0.6425498446805906,-1.180435019885239,-1.2977077944750586,2.0114088919939492,1
1.3275914920425653,-1.3025406805370396,-1.1588104826931822,0.16010728924820494,-3.35930929641389,-4.99867824242552,-0.29811565762846065,1.637042214320274,-0.7536111838217506,-0.5810565998127948,0
-1.123536870641657,0.08578839978242514,1.7811879571493199,3.0608282734349936,-4.982820550540031,-2.838704368633936,-0.051560318322649144,0.9153183002721513,-1.197247331913629,-1.5944488996133588,0
-3.3284389363199787,-2.762953357048497,-1.869135209028233,-0.4938384853726334,4.3079281692315705,0.6190428320843293,1.113014443935635,0.6187026219071299,1.3001367482081045,-1.331028757785764,0
2.6216562841741857,-0.7311658056017034,-1.1864047239673379,-1.999366858517437,-2.129033413483578,-1.474809377209498,-1.3024560839920498,0.41401294194469096,-2.0963351795821543,-0.8929607465619023,0
0.3988222308929804,2.376371941134291,0.2095418775349882,-1.3630643738890051,-2.725595512767743,-0.46755134294373213,-0.03146222449536458,0.7995188490735968,3.6279644890595586,-3.2964369368457915,0
-2.6804722318265513,-0.9898829232318401,-0.1804537076136392,0.3000837589521923,1.3677536786592737,1.0788970525211337,-1.5527048007447624,1.0291254449563685,0.7517219351293929,-1.970373350494009,0
-2.059351352329392,-3.8788685943032233,-1.2326734567918392,0.1516195536615491,2.890175468190449,-1.830657929856566,-1.113123251371879,-0.571868838754654,0.710899022880519,-0.573334415095363,0
1.4959418106868028,1.2705943038561904,-1.921315014444539,-2.570047314902915,-0.722804082346381,-0.9078410779977566,0.440944019922617,-0.039886752367101534,2.0398948246882687,-1.3323460641941023,0
1.9292865531113677,-2.172102239246379,-0.25875364646538135,-2.3136462972914407,4.176148900199039,-0.3627260715713092,-0.3117977833928547,-0.22897866919380577,2.9113911289510748,1.5523771379754034,1
0.6618698779386245,2.710334073379457,-0.2942181637165575,-1.3575131084453684,-0.5609850126753941,0.3367187699281109,-0.28983989267729987,-1.1092624779072835,3.5853566067112346,-0.9332218847954769,0
0.18290494049918482,-1.1059920830031764,-2.889408268573622,-0.8557603820368036,-1.3843374076917678,-2.612709146298265,0.46485198087037755,2.6618594440746413,-2.0086088387199865,-0.8962892211763314,1
1.1089192134697523,-0.9336529048511781,-0.5500149824790544,-1.2661481309096232,1.6839294796126918,0.4912548863858941,0.579472818912714,-1.3458312958641396,-0.4149746409395485,0.8544158777003239,1
2.110670083772235,1.697240707352219,-0.1356481277528011,-1.6383936983199536,-1.3099520017429158,0.6092066825183264,0.2216420929728839,1.9519864316886006,0.19765250764331577,-0.3085397761360297,0
1.228734069715011,-1.451267972862373,-1.3601852264481447,-1.7695920961634894,1.1992188080805528,-0.059409929696542574,0.747038926743637,-1.1856837912439093,-1.2163840823111522,0.1875796578349217,1
0.10550052081517247,-2.2296735232866065,-2.377206008194755,-1.2010863582113651,4.931765763358571,-0.7154407926046225,-0.2291478429729563,1.3788583732951116,0.823293537679804,2.6986908933737936,1
-1.2216308683585217,0.8468583270832541,-1.0873003656851532,0.14710733255790065,-2.2365884265677862,1.4178649982454585,-0.14288297278797174,1.0668655876415893,-3.6461061290582495,-1.9862293631944063,0
0.893457383662327,-1.1946076163796886,-0.21357753735498197,-1.0317013362301244,2.4312803274308403,-0.573288871525099,-1.1830630064186702,-1.188236086510001,1.9517746029774994,1.1131335961008675,1
1.1803947334464087,1.3772180557152045,-0.20241045492540355,0.050683139814792444,-3.9467308804881918,0.2299619419006249,1.8181062078919905,1.1089808553132174,-3.9941770436085804,-0.8239604833287903,0
-0.5549927175535239,-1.976943458480501,-3.8057813561534903,-2.8177953610307607,0.5432428553656115,-0.9217479349592133,0.007284972241473471,1.5929783648818574,-1.0497027055273496,-2.97811371005161,0
-0.5647533688184386,2.335552948841384,-1.9367474617435199,-0.1612601538452767,1.8876371749111391,0.24793123042319387,0.787161518018172,0.4116673282159038,2.089107891133793,2.019051377915404,1
-0.33939128241643823,0.559821995129846,0.7371400667697114,1.0009188125055672,0.5682870436529515,-0.15206838817831125,-1.66579730275389,-0.468844654342496,1.2644363091777844,1.1982132847701714,1
2.298777663651301,-2.4208835162537525,-1.8508391655544365,-3.0069097561733207,4.007113531980218,-1.3754938241461476,-0.034173479655463426,-0.7236309963105796,2.204679690753573,1.603880373873209,1
-1.7486932334227965,-4.441457333919931,-0.6627596710803949,1.0361240647539485,1.7395585760869243,-3.583697028780464,1.1168096443533484,-0.5861786338983189,0.6247386347785908,-0.25830101237517666,0
1.8495159949684394,0.025726224102585515,-0.3750201167988757,-1.314377740473516,-1.0748685351912812,-1.2342841285904969,-0.9311594017501897,1.2983700044467545,0.46994727304041317,-0.3604057826599014,1
0.79528195012981,0.7588353709767159,1.4209247960933142,0.3397404719163831,1.833698114035549,-0.5169603842194639,-1.3022662379689898,-0.17750852548919108,4.126854432096614,2.12891919915273,1
-1.9683826785047187,0.7091459050433716,0.5686079949551646,2.3363086806349846,0.8598152341228414,0.722027290525961,-1.1413669732818656,-0.43419761794383066,-0.3226265269035453,1.629227608827053,1
-1.3118090170703072,-1.6303234904094634,0.4638447720667016,0.7166679630589273,-0.06385681231543339,-2.435775648229634,-1.1846635367776042,0.27234068013162743,2.701009618087485,-1.4825378349818235,0
-1.9709650218098587,-1.655891496181252,-0.13096625968497522,0.9154482815048042,1.1299728261998665,-0.09238957924225921,-0.2719037003155916,-0.4744761707438094,-0.40297824215651046,-0.551541788419714,0
-2.0149439367019006,1.4014839140921036,-2.322841890113843,-0.9955219919436032,0.4185494921856574,2.151913886691898,0.339725422190299,1.5773042984707726,-0.6857356876575988,-1.9639812024335817,0
-0.8842884504502045,2.584422997588807,-1.39481528356266,0.32652294690979566,0.16848066733164202,0.8524405290856879,0.5651972058375297,0.6899137665548859,0.33685757974884045,0.9274513060237448,1
-0.3744891462232771,0.351496362365336,-2.4779849772544877,-1.7905113189129969,2.6786792352911126,1.056575246013542,0.03340386820833625,0.7605704570265487,0.8526605535661316,0.2970630875125959,1
-4.015197545576306,3.2529672794033013,1.7638866179291188,4.409519727784277,-3.2075893873052763,-2.603664971746324,-0.5979493450178113,-2.820266503429235,5.132600281067114,-1.2671880900491679,0
-0.40022921024629476,2.1887800254565817,-2.017707645230675,-0.88753919303967,2.4066221799334837,0.6569919585120021,-0.10875609225858249,-1.1437847538029047,2.712775140397619,1.5300418854301208,1
1.0130705510594629,2.888795240089391,-0.9538746529750748,-1.8208422160422653,0.19429224337875495,1.526168021680494,-0.7655580899100276,-1.3633062562376073,1.9794550449512966,-0.10325483799993074,1
0.551276928326115,-0.8898034655605951,-1.9040047396271889,-0.6100123532416043,-2.0769716753354084,-2.421431176188948,-0.7494579728618296,1.2633272591179092,-1.9328640669481711,-1.0562644744957055,0
1.38521094265425,-1.4487535134454363,-3.2700149654259674,-4.590938022090121,2.72633814096599,1.4009607587419006,0.5084471037977766,-0.15117767335236626,-0.31694683431346493,-1.6400561105964098,1
-0.1690328149561382,0.7529848266899563,-0.057933836233394986,-0.5744173819540725,-2.5369724031749255,-1.4137541883687423,-1.057016504055358,0.23103032574284177,2.0270987467327455,-2.92228558033327,0
-0.1806213112240227,-0.8293876675928435,-0.6847742112888138,0.186878305328204,-1.0913814168796485,-0.4068597891073469,0.936820043574258,-0.8536480466142033,-2.6341157386952703,-0.5283962252946375,0
-0.994623252540987,-1.618786464414724,-1.8153446889241107,0.253799157717574,1.4729952621117157,-2.357833111110156,-1.1228059331585614,-0.8889970083822046,0.688777037907213,0.6738245245889716,1
0.13374062933569686,-1.440191856772696,-1.903105569715228,-2.5535516602488606,0.7830127592431922,0.17201276972257085,0.25445614468682576,0.4173783621434519,-0.055508280325271664,-2.405243162420729,0
-2.01528230636202,1.011132935902142,0.6805231616064855,1.591381874219217,-2.149007169536863,0.2311687495147896,-0.07964471450871508,1.5870092798760793,-0.27684176528467186,-1.8306651401797187,0
1.1258515867207537,-1.0251848546487405,-2.1161145749281007,-1.4309266529917173,0.8404485641492867,-1.5072447157490634,-0.17225589477488634,1.1989094501567816,-0.4826526600036558,0.700412836627319,1
-1.9280436707212416,-0.7740264035925019,-1.3941293089917792,-0.20138327090314845,0.7397052089400148,-0.14927059384305108,-0.005792889235225176,1.4851555637091622,0.3598528210078724,-1.6116258211212071,0
1.2677691039109815,-1.8545577608371944,-0.14084837858675614,-1.7594362772037921,2.529858856000845,0.6904284398502325,-1.2455974395363607,-0.23576473702535808,0.2265896042949379,0.49179161669858495,1
1.0925263107452237,0.18379837999574722,-1.4320796245384013,-0.8196237277157619,-3.8555322350195618,-1.8121001302323736,0.06236948020465527,-0.020081028879013117,-2.6082748368190307,-1.9694763105271178,0
-0.770768071149683,0.7932524220466206,-1.2542639396782616,0.024628852969012627,1.5562955570777977,0.7076020562329719,0.20490538869251923,-1.711204029011989,0.15684962192151986,1.1468253687552847,1
-1.9851599556458273,-0.5018791753992173,-0.8329076378172694,1.4036116018063267,-1.764032986007822,-0.7164686671094509,-0.2961451208038582,-0.262312828495323,-2.565261014206846,-1.3136299012715413,0
0.9286572460852471,0.9207543182842763,-2.3952411465165557,-1.0783167978403354,-0.3168693571220116,-1.9752712342244299,1.3142818430295244,0.23201308840802834,0.8293413860820382,0.6636298880755465,0
-2.8968636322092234,0.5980447842565004,2.225427292266611,4.55237767678464,-2.6182185809516154,-1.8473643072258898,-0.1801653737290823,-0.3052382722524012,0.24005663177383463,0.11010302054974686,0
-1.1154841543366683,0.9053472030341663,-1.9968310725079348,0.4403579667968818,-2.1763398158790235,-0.24542492463946486,0.2534036652162668,0.33312205694220387,-3.0993192821796325,-0.9782002894700768,0
1.0990832288340786,-0.8427432557979868,-0.5079402792342271,-0.9664230610824753,1.5487826445283503,-1.8168414344620134,0.03782522791170415,-0.2109724946124373,2.6787126014813247,0.95111572935485,1
1.9582036201888786,-2.1499324530608535,-2.8461392242399306,-2.760319210124518,4.059761804377043,-1.9934122140313253,-0.22204256863212143,-0.4976968062969693,1.8953162610004326,2.1659295093917557,1
-0.29075550214598955,-0.5341692072609375,-2.5406836978605787,-0.9813780061328319,-0.152494530485352,-0.6457964073057306,0.09295180969036923,-0.48891742334139066,-1.8388286490784798,-0.6924540214939399,0
-1.6443400877312564,0.14303294075539086,-0.8340559056570679,0.03524723111291528,4.463326224556511,1.1287156343900593,0.030244827674648884,-1.7004944386263916,3.012350831784882,1.800087700629987,1
-1.9740248833613538,-0.7995616619482557,-2.4108409122395607,1.4229102842144343,-0.056617345085871795,-3.242040168674678,1.041696557520979,-0.12863592182953928,-0.15327392697563402,0.5601422747357445,1
-0.7130965168225194,-0.34192762738465365,-2.9609053814909156,-0.9444175890067739,-1.4038378126166544,-0.3563294254151964,0.4093475302488602,-0.5660936752977537,-3.391030387199235,-1.7613846264668247,0
-0.3062834389329898,-0.38185619752991573,-2.425163862574743,-2.8302475258541784,0.566152477619338,0.969773925634402,-0.05632389649333018,0.09620609990043659,0.053431929041553916,-2.955520637376331,0
3.7096619840700167,-4.288496075976843,-0.6844714771131715,-5.16047096075501,7.210432197964064,2.174753973330859,0.7464576218021075,-0.8499599239738012,1.2768819931517197,1.6853772660395379,1
-0.9413494668116957,-1.819795678720849,0.42561756260713035,0.7438918553763306,0.5913117316746258,1.0399817097630726,0.7658138139203924,-0.6680439078485115,-2.8827218231071314,-0.11782830177131554,1
1.0963393409564124,-1.2352356107404914,-0.8637327667207046,-1.5529597440377436,-2.344948661089737,-2.063497450371594,0.1479956095400277,-0.11970573304069894,-0.4281019478212016,-2.6730222484799384,0
1.390303991170065,-0.5556446007461747,-2.126946208755637,-1.4533051347131505,-2.5284454389144475,-1.0530545971395613,0.33283614315262783,-0.7947730872307747,-3.891248491241286,-1.2719660145337794,0
-0.6609718190535299,0.7121195752198934,-0.8148201324915527,1.0731539205237846,-0.97179551212441,-1.3753964664518503,-1.6454760870359149,-0.29797866679203067,-0.29936325157000643,0.6032753030012037,1
1.7513369938848184,0.25106213278954104,1.6219252135840518,-0.8834623245314912,0.9550510199452954,1.573102401714591,0.750512419611869,0.5231727649891493,0.8403626371462352,0.8218810163268944,1
-0.24680791768608112,3.331995517806325,2.4795310397468335,2.4839232309669153,-3.7229032898369887,-0.12140645992177856,0.57685423672584,0.8822730430340756,0.9676516064678751,0.06778507516468046,1
0.9687615028399685,-0.5803685442713014,0.6074014401332164,-0.6601777950322006,2.4444287957165804,-0.5264585927422184,0.8415502815234793,1.08321774810704,3.2491659686304026,1.4414467164898876,1
-1.3845533905509457,0.6514102882190238,0.7627319980414475,2.2215915613398285,-2.146207876129212,-0.8924659691159409,-1.0771308202318859,3.3545733891663776,-0.7779789674706065,-0.270423944229641,0
-0.00349531218352106,3.9602071445980447,-1.8855496814985298,-1.4185998856505788,2.146121308265304,1.26679265118196,2.961283696951351,0.6549150986875256,4.479979276118312,1.3598767628158686,1
-0.7103475809572205,-0.735582247577525,-1.43287372515408,0.211344278362122,-1.5555753513555004,-2.6901619888153094,1.1312871063587266,1.5797174674482222,-0.023279539931789994,-1.2987137720855655,0
3.2341068501114254,1.40557903547596,-2.3733512799572227,-4.50054244461087,0.6001710630381005,1.1533655421460933,-0.3423808553386246,1.5818811247582527,0.8282428394435187,-0.641466105208775,0
-0.2095681792435331,1.9903138113749788,1.2557280439940652,0.8273863072756946,-2.8798004461434275,-0.44954103030782355,1.6064583679786404,-1.0229678848680677,1.4691905895288206,-1.4506631604441291,0
1.3518288341781561,-0.292525464362847,-2.3251093789341617,-1.4622147800767178,-1.3804213166016506,-1.4072993064929014,0.44113385598605676,-0.5722064947808724,-2.2476593760401546,-0.37772838419149823,1
-1.507635009456037,-1.6950594118996807,-0.6421797685805748,1.2115631978353303,0.26885912589197986,-1.049199423066393,-1.1945896470218709,1.7444739253854884,-1.68413310004822,0.08025670270506535,0
-0.9469018987618043,3.194679424303364,-0.5843688132648399,0.7890027101218513,-1.6606967591892188,-1.8683050292598637,0.1665864991558592,0.056824062149305965,4.24295543446078,-0.4095469932418915,0
-1.5961210886937147,-0.9011871215942203,-3.2359522570516055,-2.640239516638159,2.331361880639756,0.13268131343407985,-0.7500748765895321,0.22121233378936508,2.1736801563462422,-2.763043322310893,0
-0.12840551936345435,-1.3230661525658234,-1.0364347089601238,-0.3543045009874304,2.388334150154566,-0.49159241071493565,-0.3509941415994386,-0.4338726223247447,0.310345406726082,1.2997053956187647,1
-0.5798466282646741,2.171796416384714,0.254879347721515,1.5401408944866923,-2.672352981571319,-1.9295455538723982,0.15160806864456286,0.5390425910626099,1.6984314355864063,-0.1938856426569433,0
0.25548911874229596,0.437021701082287,0.1690868449710048,0.4258463537730418,0.7059905952321713,-1.0709909934547301,-0.3567798292390546,0.9721870698180928,2.029138319864173,1.373720722586174,1
0.2298993127949409,2.133158253564984,-2.628000833446225,-2.281893726373347,2.6139024485320554,1.1310602100803848,1.0376400147631857,-0.31265873001459316,2.8451626562070764,0.7084629089719918,1
1.8834287923115054,0.646984238750463,-0.23517194322728896,-1.0947624902035427,-0.13376993728200579,-0.3407178656180839,1.1418635102837786,-1.0313628176412637,0.5101336288862164,0.8453391866136997,1
-0.5625405554249305,1.9126371149924037,-2.1456145938435665,-0.8414770689141222,2.469933196120055,0.6930796128269482,0.007014183847499382,1.2528109453836513,2.269708598234676,1.4640199136727161,1
-1.48166469040472,0.6627919270492522,-0.4442264448518034,1.8335550347659546,1.5045641642996186,-0.024781120483101216,0.7400242527800978,0.5547458082427815,0.0011793197817965284,2.44279304179191,1
5.130726398530278,-3.9675147981139953,-0.03483172801497125,-5.8944637199853736,9.081937973995238,0.9791114408116821,1.0976942609423341,0.31083222911616043,5.8398648705941545,3.2602439703825326,1
0.011479543899357791,-1.4905551788677875,1.4399286193253453,2.373919523431232,-2.28780748308023,-2.704606786198877,0.07719203356003806,0.5831082674131879,-1.7149215027850282,0.6408072476630815,0
-2.136965144007481,-0.04027670358485502,-0.3388930028284971,0.9521984522758916,1.3238859040044846,1.5943866985303918,0.6190189801473731,-0.33780411896225443,-0.9805666423343504,0.06204610060929272,1
3.591224802564504,-3.898450280464809,-3.235015526938361,-5.114126257802172,5.34464952390431,-1.491264590430575,-0.03269763638397336,-0.9223846290616873,1.6579076822866614,1.4462253792604114,1
-1.5391998497590094,2.2699903081368156,-0.4558020527413813,0.9864754458567606,2.02855290360555,1.0741447308171879,-1.0857663232621033,-0.050794035227891964,2.398828948670923,1.863223115834432,1
-2.462973637420456,3.6755579324924135,-1.0360318019561143,2.0152089722627275,1.9377422704293448,0.6500575652267072,0.11898642139500626,-0.5862355743997301,3.0851704457163596,2.7959564274499114,1
-0.40379184972125226,-0.4684214578712991,-0.6577026132437224,0.48149197485421596,1.560920157361854,-1.8463472341349751,0.03564679076343017,-1.0447855375654158,2.1944929224928384,1.4529536273405084,1
-1.4508630118039734,1.2649254590191983,1.2440037791271914,3.258810485365993,-3.9487520115605084,-2.788672045462409,-0.8742869572003843,-0.9910173361055483,0.3122793280863584,-0.40286678004536824,0
-0.3045976040904872,-0.01540164834107971,2.1685048812254712,1.1254601504985176,-4.6204639045759,-1.1415949642205283,1.591308811184674,1.1900045731143436,-0.4948190115206834,-3.3758935934682035,0
-1.1276027913525526,0.966679554585625,-1.6055566679055253,-1.0796616026643515,2.583609714274078,1.736381594380222,-0.20995356781042931,0.7583074262749673,1.5666468097837591,0.05097500216402351,1
0.058496892774932974,2.6344521178747957,-3.4654477481955506,-2.925362794537899,3.552592125961926,1.2706985955394838,-0.4763412656805142,0.16400349363955755,4.10894419950975,0.7662721274426876,1
1.0640845532716916,1.3305424824656782,-3.049728457777861,-3.6228308832426057,0.520015928905099,-0.6841116506699255,0.8897490428140682,-0.20017563679851152,3.4685054489730214,-1.9387676070187185,0
-1.0783988758255052,0.6700853073672008,0.17076589123230557,1.9315329172398559,1.0799473110326767,-0.008425939936105742,1.1325913089218718,-0.8085121927496709,-0.06081023228176585,2.44856228179827,1
1.093081786405556,0.7695974813682285,0.28574795839637956,0.4182496193536704,-2.373155469596654,-1.4249174526304165,0.696223682562848,1.6228759844712095,-0.5712234032288281,0.18027020345315137,0
-1.4463647280545733,1.9676995065262541,-2.7625831386841577,-0.6193592135228172,1.5822668676269958,1.0843221348751688,0.8954408909483242,-0.4908241829773584,0.6209715001797819,0.4535226426166651,1
-0.08831220932600492,0.09547624250147435,1.0641178091741637,0.6060957740075453,1.1878278406119818,0.3826806943642047,1.5583607791381355,0.029491194598528805,1.3413858248476984,1.1223531172641925,1
-0.8910644079011665,1.623346479297283,-3.7264255075725767,-3.6203122939847163,3.9547837975889135,2.5510773632025825,-0.3071425092379435,0.14482385479938018,3.203704025162262,-1.1622429024696443,1
3.3015260328730056,0.29449619309310016,-1.4417596280328155,-4.473807907161712,-0.9720145462723272,0.6340151554308566,0.06178182319352129,0.012943980145232497,0.2067044723477609,-2.476768167206404,0
-2.139977090748813,2.0389321357591434,-2.549838916875038,-0.015608116402397787,2.560167915438697,1.0938178325834031,-0.4917234642572493,1.4038047328403518,1.6765599750588107,1.0996530333856855,1
-1.8565252964215768,-0.612727965274596,1.3853042194556346,1.6927117611345657,0.10403790071765395,1.8475528790272757,-1.3572838197115573,-1.7313159358110126,-2.0517282119574354,-0.402933265211739,1
3.0594096457874995,0.45009362175775136,-2.4434148731751124,-3.1974874733473255,-1.3757065188426485,-1.6754215327740267,0.8124349008239216,-0.21724932841809785,-0.03989401684234739,-0.7073603539474882,0
0.14887479413904758,1.4929483737020504,-0.9527019119836978,-1.4302361146049336,1.9527659778181798,1.454499616487197,-1.6105532012460402,0.76920464888916,2.2406223637405183,0.3777037944461048,1
0.4517528636565554,2.478555609241386,0.2516653782592049,-0.28741210148390167,-2.627703202318226,-0.43526953981017713,-1.3542929263269372,1.4544569567083374,1.8548542599124804,-1.4704645223352237,0
-1.073520641593701,-2.77073997201906,-0.018363433102566162,0.8058904302075128,0.6303723992220522,-1.4872913911964458,1.2127758617035702,-0.7422676907922764,-0.8339617312134522,-0.36782987782670995,0
-0.4241532429209327,2.9209824575112524,0.21024855268728593,1.571624671491302,-1.6925470888956895,-1.1806919402485558,0.7890574680832019,-1.8010661047179843,2.04797716128426,1.0204632928903177,0
1.9535649666059716,1.1222306259541925,-3.1180701106494233,-3.599543041370562,0.6933838734358322,-0.6754488860233235,0.8759903825792899,1.0311304346805235,2.0988940333559762,-0.6290370082512958,0
1.162510962331817,-0.6617366585439307,-1.6142044964695894,-1.238979313671596,0.8067686550109708,-1.2301046884866302,0.9215169693346942,0.5165849695700944,-0.05014823595971096,0.8289728685085007,1
-0.08537765912979167,-0.46459788391574897,-0.9209236394302217,-0.4008782243826059,-0.9885841838830336,-1.6116650925488694,1.1182048597593914,0.08300105205284822,0.3387650445601116,-1.175446142108727,0
-0.4998461016345148,2.7359066228104094,0.5157478983982879,2.522162653518896,-2.564191420171449,-2.1321892711616686,-0.14332106856435312,-1.3944785780990199,1.3771947212990259,1.4625620152297616,0
0.01906496839320493,3.310096677316769,-1.671001129638054,-0.03590371125682834,0.989736280841992,0.1209479770417825,-0.15048631615010624,0.8411309417668084,2.2137435414070685,2.3424388616115848,1
-0.7733686980463921,-0.8443443915603341,-3.2505981842610523,-2.858549024680267,0.9433670298897117,0.6790159088138952,-1.2216714837837672,-0.5633211545860078,-0.4735147914027388,-2.9637812290668237,0
0.6141511870302866,-2.374169798149439,-2.5209187617354605,-1.6579435786613899,3.942506097461632,-1.6449659003120927,-0.057243601034954156,-0.39903500315560303,1.1577528675340611,1.8784702854330224,1
-1.5440350207171465,-1.370729805729666,-0.7169798420497857,-0.08379545742900052,2.531926044817738,1.4236647937712434,0.4935343113115024,-1.1740537802982656,-0.8045633538513557,0.014677426296825224,1
1.5358368723226823,2.3397478057107604,-1.999068220973317,-2.5650097449832527,0.5214379712709267,0.37912644058984357,-0.5941922705388568,0.9062158692056012,2.3377840349693115,0.02439788746426097,0
3.096871492937801,0.10018452930573196,-3.596727990635903,-4.80552347509035,1.6188306878486765,-0.05379064620929619,0.04546652623319363,1.58473964304512,0.6600036023584512,-0.22788718142684816,0
-0.8182339087284718,4.700237946149048,-2.6932659450167815,0.9044276554712372,0.5841582718391608,-0.5560106608477906,-1.2772576684399324,0.47584037684396674,2.321300280368934,3.2527451704841446,1
0.711556341356854,-2.4029621845327123,-4.565679192348647,-2.1635012921950674,2.11580294007131,-2.4158314358702118,-0.7975578928734657,0.18307011011359745,-1.864732480263997,1.0181658253589192,1
1.2862122758188894,0.27719044799940873,-1.1307938397408073,-1.3478383648264116,-2.7009031787912323,0.2887025436510424,-1.5470529217226574,-0.6407438657156224,-3.491136990076574,-1.6435193081520234,0
-0.8188483693042494,1.706391042754218,-0.9789112072299047,-0.15898940147815255,1.7206170053561898,1.115241795646309,-0.16765493511749982,0.5259138012878014,1.6759178558405452,0.977049920255119,1
-0.3402477416126297,4.365188085012234,-0.7883788878752043,-0.3260826982107642,-1.3047633238426162,-0.7023328624261018,0.003962181121075194,-0.8270375650347882,5.18683435895246,-0.6382739201317932,0
-0.4918994427269059,0.32389425534539795,-1.5090492596045073,-1.9472001825205407,3.2890425866319606,1.8981617688059358,-0.19911623844902007,0.7328898110299136,2.0741580698998336,-0.14835648286859549,1
-1.0132512126492155,-1.4539195025113485,0.09561769867535541,2.19939007643161,-2.9953499425726196,-3.1619879778652544,1.1081978964258854,-0.8529283222958393,-2.2161052724724604,-0.7098732246333497,0
-1.3990503866332282,-0.6415015212322546,-2.6404197417798674,-1.0248378203946298,0.13186953798988843,-1.234084935427028,-0.8894004538930466,1.2455882369800797,0.4621147224781381,-2.0131695641374447,0
-0.7797097093582823,-1.896078460448477,-0.3828945494126694,-0.3115633940084106,0.22695382326528138,-0.9302432769931764,0.18284865497593888,-0.943380685295771,0.12238193159278787,-1.5820101294907005,0
-0.20875590990677206,3.792393534695887,-1.7610862836202341,-0.784139449990702,1.8658643766074143,0.8880217158841412,1.2564429737963825,0.17050327816584582,3.9096603889415524,1.739618387368507,1
2.4204717749721323,-4.97207102370169,-4.604211326616382,-4.757126377315666,5.893777578606651,-2.1603864044000964,0.7882799691310772,-0.01573838216868779,0.37034594446978575,1.4190893964817382,1
-0.1514995801415595,1.1802688992095611,0.7424555918095108,2.164895880147029,-2.870414360996814,-1.9347862780356333,-0.2619718548563233,0.572490880452137,-0.58879372826357,0.7103913937324238,0
0.6930423096912093,-1.167146424306417,-0.41909670160492296,-0.7581401627624438,1.3802401414394414,-1.5882455077576212,0.12871520125984065,-0.4444299967257112,2.03097604385298,0.5411115188270477,1
1.255259530795026,0.8917968886695155,-1.8414184395712163,-1.4805406517704058,-1.5093289049379828,-1.7164411899152157,-1.16323982875029,1.4466861694873017,0.5612526030737787,-0.7119398736366713,0
-1.5265550176107083,-1.7054528137360796,3.1335385679403664,4.868397794549504,-3.245599636392069,-2.653454663620559,1.161532901211637,-0.39729841154320267,-2.7737277083290555,0.8375971278569911,0
-1.8717447623761072,-2.334957306074987,-0.5821278495692046,2.3213393354646836,0.596319047956046,-1.5412650502711944,-0.193849134422538,0.9467504391358753,-2.907295370411978,1.3715383383507054,0
0.7964485396378271,1.1220701758942804,-1.1098555521905809,-2.8936045273587157,1.0073294582469474,2.2924239504028865,-0.39159851861226264,0.6436389519072028,1.2274053593396126,-1.6517542689292695,1
0.26871282077791325,-0.6763851209460441,-0.08963652694978119,0.1607473837364511,-1.5619785503479142,-1.4110768994153466,-1.2091112889885514,0.2830595465089119,-0.8426660675179523,-0.7639977381541974,0
-0.8488077088670237,-2.3252509596760467,2.2080293358178222,3.0047197063973394,-1.9155683353521682,-3.646860774031449,1.001857194053802,1.3268267347702845,0.18042464162048177,0.06282378008265832,0
-1.31738522198942,3.3362098144691914,-0.9805561140834913,-0.16967386271234597,2.9693359942277953,1.5712245931274902,0.22637520284006693,0.3677878890656031,4.7858353661818915,1.590694363543416,1
2.199748539762977,-4.7641312398656535,-4.755736892768343,-4.528293152904803,6.308233496387982,-1.8488994415685132,-1.2460537751704222,-0.04921975018821472,0.1335270161376081,1.9579728145376014,1
-0.17960672231373032,-1.670218588861641,-0.8564818519214014,1.1574424674520674,-1.5612635268458037,-3.0665881193124993,0.10641932274471189,-1.6851945308079082,-2.055759867230166,0.297913845745297,0
0.7579008514030786,-2.243737084982186,-2.9697666267742595,-1.7091156952698796,5.081997772088336,-2.5128313491800833,1.3174011696573185,-0.5865312904342913,2.860270943174341,3.0010737175646938,1
-1.1286216646054767,1.7475869627458105,-0.7639864840229156,1.2861483365834947,0.4586723995819831,0.3591122260117309,-2.216120646951888,0.059465927375476235,-0.1110191301418253,1.7323832209382188,1
-1.3089122017605144,0.14127423436294861,-0.6712533644508931,0.5105623427590861,2.0088876869814922,0.8754923595623896,0.3921843100416817,0.5785925349153894,0.20780909628218314,1.0846182969598046,1
0.8261754972645378,0.511916513070654,1.4608551615930745,0.15000023447896305,0.7423174319635644,-0.32678524062899816,2.0571446489558993,-0.6003993896860579,2.917227498059253,1.0329449771424835,1
0.21321467524714088,2.7314773120353664,-1.6720852187244182,-1.4397036966301189,1.2667018169406163,1.1731605081489336,0.430442703809069,-0.20224524385042006,2.399754849958171,0.5924555666433164,1
3.0702277518139582,-3.0989025249195157,-0.7699956827376642,-4.039611127876757,4.271253983721764,0.5863624434123906,2.0095396507971155,-0.2083660129166857,1.238006950511095,0.6103952664560239,1
0.4739677364296332,1.3279440206982076,-0.28260943046286213,-0.9575934403973295,-1.5655474325405738,-0.5490320734434722,0.7834311866438803,-0.4039010833862068,1.8259932056614925,-1.6505272540967302,0
1.9017759034715096,1.5657325933299282,-2.0350031076764443,-2.8998493768250935,-0.7029916616213252,-0.37126833500831014,1.1248063066978762,-0.3746623090721766,1.5171349616022765,-1.126493744292204,0
1.2922338572682475,-1.876064949459353,-2.0943226970460134,-2.1335847505002783,3.0659343100216754,-0.5159730073999969,-0.6553509016152382,-0.8300766992136013,-0.007705127583804927,1.3454050745346984,1
0.6435304571486258,1.4858111017490976,1.9890986091778462,0.855379336415123,2.9836156194810584,0.9165485279321319,1.604278036822457,1.4578588396606011,4.047541684150734,3.536526126531221,1
1.5763526951560287,0.03769984505470081,1.1272187913054794,-1.0137141533111875,1.2375613489147574,1.2964681470219137,0.49420452639453427,-0.4503089934847631,0.8897286667668848,0.816442951515512,1
0.3903432900631836,1.2240909006003087,-0.060321135713402585,0.07292497638028805,-1.5509446513976244,-0.7980645676891585,1.2247245219097556,0.763512567174797,0.6942680376466824,-0.31072928422123747,0
1.03119195009546,-0.9527322212581733,2.9510046630285967,-0.6258343253243592,2.266235352257964,2.2571224244988004,-0.6844622012492365,-1.3084746309253235,2.014453457252892,0.29014676040071397,1
-2.0254683282526282,-0.634634460105451,-1.4446709995296714,-0.4161783647428484,1.0195887678881614,0.9134757286098902,-0.2248603638828204,0.0619370215176507,-0.42718785758605426,-1.6970210231989147,0
0.4941580992476198,-1.4379414589320145,-2.005200453926065,-0.7391909199063936,-0.43151886618861246,-2.1457390285813553,0.2972916277054057,-0.5997542381588126,-1.449663447160876,-0.16422570942001324,0
-1.7675824833271745,-3.0110283412096055,-1.1725341863079302,0.33327478021758483,1.294960084984612,-3.321598263420375,0.09109400991372943,0.07280612886260611,2.1028470508242765,-1.0915356293312555,0
2.2218904163739635,0.9508238598817587,-2.0729282794863586,-1.7565211420737523,0.4972701421298533,-0.6930945697188076,0.3989371941674486,0.8645158657686794,-0.2198051398681904,1.8115755454381777,0
0.43360793607026715,2.5389822409252263,-2.7559265732463096,-0.0022343016940433724,1.1319845595536637,-1.2163641348153549,0.5381325493534344,0.07846389344841469,1.0805195079608299,3.3766789792561416,1
-1.048024199180597,5.143268082248762,-1.0319712516158612,1.8172883406161615,1.1594418852599166,-0.15235313589289734,-0.5266993329346015,-2.4281180569523992,4.120944610636743,3.948527858527861,1
-1.4958211568752027,2.934846893311061,-0.6108710480614915,1.5711527279818738,0.8493079447048506,0.5882332328207236,-1.5801555868914396,-0.4182135122050997,1.5785852171454646,2.1564822375367756,1
-1.19844540038001,-1.3317913122074043,-4.501055313552309,-4.070923897489206,2.900552597513302,0.40610448954028033,-0.013703386202794618,-1.3989614343168146,1.7428541928795656,-3.387871206640074,0
2.3396684007912243,0.8229724895997095,-3.5142330357842324,-3.6114528458739015,-2.9352564048083174,-0.43977023225966083,-1.8566363116534432,-0.3763044235140291,-2.979122634539179,-2.5623405064132223,0
0.8547780362183932,-3.103804429318351,-1.276774416726486,-1.9711362672956607,4.506894343999055,-1.1821562771631968,0.8535519082398223,1.6129713899394713,2.3230809380564708,1.2718494558309366,1
0.0563059720414798,-0.5531110075327452,-0.48395280882607383,0.43327366950977747,-2.5294468392362672,-1.0486370122810518,1.8248891519232369,-0.21853825400221535,-2.9832926275617355,-1.0085825882935298,0
-0.4567817522353844,1.7729563217368698,-1.2555619995961576,-0.9137996014514905,1.78085129766839,1.407274995308544,0.5194644406135062,0.0916713828377636,1.8315485425518463,0.5129849029729251,1
-1.6670341129954538,-0.3048033544017814,-1.4464289696076227,-0.37644319392322534,3.702653551595712,1.2668997241951172,0.8013943237833824,0.5816701162790064,1.3236104452958763,0.8672547101571666,1
1.2322734030058375,-1.1943009275177752,1.221339714274161,-1.1763248184035144,1.9560985124359467,1.1922353290742853,0.9537878470877154,-1.3647353139697909,0.9954877089090528,0.32415190446440567,1
0.6851119188910597,-0.0249528084469407,-0.34377985128981003,-0.12936937406380158,0.4038656985106185,-2.23478488118443,-0.3247149947247542,-2.2552918196422387,2.6056136226473425,0.9230877724385873,1
2.326783044613456,-0.9660889803892814,-0.48213089037356294,-2.1302496905362758,-2.449649406746406,-0.9204452037889488,0.43057948462652357,-0.2323618768563049,-1.7862981039711263,-2.113454106829815,0
-3.7186189929910665,-2.2313283049580943,-0.773620673833412,1.8941616973592936,3.4252197986641097,0.2996864125897687,1.6190162459976305,0.39334651602644144,-0.365911314108359,0.6957980904281391,0
3.0071086971252345,-4.383867257536947,-4.230548775784937,-4.958734528646451,4.798635877892087,-2.1021558239496,1.330950935822822,-0.3988777562084495,0.306398636864188,0.9708405673884729,1
2.567464097208653,-0.876842363730526,0.030255729026681166,-2.354957447755935,2.8843613909211063,0.7000732862157231,-0.30034054830926843,0.9366809444440224,1.5301377425919234,1.5822117491902024,1
-1.529167179309878,-0.6795109602878627,-0.5699248414144376,0.36085136311718397,0.23937974963739395,-0.07671156810454716,-1.0299447237206136,-0.6270471672539608,-0.23740724184711703,-1.0382688723108078,0
0.9647518536654184,-2.655158059531976,-2.574535492569399,-2.030459735839056,3.8553333111221786,-2.383364082181296,-0.8391465791708572,0.4042119146002209,2.016905665704785,1.577606547005232,1
1.035763681923098,-1.0655410153602838,-0.8906881776608914,-2.2404700443992924,-0.7216151016247623,-0.3121619249643097,-1.2347947512185196,1.7007747875409267,-0.19337161283194115,-2.416014037783502,0
-2.2354203095867664,1.0568668399431598,-0.679414203981817,-0.004242366608184556,0.8127172581396506,2.4052907332795663,-0.3364098692938567,0.46002750110360247,0.0008818250728592769,-1.4253402626489353,0
2.9546576115225487,-1.3639251733225581,-2.0655790812976242,-2.8590821783051563,-0.783361120385468,-1.3111689982274128,2.076796585329547,-0.7885857119279899,-2.2447405038653523,-0.4269407490593353,0
-1.4387787930644296,-0.025547394312372296,-1.756691750900196,-1.220104998368444,3.022528229645541,1.897753722647665,0.4591885228916088,0.3289852789045963,0.837099581012001,-0.3429024858103831,1
-0.30669126748127873,-2.0625684181329658,-2.2679326633254293,-0.6893156109907145,4.123922475131554,-1.1616970444025088,-0.9213655751373316,0.7024373171760636,0.7634818497227971,2.3062607373705823,1
1.9236197364398258,1.8934194895775698,-1.7072037257072137,-2.862164062276347,-0.821397960081507,-0.11902545132371212,-1.7665645075202492,0.7587138248319099,1.8796347424298507,-1.2265825744644503,0
-1.5436792782102127,1.2645969128961927,0.7020407205649866,2.7880838653345967,0.43240478855782916,0.14948633618182472,0.12124469529590592,-0.8931142316154002,-0.23486556589775698,2.5450867246850963,1
0.2992539368522583,1.7263188239266725,-1.0531648578161747,0.2640943023594349,-1.1469270316863103,-1.589133018684389,-0.5706011384883154,2.4637756983299304,1.0568631593841273,0.764505596443072,0
2.892203201667596,-0.6423985902363241,2.4598138165665966,-2.2286937071566304,3.8213124699549805,2.699102039569774,-0.07459358515516813,1.6460188393686188,2.922670816287285,1.6990097172094987,1
1.0858273972399823,1.1979490708010383,1.7914576396374393,2.129940362035109,-5.071828743200877,-2.5164372100184007,0.9892740452342162,0.7038261535397329,-1.3739694590637692,-0.019332186608082336,0
-0.7524045728699744,-0.8294032977573363,-3.988020085079681,-4.216953450845681,2.1974905016635127,2.022080527893535,-0.6635516443377074,-0.267067698147786,-0.18313489960040608,-3.574333160982893,0
0.47913316742991374,-1.3429618852221852,-2.396005785970096,-0.9627204953582618,2.483992481228361,-2.1674973598935248,-0.7778028998325223,1.6911732112803357,1.0873268077587275,1.8156203219375004,1
2.832925934326783,0.43705796900958316,-2.6160424500933663,-3.914170029340397,-1.2979194955159634,-0.743160535610204,0.3033923751977811,1.4165838233446926,-0.1333535226901983,-1.86478171699838,0
-2.1239522660837924,-0.26356521457348103,-0.49720272633088813,0.8296802063901487,-0.5403731975967074,0.3720151098311,0.4165918665041686,-1.0623345243377478,-1.0940582663927318,-1.5430793048954756,0
-1.6945786378761611,-1.1714078908512389,-0.5932555995503079,1.2270965633618447,-0.587141786351033,-1.910585843009096,-2.1027889121949874,-0.7850270002020256,-0.17178602879045135,-0.7749643531793318,1
2.061827481537419,-1.7263867532676507,-1.4049915072043893,-2.3031951668128725,3.6767456816141224,-2.1741593097394967,0.9399325711491803,0.7631642927279919,3.771932914423456,1.9479474085062918,1
-1.6933818692147642,2.14944772579771,2.084732402637043,4.903212684036558,-5.516747490887831,-3.596625549075761,0.048163691137194334,0.6150376277610444,-0.016129922441614708,0.3202610708384115,0
-0.8678914740203889,0.17077244605052755,-1.8224811841327804,-1.7047036465292718,2.969486389289857,1.7586412262926157,0.6253262632955047,-0.8711899537846677,1.321227389101702,-0.34266902930131504,1
-1.453996471918646,-1.8474066743631354,-2.723093851809682,-1.6101465395160635,2.819521058850774,-0.13455612357516888,-0.8514718787533673,0.8671911257613155,0.619885145056073,-1.132473562128025,0
2.275305619521572,1.879792006052741,-1.009112611145116,-1.9132701238053453,-0.48519302926664964,-0.15495133789058957,-0.9875043982163164,-0.5852733898711462,1.2109024358064073,0.5372844535996819,0
1.1487578699742689,0.9757368595705376,-0.3831589592557345,-1.1786303274047565,-2.1646636525522953,-0.6816466158412682,-0.7727388029500236,-0.5270169873833069,0.45548428113120887,-1.5831074701501582,0
0.6276483723892392,-0.711856158820932,0.7421492133559267,1.3576329874507804,-4.047668387668383,-2.6551166251010905,0.09042492796542237,-1.9438048468928464,-2.430014126107798,-0.853571934152416,0
-0.5931852729445561,-1.1380097713788588,0.40914993073653827,1.0473122000888548,-1.1000273802548426,-0.9464418392812014,0.8962785583732785,0.7306027791124243,-1.4632702976370822,-0.48771832405246196,0
-0.1532026533412667,-0.9859410493563334,1.3298659700496414,0.2906208478325728,2.1340634906751834,0.07607022138502484,-0.6811269601357584,-0.4946103468956681,2.3674362584931847,0.8197287161464372,1
1.062043876606284,0.8184943871207264,-1.4139283779101541,-0.5837934811080427,-2.5597346498378846,-0.7527611025939334,1.8442006889324398,0.15191578196714817,-2.639562310627229,-0.47228674475288623,1
-1.1829297897326065,1.2102002500104603,-0.9324721695219536,1.9025585708637696,-2.151726208085178,-3.033234206270475,-0.8732566768525382,0.3368746903727739,0.7882122475266694,0.3651773892804987,1
2.2682638742580696,1.9634740838940936,-2.9593168686853604,-2.617099162566146,-0.1980481890466932,-1.5926908510762232,-0.7605788732891259,0.5091626800766724,1.8851113555836698,0.6464627221214627,0
-2.8556808277506622,2.741203238617426,-2.978458297349961,3.7668592280212643,-5.448758436102775,-5.06827518398279,-0.9264938428760218,-0.9362603724384269,-1.7247413735399166,0.04905386426121905,1
0.6470947107096147,-2.283907063956958,-1.5225685661122044,-1.5763073239376757,1.6923889366085332,-1.1735741868129674,-0.3271153430915307,1.1084959171771165,-0.017086291055870895,-0.09596175715635202,1
0.6733402114574285,0.3828449332602295,-1.724604161460602,-1.0123713786826227,-1.556159793505456,0.8160291141722862,1.7339744484671626,-0.9527465959689307,-3.973644953101887,-0.6502011610413279,0
1.9959707421121777,4.100640566820129,-5.009192157701067,-5.855146331671078,2.534694588857763,1.7297304234126205,0.6566445245371783,-1.1590465425293566,4.751267440036585,-0.8075200554458366,1
0.4226957755952644,0.26734807722292553,-1.3905442127474499,-0.697848210386571,-1.395225466096197,-2.059001499312087,2.451625371836304,-0.1558344900070006,0.7419804920357282,-0.9049954096876307,0
0.4757608380402236,2.5892955371121382,0.8211417272011243,1.3691620341745825,-3.4297908861975017,-1.8386610240686316,2.012030027571847,-0.8809494099975556,1.3515933447981823,0.10991547339088137,0
1.7921531168196634,-0.7811036784671508,-3.5459232174289923,-2.1098604748618466,0.7166462185196614,-2.5776418489489727,-0.22394891762274788,0.5369495710876008,-0.5590815644786868,1.1845151771166385,1
-1.1192960108187804,-1.1655666326319167,-1.578943848918918,-1.4349292979548993,1.3199355357355456,-0.2067680333701042,0.808576405990583,-0.5991223927055405,1.4026756870819503,-2.059897976149067,0
-1.2112290537378576,0.3452420501264736,0.0688679438043156,1.7696373251488593,0.9391856269026236,0.1788077953307492,1.015646732999715,1.1113561841730932,-0.5985885558258159,1.938796017957768,1
-1.6524148085775485,0.015897058784026252,-0.8096328487788859,1.8889801390405043,2.0458491143948763,-0.37479275734323747,-1.3898757328043652,0.6966348405710594,-0.28615459397207355,2.7501009209543286,1
-0.3548744137899207,2.123044161596287,2.088835159445964,2.0102842321010774,-0.17205766937092581,-0.26867682200203136,0.6991852515350768,-0.5251833566044607,3.173924483642941,1.7212785388118028,1
-1.7554616614836345,0.44650928589458194,0.5073316907057495,3.1519411968042172,0.3198446801705757,-0.31765288670922076,-0.13435957724395306,0.16023282755627707,-1.3701549944444338,2.6639761496551078,1
-3.3000260587181343,-2.1074456945211355,0.37962764646168456,2.2939503366956493,1.2462138283843736,-0.854491757959543,1.205344969426681,0.7675139022007115,0.2767385576691628,-0.4965208825932613,0
-1.2604510565607239,-0.04167291774031867,-0.21262503342740713,1.435155427293455,-0.5740102406538797,-1.8803393902112235,1.6271194243903881,-0.5394260614593801,0.9416736251974331,0.12156725467550111,0
-1.3491145716220796,-1.5938452727967876,0.45819158209093813,1.7856742318073389,-0.7812456720909244,-1.960622051012998,0.43040342273168825,0.6050351408117695,-0.520532174127327,-0.30641301092340556,0
1.6607217027957413,2.0083483674571747,-3.1088168250274792,-3.594383111555392,-2.577390528642736,0.2128819356629541,1.256750497546583,0.553875900933227,-0.6949602456521202,-3.0879714514158474,0
-1.2380779142177998,0.5810868876562965,-1.0696547097985196,1.6012265342069156,0.2743566409540259,-2.062038809143867,-0.11838025553020513,0.652697520157137,1.0416659958907746,1.6349162157061519,1
-2.3671783057691247,-1.7766082836345543,-0.3101486572589831,1.5318141915657597,0.5837730645195595,-0.8712109171888144,-0.7982964083451088,0.4307741761975961,-0.7624222911230597,-0.4929505581347683,0
0.20736236128451369,-0.2513013807298323,-0.3323423113538705,0.9745281025403111,-3.9085503639389816,-2.7261601984338055,-1.0024266815709695,0.4037105734544909,-2.158045017683043,-1.1751090186168336,0
-1.2134423051296506,-0.9620295951377236,-0.16373125434747815,1.006546338735339,0.24230937217310644,-2.1768205294905947,0.6288091401082587,-0.5592824784492236,1.7537711110403924,-0.14601772115300748,0
-2.000250202908724,-1.0514469719956874,-1.2183380063204778,-1.2754980783280931,3.1094296389290683,0.32162335838765,-0.1440009111288678,-1.3080189744641566,3.7106852872685696,-1.7896962088655104,0
-1.191260443138735,1.1577156941871662,-0.925528923178648,0.1884328633043355,3.0017799622190457,0.9073566310847259,-0.20179710300160927,-0.4067306905214086,2.3577701659283297,1.801989683017212,1
0.9017193645932547,0.25422793799326715,0.9754176040807698,0.057436168981938596,-3.461650693287053,-1.0810408775608358,1.1405163348462193,-1.1666921959392664,-0.712793619876291,-1.8911536531424327,0
-1.3309646291852189,1.0393093625336736,-2.324097766193931,-1.6172184928205282,-0.470701439145778,1.4625233513628317,-1.1164395315002533,0.4517039533959419,-0.5937208409778529,-2.84560965226306,0
-0.40638361755849917,0.09895844379354735,2.0447095369761996,1.4284045177718525,-3.285909680345875,-0.9841966667852098,-1.485739465722507,-0.6823845854715656,-0.027509468026696293,-1.9561301327284841,0
0.16932039207470595,-0.7424498144010427,-1.231275432498525,-0.33693433057137473,1.5509779274596789,-1.319016590382569,-2.5271656040165933,-1.480457111519996,0.8625653442756395,1.2461673755997424,1
-0.051738874553155956,-0.2888290001080249,-3.758315606915757,-0.24144248325823314,-0.0438170464056169,-3.5369351453038593,-1.1032587225641184,2.366972660059023,-0.5917489321832885,1.306637095118665,1
-1.8016859278333137,1.1609751353092292,-2.3815598055861016,-0.7498256149074447,4.211594679105682,1.2483575966777827,1.1446494442190644,0.4052905451344006,2.9810866783342664,1.3177161474417871,1
4.279703168326311,-1.6555746705888068,-1.6501691050554,-4.332991917879704,3.002607770105333,-1.4927997411400642,-0.4516476363559422,1.9443303158147736,2.754967129133856,1.3734570095724323,1
2.1760911246947026,-0.104119347060037,-2.718297202963473,-3.693077763503555,0.09922917849805701,-1.0303070768560063,-1.117757948316312,0.5477697760195868,1.1069930634366036,-1.4363602773383861,0
-2.7237619076503488,-1.2123873011796182,-0.7032498834197423,2.401114364984454,2.698297711042926,-0.04636896125307288,1.0381744766942347,2.6429104826243037,-1.2083053673794946,2.3723547552258997,1
-1.5634302525654356,-1.9468406183215188,-2.0056517125092888,-0.6909013336768444,1.3483614484949182,0.6789736689042312,-0.2750134722550482,-0.8107383280214768,-2.427448193887188,-1.2468893851986451,0
-0.6752942347469395,0.7651322966201584,-2.2177287651325743,-2.2595140294326317,1.9698178038719607,2.159662388365115,0.06344672866533706,1.778077876751641,0.6876292172604387,-1.2885406115308546,1
1.702446758166887,2.998791519975972,-0.5612307418073832,-2.1068325718158807,-2.345104663441062,-0.18051998597520857,0.36842980843476897,-0.18358228949315925,2.7996775255606923,-1.8943393491617262,0
-0.6932709361305909,-0.23012395466066726,-1.2060770346165102,-1.129408308183259,1.7606504465074955,1.6215139210730767,-0.029146351490570425,1.370850755499421,-0.30149282675682043,-0.5465262531852471,1
-0.5748111192831113,0.30509751459911705,1.476504186527258,2.613127296035149,-3.7757650245776073,-2.187104093814675,-0.5461833634418188,2.1519825670043002,-1.2099385235253135,-0.4221854202327323,0
1.7128392860834014,1.354720783748523,1.2046045622225208,-0.4007077153731349,0.13539365113618995,1.1101759911860767,0.007641085936465705,-0.0709282188728815,0.7191518440637962,1.3538422493720477,1
2.791875979613813,-1.2951360988165028,-1.785043843507104,-2.9213830959419216,1.9159353533071068,-1.7055315612691757,1.167030175472735,-2.0604938200711684,1.6277221960886883,1.0137698151951404,1
0.5395004980574568,0.5263845540233775,-1.1903370216814988,-2.3846555831032386,-0.7125151921494549,-0.11798781482510468,-0.032838350655947084,1.4493091228686754,1.9188608775323923,-2.761902249571392,0
0.2318368301686069,1.5977978833965345,-1.1398393527659132,-0.7259683092326705,0.04511182970283156,-0.8531330613985052,0.14245175905206084,0.5081906548516807,2.5517306532359574,0.09062612110095403,0
1.1952424690331829,0.018771301213285296,-1.9157872371507805,-1.2966577287078613,-1.0012586051642494,-2.0112774059117715,-0.26840762407496166,-0.9276351508875105,-0.02083814966266484,-0.2956109781726477,0
-1.7618327383309849,-0.9274590378067966,-0.7859637781378424,-0.24508736035140016,1.3059352680783536,-1.0833153379572629,-0.14787314777976282,0.696290548455716,2.9785529996241062,-1.5533237072730475,0
-3.0904147272598608,-3.4319329947589843,-0.9142280289182296,0.9802773048188295,2.460377351675044,-1.4453345663955406,-1.2244102177100717,1.6927446168010818,0.5901633273585689,-0.9710857111005708,0
2.7108653959051185,-3.174747845641253,-2.355833641273238,-3.8308857888788195,5.000021977954367,-1.5912966612504311,-0.8183843092411778,0.19522813294033114,2.622720268735931,1.6852335605413011,1
0.825164475659176,-1.7069720012427878,-0.4981307064397529,-0.06497005181424209,-2.8026457738596164,-2.317432758854881,-0.5354062587449706,-1.8418395745742793,-2.803202505805638,-1.356026281763766,0
0.7339309242198073,3.3552292443124663,-3.390668196232379,-1.731685919127064,0.6739230454250722,0.01649231800117512,0.2728167322778412,-0.16821677210325808,1.5284226748202316,1.395133545681076,1
0.9557094793422038,3.7270363082729316,-1.1181805128485467,0.3600822091669381,-0.5839560637149321,-0.5473880123343418,-0.7814908672351211,0.1847586468536697,1.4088298354914541,2.717795096769514,1
-0.07319202402922187,1.4388824060065537,-1.9926880894727756,0.0512102085092474,-0.845011077910149,-2.5728881130561865,0.698001587510532,0.38082469583790973,1.7850281431932111,0.5597330906843552,0
-0.12564600027397277,0.2856190871957014,0.1050557717191487,0.6672939774502701,0.43356518465508265,-1.3787332115296766,-0.7072114456978758,0.903802445950609,1.9955124890226437,1.038469288965041,1
-0.057186876311245194,-1.2681196051250723,0.05285454430660974,1.4885339076464406,-2.628181906238542,-3.348369581029218,-1.5186330490030757,0.17010647865734285,-1.324316106280587,-0.285894881187035,0
-1.4478527734238509,0.05154539348227216,-2.602100964253908,-0.475893201176498,5.059159000054187,0.22127126368266326,0.9394694872838987,0.9047639017290136,2.620651874961344,2.6128999389035243,1
-3.1424744666077347,0.8005713204190186,-0.2618929120517841,2.648472419943208,2.811367196161195,0.6756450930904839,1.0673547099161793,-0.592063672282482,1.1253166972651207,2.517410239109149,0
2.849364807864735,-2.200448185453575,-1.235912460659684,-3.359441559298653,2.5684194395933906,-1.1964574436770963,-0.7850342767125214,-0.2946766797946561,1.892061935265915,0.42193728448613876,1
0.641425648051212,1.8902044531537223,0.905236301948092,0.6620785617742552,-1.5966885364409138,0.28676729229482567,1.8734151236121512,-0.9645063932627689,0.03125913785679513,0.5832592609108482,1
0.4672555079896821,-0.4361980109395197,-0.1548710832799991,-0.6070359106318318,-2.5753483540757194,-0.31845321524665504,-0.38372954528492986,-2.4606186222227313,-2.088349523007204,-2.2356343130383047,0
1.3624433803343825,1.3262218131138628,-2.6531659368631937,-2.848702344710002,-1.3315857584688282,-1.8333474877236564,1.3335668221983452,0.3215446393179984,2.467202904614216,-2.037622849336544,0
0.01484584327575389,0.4629572260836665,0.7750177034093948,-0.14703047650131523,-2.9223808450681275,-0.6967515083739482,0.3039701778943337,1.0571845385510912,0.5717621068508327,-2.7647235839733773,0
0.5801477083582665,0.6865304347313641,1.7689207999655725,0.44802017062627864,0.24271991247335023,0.548619184019304,-0.31515935719764865,0.8394432171563457,1.6105298900704739,0.7718399937903321,1
1.9529667692622623,0.18697324806022553,-1.5604212018583568,-2.9038960460458556,-0.7996138601832089,-0.34872979505180113,-1.2344221720663362,0.678377199644627,0.36386975289455736,-1.6884646305468844,0
-0.2565283038530328,-0.04426123667456805,-1.8637626993494583,0.22790688648853785,1.4404863419397587,-1.2259460400641906,-0.7864838042565948,0.3578254156223773,-0.0235170286344355,2.0278985957709064,1
1.0651833889002484,0.16850024416208909,-0.04084856148770344,0.7279254755837529,-2.0982041406535994,-1.7309889035158137,1.3073091189715773,1.056024745140268,-1.6770973388595434,0.8698894432401769,0
-1.171652320699037,0.8495169852621534,-0.8698969236869555,-0.5304261131308313,2.1560489022017526,1.7472204473975033,-0.7934730690986012,-0.7254753169189009,1.2831760544546427,0.0887773172260986,1
4.308189072445517,0.6239906977616703,-2.0853962816429057,-5.653206406059493,-0.7443405318608736,0.8980712069014167,0.07715802563167032,0.5188345452809907,0.26517089113769576,-2.3878031339461314,0
1.5625409805876123,-2.0112272945198413,-0.5667844464168299,-1.9934794004637464,4.418797394860753,-0.45190542549178403,0.540136321844865,-0.7102213308649403,2.8380653114795633,1.9615555579976212,1
-1.7542136288326136,2.0234810512224675,0.7107257544026153,2.9230165708198257,-3.9193207665290006,-2.827988740497836,0.9091293525995522,1.1663397115612522,1.4713732221568903,-0.8376448790156487,0
0.6903825696588264,1.1305483207255813,0.7898524448940316,1.4899071928610257,-5.844553810553956,-0.9018929074860089,-0.35854949963841176,-1.0080220616666766,-4.63226560340477,-1.3295722571430595,0
-0.5998453120588154,-1.6134680663431304,-2.21383624368037,-0.17571699485884507,2.3839495920682943,-2.259994401158772,0.8877565837935135,-0.22456196767248382,0.9971409234826638,1.4144784544449924,1
-1.9946662599043714,-1.32003197571978,-1.839323841238826,1.318376472276927,2.6022628183312664,-2.41607846399979,-0.9700205758003195,-1.2577036658592413,1.4294998474571954,1.9351136145182701,1
0.8337876557349782,4.3480007361274104,-1.0112611406618428,-2.1268240818389876,-1.7072887002252313,2.5326672675460182,1.8772205497665126,-2.012348509320861,1.2661620760346257,-1.7511700695076708,1
-0.2966682698871874,0.5465645519970099,-0.6250557959668979,0.8746058510739709,-2.062457046558348,-2.1683389212965194,-0.17534641494419065,-1.3804320822431462,-0.037498241861152914,-0.2580701857211224,0
0.7845286180037021,2.4643681292865405,-1.8475344656680228,-2.1551607784655724,0.8952317867084676,1.2938863770968803,0.5516477064252365,-1.1104791217562398,1.8479770426443984,0.0038789471119865526,1
-1.522991217903652,-1.8860007855607752,0.41944619508342207,2.9226492285018217,-1.7481309975343027,-3.5232079603226443,2.427067395554913,2.0716358546121194,-1.2487027158894048,0.34853175554826055,0
1.3713932316327062,0.2129243805532578,-0.5033345587455664,-2.1327009980935294,-1.59333734689799,-0.026981668123655322,0.028680695698867664,0.4212222394352376,0.24044687474783577,-2.3880491519642337,0
0.9350405073978536,-0.4269073609502173,-0.5758786059739691,0.24384937017246905,-3.149819632296586,-2.2614645714091424,0.6797067966320869,1.0237608101373041,-2.3923502500052756,-0.6743918988068632,0
-0.5802951838761858,-1.7736098801527889,2.161219309062275,3.304024336334294,-2.066201736202263,-3.3082358948434214,-1.0541497563637097,-0.7414712032425614,-0.722233516961694,0.9450026809147629,0
-1.5569917256988208,2.539043621632252,-2.125879129122999,0.5830397963898231,3.153532543412925,0.09851335039600062,-0.4521345890949861,-0.31521018040569243,3.270654576766673,2.955394076937563,1
1.6239753539776225,1.0392153838405245,-1.038348395327676,-2.2263921608036243,-1.5865045750805111,-0.6290335922953034,-0.18840581615074903,-0.2654463782255031,1.2101932490971004,-1.7898762619218493,0
-0.9044261473589725,-2.041264432229755,-2.0088138004241527,-1.2752068226639817,2.3235784494050176,-0.30147041329485125,0.9896045427573453,-0.7159467393843773,0.07556189742554476,-0.7365225297643334,0
-0.3199831094923775,-2.7936611947590757,-0.7854657185242582,0.04374802212480178,0.282145950471573,-1.9828186245171624,-2.0302751513473365,0.3758203257384417,-1.2103277150799119,-0.44633126552977065,0
-1.549177045715258,-1.4153221456121217,1.0930074830395364,2.966823700115745,-1.0631458090433301,-2.287245892700826,-0.49100397512432625,1.0256262778082705,-0.8933258850505869,0.7077821222948304,0
-3.600719839904559,0.36358603585459925,0.8852229125222901,2.6612077492052935,-0.033533549227834525,1.1971185642006241,-0.7575886740283793,-2.321403263050222,-0.35618995839721124,-0.8147459551492221,0
0.20141024570130184,1.3526591746280288,-0.9223505720618314,-0.7699853331902361,-1.7476786587302455,-1.3286368250540248,0.48603160228708603,-0.5500932918560765,1.8477753351831345,-1.540511438790113,0
0.16908340468175975,-1.731783993859287,-1.055532076011731,-0.7163839907517899,4.065286513439794,-0.6835198410503933,-1.2145270310881418,-1.3292310545303723,1.83960753755915,2.23321769136346,1
0.4103676708669164,0.8450899932594158,0.9753508483489899,0.54575031041428,-0.0781705004280212,-0.3608360821319715,1.013286498231345,-0.400428060508607,1.6639022078884862,0.8768471891381046,1
-3.2547294492909975,-1.063460151621423,-3.4790652763625407,-2.123577581362218,5.479638118665389,2.91710908052597,-0.8468188477573376,0.583211774787939,1.1852454603817155,-1.4011261876424146,0
2.0912469716650652,-1.676046831199053,-2.4139644462384746,-2.4601838413826282,2.693896434960888,-3.017489848841371,0.6654187002964168,0.46543309008077954,2.8596275663024775,1.5470882803777237,1
0.25489873668974816,0.9688851360957424,1.2453761578172111,1.9394575181859706,-3.8325552813720973,-1.430748614610769,0.7799303446115337,-0.5034990708579596,-1.762282489261831,-0.09723599666087901,0
-2.8670547188684266,-2.015040611358371,-2.3713101157408296,-0.06776847900637373,1.9901492727955827,-0.5203433032172743,1.2379535314890553,0.13372972372353936,-0.21532222142268076,-1.4178471587138164,0
-0.9635543424912681,1.870010249830655,-2.02299474615046,-0.4989797403009393,2.2488050680682647,0.8914893946174655,0.09112102933352002,-1.2581467281819911,1.7861628596180972,1.2655042995838257,1
3.455544880470898,-3.5722296412803685,-0.35419152766564554,-4.45506967154916,5.0160777152635765,0.48567713990955474,-0.7899488568997947,0.18315203870928057,2.4127576086847964,0.640441260444455,1
-0.47131961885277196,1.4624189507462149,0.014303213702520745,0.2042365418742372,-1.785418251930389,-1.1154303966021568,-1.3458804147600452,-1.6141682645056854,2.220305093346462,-1.4180683047350124,0
1.4022851178393974,-3.887810094777154,-2.3374828938167367,-3.176756370653872,3.457000105910473,-0.4834922304308781,0.6109833490487265,1.6740882465549136,-0.9127097749597872,-0.11741585249731212,1
-1.2340767734235167,-2.03032669034429,-0.08414835493929651,1.5501054126773588,-0.24159472448736902,-2.844918094125914,2.2662282864197185,1.0918135336544557,0.16800987485181396,-0.000898530416616028,0
0.8280498637228113,-2.3358907469694383,-1.8735877949714228,-1.7926039769408124,1.733178081057957,-1.0305060200177205,-0.2687134460706104,-3.532818187678899,-0.6721775418538509,0.04174563909614215,1
-1.0234826078184671,0.24894730994199432,0.9585456492900177,1.3743880204694934,-0.36594014091943516,1.2020438422628312,0.059484939997162915,-1.5904145367608216,-1.5249236370053247,0.18580744122100212,1
-2.3771462179292784,-1.6554041597338873,-0.4313788411628461,1.6701726103913561,1.0008693492303815,-1.1558418100164607,1.070350951071872,0.8548319474886943,-0.23356124027525305,0.07636183657031737,0
4.099502708763929,-5.018883860229006,-3.55000141592003,-6.225109549241678,5.654983099585198,-0.9847590759896334,2.7509485335216635,0.5669309652814761,0.5988146751828083,0.6041474670937433,1
-1.8727122531639373,0.09042544810173503,0.6479818651779863,0.8473764083364252,3.608770057047276,1.6035130123705184,-0.7427185622469634,-1.2326625434337566,2.68538383208345,1.3255478727437469,1
3.2908483231531873,0.9890672811409997,1.8734834978802941,-2.0282503614911382,-0.524720886896417,2.410217501387806,-2.0255393311311796,-0.6999829059921012,-0.2420748785739466,0.034324895112770926,1
-0.5552878010464866,1.3764346796256492,-1.018512672580797,0.12007906738676855,1.4403165915456215,0.5754984738774164,0.8880442016384417,-1.2241092929767752,0.9463627284265052,1.4514944393646299,1
-2.5372522364133583,-2.179250570694687,-1.9973026862813752,-0.33258200167858387,2.179904012117677,-0.26063996479740326,-0.8187423258615049,0.061424893876613075,0.02931005565795597,-1.497070874855049,0
-0.037640742677475636,-1.0218891444935647,-1.1083772807838088,-0.09016776373726199,-1.1848937534792525,-0.10681437264990956,-0.046862811862824864,-0.2906110847249148,-3.791730995401818,-0.5990072967325861,0
-1.859043716791806,0.18712955983535595,-0.8142603175493487,1.011862627562246,-0.6476289076552708,0.4877479907593849,1.793671432639444,-0.6767910418308728,-1.9679929745252465,-0.702191890619976,0
0.8167415104994655,1.3571889537729769,-2.3201274535509633,-3.049757102803148,0.4412065639736418,1.8047809375951256,-0.324738354720943,-0.2138458479413305,0.05364941366740683,-1.5669931262259058,1
-1.1221172375637805,0.92662923138112,-2.807346643214372,-0.7052619568691108,-0.7995410393812044,-0.7201738185025792,0.4353942484799116,2.323069327220917,-0.35823531782138085,-1.3593407431833864,0
-0.255104557315752,-0.3705572705935197,1.9196937665758367,3.5143070852250764,-4.124907922247772,-1.7253644430181856,0.6224273795277628,-0.9968741191528923,-4.389330676481436,0.8076039511916824,0
-0.56415070153283,2.4543968780521173,-0.6437460160809799,-0.1927596201539702,0.7130359267564226,1.3451746772266227,1.6394205485064035,0.9074579023876276,1.6696640169176105,0.5005697095014049,1
1.489011278959421,-0.0034829359198222942,0.6540659316441848,-0.91765450837955,1.6142070994549396,0.5929599907082517,1.5833899534269977,1.9743263875527035,1.4186673524117943,1.3209220600022853,1
-1.3945476191273554,-0.31888516036966397,-0.8566273572696066,0.5412729714580261,-0.44243349944596866,-0.07388337567475334,-0.3032657105770086,-0.7767362082471486,-1.3510406069354692,-0.8307885282482135,0
1.2099962949524534,-2.0875383348006533,-1.624158913910963,-1.9661429121727574,3.3677620616982047,-0.8200440508653221,-0.7529218691023348,-0.2609893343880085,1.027996690129126,1.3645662064903,1
-2.0598012524362774,-0.1245126242253678,-0.48885912781050744,1.7037652044164757,2.331413050550012,0.3831459525839719,2.709276648471036,-0.2126728566895177,-0.01982131409442145,2.005346481437652,1
2.8320686431340656,-0.8192906187042286,-1.6478918000263643,-3.4386225477585857,-0.5861449705522321,0.013778460512407387,-0.6806964191617907,0.5548187148389204,-1.5396626922065506,-1.3460440868259307,0
-0.1672628485671751,3.9479129445399423,-2.732132579433159,-2.8811503231385505,2.9035465705384054,2.196167900078133,-0.16365711056987284,-0.15501342892457007,5.167765333039994,0.0029909683717330715,1
0.21263525130874839,1.1045136979694745,-1.609952683389707,-2.5456581774064877,-1.5883475973375398,0.5817790949149602,0.9529452607116164,-0.9046513091101898,0.8005741567494999,-3.6262047522771224,0
-0.10550442834635065,0.19288718768406987,1.8546426009555668,0.20786261690184404,-3.7580208476319004,-0.43202261944051734,-0.42008600493421644,1.2056366088694095,0.3456179824263793,-3.6310225776078973,0
-2.149581834557255,-1.0123020090874597,-1.2653885678790837,0.055725546320752994,0.9550522072169222,-1.4873056674235765,-0.5703405124339853,0.21394864949088535,2.3301720112180164,-1.6110848231123676,0
-0.22539273979360086,1.1555528676789688,-0.4238552114808326,1.0440270394937428,-2.133175250093752,-1.7279015428750732,-0.890196075956866,-1.9396468151979664,-0.0708873055839574,0.09853794902939828,1
1.382535449028372,1.8467770066180704,0.5965901528630373,0.01741755318936572,-5.945953167286921,-0.32165022738541005,0.9421013164195751,-0.032441228879330264,-3.2114558994216607,-2.499859905140429,0
0.9166807410321227,0.06373790104890986,-1.3851944539626686,0.13561466669311273,-4.150461269669536,-1.6202355869598497,2.092856924085462,-2.0788050130416513,-4.753701545346628,-0.9398556411931611,0
0.47593691754235357,0.363843111499939,0.31186383092315006,-1.03148794520865,1.2761267477815643,1.5525529935081466,0.20324187387844198,1.2274610922795373,0.9949981389663279,-0.026013304830469597,1
0.4789316587180372,1.1979423648609617,-2.172041552557128,-1.6959894928480703,-2.6145292273611886,0.8661101050618867,0.402345148424548,1.363834880203104,-3.215012927986895,-2.3043330499338244,0
-3.4405798502883203,-2.913051643651424,1.652219840194082,6.450546105537721,1.5447437758564746,-1.9299547476982704,0.0075386304576006745,0.7836819490363669,-4.083773979924498,5.026334546705164,1
-2.905391605196255,2.8583280741081394,-1.9523516727754264,3.9672323691702136,-3.6146202052108283,-3.5100439889009887,-0.4434141473921472,-0.26432095585034054,-0.9688494378240624,1.207793199734143,1
2.1187482722081796,0.5567369110191641,-2.2493890468987905,-2.472229086167629,0.6034733540264537,-0.24338874777985398,2.08407127365249,-0.29744475464423265,-0.1874863021176889,0.7086693616073019,0
1.5692618816305628,1.1805616536473003,0.062023170375624215,-1.350904945762614,-2.377070008207457,-0.1388805416414869,-0.8135425727055355,-0.3347014679763642,0.21173259865749383,-1.6278347684871264,0
1.9602966854967843,2.0046078702814425,-1.9970323814737134,-3.108032360192966,-0.038945608883453664,-0.10870162685455842,-0.6653977643180745,-0.3754726122024387,2.6283094604458963,-0.805793555592687,0
0.7979801447099439,-0.5149513718643226,0.7941652089883284,-0.4188354301140996,-0.5471041476646588,-1.5015602294432822,0.1574108075529652,-0.6554025229908949,2.2482343746588027,-0.7628357778413206,1
0.6180374737921882,1.9526334448194316,-0.49505283820416746,0.4751208543537929,-3.777805848104177,-0.9951452305240264,-0.1776598191298878,0.5554887750628047,-1.7776793102625659,-0.6102030352891998,1
-0.6773540365207233,0.10175343761227484,1.7375831956851098,1.3305716129378191,1.836698508814117,0.08430850474385365,0.7314830211985989,-1.8090310326826808,2.9020302949180827,1.534807682591956,1
-1.7151569691963373,1.0301092377702314,-1.9881169683185287,0.4379023931882986,1.7507059041567348,0.6371799087241736,-1.3404191816041566,0.25404528295477813,-0.04647228798694836,1.1922279965976905,1
-2.605781822476498,-1.2612255752572028,-2.7367205393624703,1.5352889846854705,0.2582839174061904,-2.0944033898771512,0.14837527728709607,1.7598880157667738,-2.1889142575617804,0.37839351456214987,1
1.1480543127465244,-2.6055870403572863,-3.1937193855910913,-2.0031143792959742,-0.22669240482473607,-3.5410956807024507,-0.33571395638839285,0.8472052523664336,-1.0592797231621387,-0.8359744125261335,0
0.08998016790082952,-1.9270185345785253,-2.9503517195023847,-0.9819208107032199,1.749780194414844,-2.5086634977164737,1.5626849505709355,1.0000000260772435,-0.1762977093431033,0.9303432719418097,1
-0.044962447651140214,0.8494229547426927,-1.2191151839900256,-3.8709259627519232,2.8857988171488045,3.715241231543428,-0.6372256980459021,-0.9741573417780406,2.9822979033997905,-2.7483278668522573,1
0.2406797434541923,-3.3532562130621932,0.7291928459216763,0.44439766323605673,-0.18467461582198308,-2.566344260697726,-1.272082354303842,-1.2911805341713132,-0.37574162088643503,-0.5063229826099029,0
1.1007773444736595,0.7844983966735204,-1.1717576891016437,-1.4417741167518836,-2.496631046399946,-1.6378612594849609,2.587830497760499,1.1010743868931026,0.6373909393465894,-1.9726182355795212,0
-1.8508627470541643,-0.8512873965347478,-0.907525145188095,0.5475452819610086,2.5192278791022202,0.980210361815396,-1.7963163648254954,-0.9897750078695615,-0.5475295479903657,0.7671694211268296,1
-1.662264912284979,1.744244413426039,0.7678943922101586,2.5454245979307553,0.7699687323680487,0.532261680187581,0.47711472781753167,0.20486430808568756,0.7770905338806883,2.352658597258869,1
0.8093464748905667,0.17660243107694917,-0.049825938751321575,-0.1174526392631845,2.3394432561175407,-1.6159545967560351,0.1302729690747601,-0.9003469671117644,3.9388234700708042,2.4310871841464543,1
0.18155644357495992,-0.19275251170150098,-0.7243626954842536,-2.2499634857118864,3.4315000248946417,1.9809214070077656,-1.4527209025324075,-2.168859845702551,2.419161650233638,-0.21123325683914906,1
-0.6227391695035585,-0.6340753645906325,-1.9605675632391817,-1.6131005509410559,0.4745771546027645,0.7259858542056583,-1.1342527031560594,-0.20878675673793776,-1.0251085332431373,-1.8725382591668835,0
-2.822464529365006,3.587786710652164,2.121630224907417,4.329772620318515,-4.253458501532977,-2.113513528427358,0.054975871562285256,0.5757899772517827,3.1338748946333466,-0.699119789175587,0
-1.6326271719870418,-0.9158682245913791,-1.379868956133738,1.227007669158053,-0.7304505330483945,-1.8385881259771575,0.14388176262112315,0.09143990321022591,-1.4468769049340975,-0.27233568221355187,0
-0.6213579574417021,-0.27189706428863847,0.9224845791310079,0.5491261220311795,-2.78864161868704,-1.3881938646702512,0.8056914739222492,0.14583626624197032,0.5873110973100844,-2.706303592392098,0
-1.7482888721786876,-0.32637607795485957,0.9937619597639338,1.9911986368172185,2.337379278134808,-1.0321696416872281,-0.28141307792445,-0.5670333405086315,3.431855967903709,1.7841651390322313,1
4.274815441388652,-3.083200238105583,-1.8103527284441407,-5.1865880935052875,5.165083338349928,-0.1700641530529604,-0.2250049031233616,-1.2864910863120784,2.1154477344336042,1.5461903412364308,1
2.5101741995818467,-3.823914440308042,-1.5348957490556963,-3.86399798348447,7.20236497811571,-0.12524132422659162,-0.8236997751999194,-1.147155377478833,3.147359614730129,2.508374652093665,1
2.886428179589381,3.2219942182217682,-3.2272361575224346,-4.746096404901812,0.9355903645793656,0.8096153924783318,1.3016256381303892,-2.3647281730951435,3.4414817879225508,-0.4054978078358231,0
1.6399493612722487,-1.600457820627346,0.9818626092309644,-1.8966112616996529,-1.8201673412370922,0.7342110221213152,1.1132600646021393,1.113695678385025,-1.7702322715812402,-2.990998394158625,0
1.5506007135274218,-0.44528250391690427,-0.20241708866998054,-1.2405204626085238,1.5173141351179356,-0.6280177506077114,-0.5100311553390688,0.6658243740903074,1.762487176974465,1.1099096543473417,1
-1.5595166209877174,-3.3924153546214155,-2.2560319275155205,-0.48643939242267165,2.3729936987574582,-0.8824087336974823,-1.262571724112285,-0.533974670609128,-1.7267221405321442,-0.49273483257406736,0
1.9579773575214774,0.3416633365926498,1.4495523883429127,-0.8613518265935068,1.6973792892910853,-0.10016292006657235,0.5886118460328457,0.0033137815325484914,3.6223499926189424,1.592631127265744,1
-1.4574291516762603,3.8298773665708845,-0.6992659040477021,1.544289918087745,-1.9829659725631101,-2.384816190243592,1.7600825975384784,1.1630233029570363,4.63353444063338,0.021288071310534784,0
-1.539037350611498,-0.9040509861542771,1.3504666408030848,2.6559583671025564,-1.5444914859821026,-2.622407488976777,-0.016435358831141413,0.2889248614419439,0.8143388661822979,-0.2033194771273532,0
-1.504056752489722,-1.3899654550091896,0.18512869941043486,1.5857299850622297,2.2031341322717677,0.33947754672483044,0.12657930672293052,-1.578028582721122,-1.042984542449095,1.789197189009929,1
0.41374809996395334,1.3009164489103244,-0.12632754149453473,0.1840431203612996,-1.073530034201493,-0.5810258640014294,0.1287713183531109,0.7344816559779378,0.5452964443966779,0.31654175494339043,0
-0.53252549214923,1.7815306857635735,-0.8105217532647565,0.37975657777604865,2.1057274408404645,0.3138348763796859,-1.7433552713511733,-0.5147625279182043,2.300316831324091,2.295374303688251,1
-1.3696684135054569,1.0337588955737889,0.5748093017630831,1.1987157957992074,2.5267348342549005,1.061431725463708,0.22539258201127074,-1.9549184895631233,2.3833998016739057,1.9158601774633255,1
0.23119208107163292,0.4991166467911974,-0.9542134173728111,0.11724695492390613,0.5024420575191797,-0.1617903788950108,-0.9354007444451926,0.4030248821827379,-0.7231431026156621,1.4923982039668822,1
-0.7489446686289639,3.5077972649221243,-0.4400343464229066,0.02697190659273574,1.9060419621909976,1.3831568258099003,0.6734214070919132,-0.5698292575910502,4.175766545716029,1.5581411160513396,1
-0.9310250020474045,2.1589154047619292,1.5412914215431464,2.5542021144585774,-3.9262430054084234,-2.1380701126900155,0.43397208034635437,0.27566807603618804,1.5860310596083076,-0.74958885429253,0
-0.07990245667367468,0.796564778072762,0.0771637341033955,1.3099721178484771,-3.424307123419954,-3.004178437776414,-1.2998849149720821,-0.3496791047863926,0.44951404810045004,-0.737562508305037,0
1.6219750254310719,0.06339662837069104,-0.7060267166842134,-0.9904394893352189,2.6508816840555887,-1.917010896300285,-0.10903267539952402,0.451046542162149,4.044773292562356,2.6681739024764966,1
0.20256881852944586,0.807530474103149,0.838029718577042,2.528718198877459,-5.405337157784999,-2.9945118864644593,1.3601120105068125,0.20262159585594974,-2.6239447510024547,-0.3370316057040089,0
0.5004867902057739,-0.8781779647306995,-0.2525617100568718,-0.48212916485635576,3.145487366135753,-0.8438179705577787,-1.954922641123551,0.09017849669256522,2.8332499902529764,2.0390682946903125,1
0.5425450482466503,2.997271740222873,-3.25520887354532,-3.178197069769915,2.148528258310522,1.513705000058848,-0.9376767167248709,-1.2684591209227711,3.1498234765931654,-0.04426148590323553,1
-1.0368757754496825,1.559693604690116,-2.6221855679286685,-0.13977107871561056,1.8464434527149185,0.18469057758925822,0.6095559689958032,-0.07325411375234141,0.5849993260421671,1.6610213813624592,1
0.17359696219050025,-1.100888305217543,1.597290732513006,0.10929036165169947,3.1187800805900956,-0.8194442928078904,0.3262267357202956,-0.3708395252458204,4.843501611377979,1.385316483095477,1
-1.1371272402697237,2.013627400313733,-0.6350756383207663,1.0916906480100885,2.044437748207115,0.2853599944546783,0.8816564605124606,0.5621406229707828,2.3268306704130817,2.5268855767687635,1
3.6786131738665144,0.8024324284263546,-4.225307622114846,-5.483807487075194,1.934597919407714,-0.1003537871870841,-1.2900007982368336,-1.390805667775204,1.3903821608188462,0.19298179926417536,0
-2.550042324957035,-0.9643814408524658,-0.43337045097367577,0.17770319730580814,2.071493546575935,0.6106759993553568,-1.3509910353888523,0.0649055155927859,1.781324256984338,-1.3835848803130708,0
-0.5516034318680917,0.026189105693710357,-0.7021171285382184,-2.7787757366735857,2.279342071479617,3.497067803474319,0.22121252991724555,0.09444332549865539,1.2247408762190934,-2.619194096325181,1
-0.9522024998509877,-1.6004508798827008,-2.167523468930763,-1.374580023875776,0.6697938806574703,-0.4584581912399792,-1.0776189645241603,0.8544067801457649,-0.6172278197336578,-1.9821640210653309,0
0.4182674900680038,-1.2852583971605196,-0.1389538513445293,-0.5380609055673957,2.0337003704741954,-1.2135620459774337,-0.2499435912615692,-0.6855366298256818,2.2828191469639822,0.854761635760898,1
-0.901947207107848,1.3939115142115492,-0.5451417257451765,0.8392251871812901,1.9520054984490383,0.3810995995941018,0.8116833947552199,0.3431106634313661,1.6236878536453818,2.2022009140646714,1
1.2630396600569005,-1.2423621925112374,-2.4673180742139884,-1.7323980568507245,1.1396180761652344,-1.9049797425592447,-0.03237278638454491,-0.5725605925532729,-0.07594337858047351,0.7415309510943777,1
-1.7822065975119679,1.7877227235434616,2.5735083911004795,4.454629505239988,-4.052536850774193,-1.8011096852158743,0.18310139188287933,0.2936811899596176,-0.22130607584555495,0.3944765115447366,0
-1.0272675833664815,-2.4296933503975895,-1.7488744680291588,-1.5353695846361153,2.3274201556556298,-0.13468117802690405,0.5322623999156977,0.0722714776196856,0.3739131381784131,-1.5133574080250256,0
-2.191305458967914,0.8109466590738474,-0.5715751904486235,0.856384150530549,1.9837254839345055,1.5278526636238854,-1.088517221534,-1.5103297694143012,0.6517315079548012,0.6162355710062418,1
-1.059123609456295,2.9217733589495705,0.38014086170702743,2.315571850655733,-0.8697542127062927,0.3559466338101084,0.9503156578186444,1.7519208102733048,0.12519142151597917,2.031861785479607,1
-0.03669147328989264,-3.224188668623012,-1.0996707475958885,0.43822692603080127,-1.435332309752005,-3.098959866543216,-1.5774090869693729,0.09848509701946212,-3.1412739345810534,-0.7218576221478841,0
3.4853498671641443,-4.682629591052163,-1.8953867297181826,-5.269059037448901,5.978090188890306,0.3030455250228681,0.7499947052911516,1.594783796486747,1.057475805232017,0.7711496151538487,1
0.18380358052075452,-0.5802811603013023,-0.4750550447373706,-0.9102065054375619,-0.3745989587957627,-0.6542964591524333,-0.9026197913712333,0.0976081411277479,0.5810763182135545,-1.366488550620421,0
-2.2522966236614663,-2.5669624340863253,-2.4283406935485683,-1.0137167753794034,3.475244919645943,0.14786263162003532,0.9046884029535909,0.31926752079566106,0.23820243228115334,-1.0397912527187647,0
0.29908594697003354,-0.8848557954658227,-0.6596437282726666,-0.25512612497534964,-1.6456308377642541,-1.9719077815139159,-0.09643822115936947,-1.4710072455376098,-0.5341141717430904,-1.2025475054521326,0
0.8086139580081176,1.666565934118689,-1.1777463697840334,-0.09496517610525979,-1.108851979502591,-1.9037712744552282,1.789088982933061,-1.3949888985806513,1.3200636987643124,0.9129117079964257,0
2.541592871646509,1.8465655882402618,-2.1735352332640208,-3.366201123815298,-0.5971691298206803,-0.23136033666585454,0.663803578706365,2.064494389843675,1.5834887098173493,-0.8032054285426447,0
-0.10947700439854091,-0.7543025120232492,-0.4120561414705296,0.5028254553686706,-2.115387893870576,-1.077653292703859,1.2996403743094707,-0.7888432486005119,-2.6298248640293154,-0.9006135781950152,0
-1.0431900644244094,0.39647850930731154,-1.3351131777134515,1.1516585840004239,-2.184158224221149,-1.324872555128343,0.5355799678560016,-1.7556466124438888,-2.3816212232898417,-0.38799509654964814,1
0.9519407535200188,-2.732300176455322,-3.305496870261151,-2.3579038686983043,4.063179441188906,-0.9356693960234155,-1.5026119641246127,-0.08406462726929725,-0.7151447616431368,1.7771679390450206,1
-1.410736328052217,1.0648565957755782,-1.0929971813839985,0.7359490821495412,2.976126857187736,0.41006405717322947,1.9272667277418754,1.6021312185392342,1.9900902881768148,2.3856091806335846,1
-0.30462570399393063,-0.5136341879152237,0.14653113385891703,0.37562886379655536,-0.34216991851102263,-0.8199996415127006,-0.3131121085283415,-0.6089355511311296,0.24139346246266902,-0.32987252737055006,1
0.4875752204947028,-0.4577356041461974,-0.5292010012396775,-0.30456210265409916,1.5341435921469133,-1.045767861537032,0.29131045628579044,-1.0523720224359485,1.4856813283680883,1.3647835726375583,1
-2.040911865964596,-0.8949627778324729,1.6882769971656248,3.6754918285215274,1.427034830772953,-0.12540259868142112,1.4713657032531664,-0.7250749370065016,-1.050945562282922,2.9697269142361957,1
-0.02824301419448849,-0.9979644180659477,0.338854660770338,1.8243716857772199,-2.524314193954547,-3.4909344938439943,-0.4529570895380753,-0.8832575393920493,-0.8438586084920574,0.22096522216161762,0
0.28987124932208574,0.30147384785110865,-1.013147469722689,-1.6028369547534171,-0.8681074650595486,-0.5646850818774669,3.0382816136218285,1.6512339717068583,1.3661319412800852,-2.1684385973895735,0
-3.926833309885939,-2.9119999188278745,-2.072053334135635,0.3995792524703967,5.252986218760083,-0.2165409929827482,-0.3623639558973486,-0.4105653221238096,2.0301860485469887,-0.02140288864631712,0
-1.2092958390959865,3.6458381167840095,-0.39907348747976257,1.1081507057356936,-0.7974869929779008,-1.0480013878719077,1.7264563718786883,-0.8656465445783166,4.368745550024483,0.4451634970148348,0
2.0865669056278673,-0.24976754133679058,-1.8046319799181822,-0.9536451960504555,-5.388270958750798,-3.058904256686065,0.13078211019153604,0.017269526005648968,-4.189773910154237,-2.0046881880231058,0
-2.1862286499602295,-2.1767306437883915,-0.19214947631201684,0.34098872534110547,3.662893710294999,1.6212451060279862,-1.0420678235311058,-0.5450508044162853,-0.24721304391081933,0.2186342143554374,1
-0.8437188643982934,1.4409958518323323,-0.8037203665857466,0.9321580567228974,-1.5204693369581153,-2.1349336985632448,1.5019385487984669,1.6544919295549054,1.8066359206395541,-0.19635417702266134,0
-1.0343103521408832,-1.3710552611761342,-1.8131440096089486,0.43012264522942134,1.5102804653723134,-2.250465819598557,1.5811102179086,0.9795982415768089,0.6048818624462906,0.9858231557833143,1
0.4117238317111188,-1.1400371361693282,-0.6834000043793851,-0.8702726934043674,0.6786997058442257,0.5555487055835302,-1.7318036989259478,-0.8788089291659094,-1.7497244652799062,-0.10274222985130432,1
0.7454045416155515,-0.15567730781486422,1.6265324700286965,2.6267304753205787,-4.557521920263841,-2.900876370764662,2.0525575331761003,0.7608736809468034,-2.7922768490138816,0.4797222843611191,0
-0.08839172307979615,-0.01752669143266794,-0.8181338793732861,0.29953996457291365,-0.6467614624815003,-1.7251491758767745,-0.8122128357486891,0.14490593433976803,0.2922418955306325,0.18104566433053826,1
0.09744236301807585,1.5119759927708514,-1.7935402693375608,-0.8303487332931807,2.145895013543562,0.28118234949714127,1.6624987657836672,1.4030334275268657,1.8515516010674884,1.7653158967172182,1
-0.2356383267308252,-0.14204250335905888,0.8769628340253763,0.9324558384663197,-1.751200771023498,-0.825521843396358,2.733890427522635,-0.41016222283119674,-0.43161836619113103,-0.7438532401440916,0
-0.21024266940359304,0.1964408249737255,-1.5042966939918008,0.34366161857747,-1.0071764792705844,-1.403110593569589,-0.23682804280229675,0.3484962524285009,-1.3048962445082708,0.31927475760737145,1
1.1298159459214618,-2.538685831564093,-1.9664655035674878,-2.333048085572074,-0.4438950614707846,-2.26683056757037,0.14236329159092967,3.6916245011978046,-0.5092177532704347,-2.108629908419463,0
4.237985266082847,-1.1449941741357854,-3.0187423623620866,-5.059720332829626,1.0823693232854275,0.2321679353601882,-0.24540239258725827,-0.7522096843169965,-1.8391570374112995,-0.09888281920293007,0
3.550511220616351,-1.004833042857967,-2.315304610637792,-4.260297146205252,-0.17955238208965318,-0.265661587776017,-0.08740170969117815,-0.37660474394153076,-1.4695664730323301,-1.0865925465454405,0
-0.4624333358882744,3.6235120785856063,-1.3562430727341528,0.017840083416119756,0.07816778228349885,-1.0986668453831236,-0.33435182631395055,0.7758439470699247,4.688811164802777,0.887652442067435,0
-0.6945830519555914,0.9405438789272025,-0.504786906650435,0.7733466174761511,1.3703512748895497,0.3248970463655464,-0.2758983942588769,-0.31822756475115965,0.5461054059547067,1.8273252646132385,1
-1.0545201784808977,3.2390221686725766,-1.570900114155524,-0.4029197852992469,2.8869266526513693,1.138727225405734,-2.6285211403979574,1.0035048624164156,4.390168779976879,1.7880498826177929,1
-1.0099775613577942,1.6902149684107959,-2.167987973321753,-1.113110260829235,2.9611232512544308,1.3233322675130177,-0.7760573868428163,0.11586677940108789,2.456777570363731,0.8537441796530385,1
0.8547530993843215,-1.592505052401081,-0.7785148063081415,-1.2459631458024958,3.4105511903125714,-1.013445631683958,1.7903091646278466,-1.5310070653763155,2.5096184522797973,1.6410038437804473,1
1.5529364684943676,-1.2400648539593102,-1.2206366971107014,-1.738281914619018,1.8012909187284563,-1.5845520136963436,0.7632036192756562,-1.9863457455111244,1.7140302710202642,0.8782436220465645,1
0.93170487506102,-1.5072174874382256,0.06931547469552535,-0.08415236727365345,-2.0178351405187485,-3.175211876935979,2.0010227388593362,0.5122753415777298,0.30398616540816836,-1.0762191075642205,0
-0.671116288821183,0.28058896110097353,-1.0502882468208405,-1.7323375189017107,2.809179484475187,2.205207725774933,0.3282355661602549,0.4514238187962298,1.699099336672449,-0.6353794269256694,1
-0.6910899693438444,0.8540103550133472,1.4524251770526733,2.335711954951363,-3.799631960014577,-2.210801292601736,0.956417206592696,0.548978464203705,0.1078058493426991,-0.9047419667909458,0
-0.41668840772319826,0.6243449731735714,-1.1545567632240177,-0.247024264113006,1.1367829296948728,0.6909532139503206,-0.8611078780710153,-1.2203736530762201,-0.18696190307349525,0.7804645467895457,1
1.409672424546778,0.5812224056247232,-2.0297457085747235,-3.2515773095617497,0.4504819497840651,0.08594032936119844,-1.0271644596879284,-0.5371064154133834,1.8376658288230292,-1.6290047195006485,0
-1.1176413703274721,0.8567603937084081,-1.5219344284489136,-0.08883521049638943,2.4300439907799145,0.7389344985941917,-0.5333589572203554,1.0021926538032544,1.1617931953966203,1.3260533513778934,1
-0.256004046341185,-2.2299229183655305,-2.4656871653304524,-1.4003204826923792,-0.10086279405886867,-2.3530411537606803,0.24307829503796438,1.598922114192076,-0.47783500593695805,-1.8374084503177093,0
-1.052812033949861,-1.7086113582617002,-4.158734270398163,-0.3237467112269523,-1.5029660416442252,-2.675174143996014,0.47011868278956803,-0.4353187015656371,-4.301789366866986,-1.1127150693104375,1
0.8926316361433773,-5.141759764920273,-2.784574799720287,-3.6715337454281847,2.753603048724206,-2.2990393098967594,0.7410816654902409,0.23935893236764694,0.4564179112078117,-2.2424862502643452,0
-3.1128901563104177,-1.7743189199666798,1.0087648728686256,2.361947073697888,1.6324488700756032,1.667910200150156,-0.1152447820517409,-0.12878952385358067,-2.170538186171363,0.102314145697177,1
1.1921032936253546,1.9650546450966715,2.8350028886372978,0.553125814197744,-2.1920776313335955,1.445179175157525,0.3986434717966514,0.9064525405197977,0.4826793697789693,-0.3099349541289109,1
-2.9223556779615842,0.31807247122487736,0.448562574067094,4.538029832630658,1.2761039774333511,-0.8861199444996981,-2.013998321584507,1.7113005153104637,-0.9727525261577195,3.9694702420020462,1
0.08194767291712957,-0.2532879528901961,-0.9532267194675055,-1.183262614009171,-1.4990716150252272,0.4319060225018858,-0.028896287648675207,1.7638702320572779,-1.8433991932546965,-2.267380468709954,0
-1.0409652707876653,-1.3349485271633936,-2.7646646557430055,-2.359986161435003,2.0874094132008256,-0.34081745373439887,-0.7558593867544244,0.4955897101997747,1.716893703231813,-2.2011241782979525,0
-0.8047055010571709,-0.5348913734155103,-0.07441130433814402,0.6064332365674624,1.3077824066902834,0.7692126113414944,1.3899538176810096,1.395033140120689,-0.9298758588436289,0.8801702952361705,1
-1.849408503098239,0.33419045959205573,-2.2566323823337244,1.8063845453540688,-2.704464076076259,-2.6832521731342354,0.6897841481354932,-0.5201524864952068,-2.5285894071122312,-0.3911835044028342,1
-0.3922244791802365,-0.5193813861626817,-0.7648757392034473,0.33813549783485436,0.19306900626794765,-1.298609854348706,-0.5260876875400664,0.7118273685976673,0.13559351992932367,0.3714930594050986,1
0.4382298241534258,0.5904237337860276,-0.17432946923736414,-0.3779939993168154,-1.8865008428310612,-1.15725663146662,0.05592066092321825,-0.1658000181030098,0.7137971915344341,-1.2959271146373912,0
2.43185381777189,-1.4533844859966092,1.0103986578664377,-2.4349380725883476,2.0125361150562986,1.4231600218389828,1.1849413676210472,-1.9803287869523725,0.8176289579143328,0.03709588484968529,1
-1.2974824378574494,1.9734554940612923,-1.6295820896478064,0.7159087971091065,1.0370392450262405,0.40360496083105035,-1.0018031671930638,-0.31633419323983175,0.4468256566726524,1.6004433334286639,1
-1.7519168056081549,0.27047247301769106,-2.048959632113208,-1.0741581419251007,0.8028254443838323,1.1735978843868682,-0.5285967149183771,1.0339758172966207,-0.00519734509229397,-1.9660682021806166,0
-0.0030256928133900463,1.4533817752119131,-3.154349669263488,-4.620011683969466,3.266498385315507,3.1707735457958663,-1.4035583444732629,0.817206517497548,3.0695950596697257,-2.386347505550141,1
-3.4806815678962892,-1.5270283006804375,-0.4812539316417239,2.6288844419511332,3.8863390687178345,0.362711606321643,-0.017230064210917172,-0.7225560884604968,-0.29958684022415416,2.46079053968301,1
-0.3035604270021657,0.3188143244061721,0.815141030597029,-0.46558513130996493,0.998262935222344,2.0909920649575993,1.113741732233121,1.4593108133537598,0.616320728006329,-0.5921182966396201,1
-0.11775154689918277,1.2313568458683148,-0.3840843006361132,-0.17941979147675668,1.253527604205232,0.9496686629633393,-1.4435884494127649,-1.1234570071594123,1.0590117902675704,1.047135634397761,1
2.605779179115649,-1.3703379698798788,-1.7229103360312612,-3.331454773445044,-1.1247567979963562,-0.5453328017118769,-1.3520364270678293,-0.9987968750056726,-1.8961705711596926,-1.9844866759952375,0
-2.3597551849718936,-1.8535258602984477,1.5983227536804958,3.7768458004799568,0.08916895838292094,-2.3802933030730804,-1.7646310937744505,-1.7572147586615,0.07724595272342283,1.366481487487197,0
-0.45141295512683466,2.5107926184259743,-1.7738015510026024,-2.7618784610652427,2.340388262455868,2.8899232094853398,0.04424177539385089,0.6193173095995895,3.468577626637787,-1.3588926854061567,1
-0.8480227253047717,-1.5112853026866166,-0.7337742767672913,-0.10738533638916264,0.8561374364433295,0.32457358535743763,0.14196217740917633,-0.837488906941947,-1.6213928373940352,-0.47205695551039795,0
-2.8591372980860426,-1.0975612188102533,-2.362594779659994,-0.049929965205443905,2.267050969870276,0.5514890993055799,0.03081111519731319,2.5043168021168087,-0.4832404773440053,-0.8847953977202839,0
-1.5635147122000501,-2.0351598658798125,2.4779157101102873,2.645554102397363,0.8283978818251339,0.9386002167407088,-0.9449562707797498,-0.4637576947995197,-2.1089945118142492,0.9612487957607299,1
1.306074961070851,-1.5859412185545132,-4.33635955250722,-4.262641553265564,1.086654786512148,0.41310735079005,0.48702644260865274,-0.20288441701003918,-2.667741600908711,-1.9117168201832144,0
0.06453364865706068,-0.028279997753250408,-1.9846363924612245,-0.9165116369400379,-1.1331904712038188,-2.1577914670400613,-0.23578831826070276,0.4276363255523683,0.616653730667706,-1.237736462505689,0
-0.14668737401582588,-0.49165759035407264,-3.1728758629257947,-0.19876004597519636,1.5827545861003542,-2.916798566213891,-0.709841365454307,0.690073159980992,0.639879311092589,2.104336877192268,1
1.086210621919388,-0.247143803546942,-2.24476373808535,-1.278627097056343,-0.13327149402843363,-0.7750003269682425,1.8596474936036136,-1.2758061927655187,-1.9278623492492657,0.4980926934847135,1
3.669621810629841,-1.1827202696117198,1.4585350295457093,-3.216007421597878,2.970137147478691,1.2176090628648844,-0.5860084483439348,1.399441679203903,2.9561073153451334,0.8627493180860446,1
2.856493185650709,-0.4021598011361469,1.0477530720245811,-0.963747018862045,-3.8193279285943325,-0.11245707170862784,0.4584725691988813,-0.21980270560773324,-3.7960496170755444,-1.2944039695313925,0
0.7095181415770435,-3.956134809612286,-4.396931442244616,-2.7545124862081067,5.526328522792669,-2.49821001967974,-0.9364311967413436,-0.21230454157659961,0.6748917909874701,2.1297347289036535,1
1.011478946029945,1.0784417299414057,-1.6225364755735057,-0.9787045548246212,-1.4927758046458104,-2.283941063619218,-1.557717116529638,-0.5483756196343702,1.438300175658338,-0.38322281104973777,0
-0.22711112012120394,0.5078432792652758,1.3266139135694472,1.4190594469633204,-3.825995176910914,-1.8685337704906484,0.2535929416908065,-0.22342347274165192,-0.0019230642758025773,-1.7193813490533807,0
1.493770716904773,0.6359703315728256,-0.6195757246319837,-0.6677526908105978,0.11279311576259582,-1.820748384217396,0.6137659938071383,0.12333075761887453,2.0770690904430875,1.2522890689626607,1
-1.4153837103813496,1.397237316253805,-2.4853005896336606,-0.7008209852764825,2.0448686020880764,1.1600291997301768,0.029180660677674677,0.13147742249666883,0.7538002194767196,0.42993455345580867,1
1.3746646687506354,-0.7614022386788932,0.3357913600521838,-0.7664600822630615,-3.589059471007181,-1.4631088795747846,0.7454614547455006,-1.056638214705522,-1.6644327582592164,-2.5288056693716,0
-1.0312740724727896,0.32980467503061517,0.9584964752838852,3.8145255865689416,-4.183524822718129,-2.7515758579286356,0.69659398135469,-0.3774194616318355,-3.128778515578941,0.8307156064631938,0
3.610891033949911,1.3263516558910498,-1.8954922292315315,-3.6672826392309545,-1.9357896216850774,-0.342567116347818,1.2871810467060911,-0.5651313717924064,-0.4139476363767831,-1.141247379875926,0
-2.298929032695342,-0.41105105837877276,-1.133156412380607,-0.26913726279806005,1.2160876067984918,1.0517973258360467,-0.34780516463983596,1.0874105536366991,0.39776400462784545,-1.8031001396595956,0
-2.7683559808789777,-1.0348216261108174,1.4794157075141512,3.5195225282150884,0.8753511640941114,0.6885211447674867,-0.18956773665150023,-0.2873055135568764,-2.1416627257709373,1.5756007753770684,1
-1.2592878203640325,0.5537444259052667,0.23215641159991685,1.210060458554923,1.994450419113173,0.811513684401246,1.6434361512918918,0.5995038480519815,0.9684730153200457,1.773522701617543,1
-2.5580982350380035,-1.3211055248620593,-0.37946444477551444,0.9333691885986126,3.7231888925364807,1.3454001706047563,-1.4559650424346218,1.435989124169071,0.39920459902352823,0.9617898362633139,1
1.3092010089939066,-2.0022157291757847,-3.2187609875179812,-2.406367793828653,1.289272912159857,-1.222285978316106,0.03980750314788466,2.5453827884151843,-2.027228162972348,0.22356985874197677,1
-1.814754191376521,0.3378222265714317,-0.250826309865829,1.432088156495016,-1.0515831780600933,-0.6628177303728369,1.0556337568398246,-0.9653244697473485,-0.25556826075925343,-0.7096933452804736,0
2.3107943097389922,-2.8374124417905766,-1.610159298699182,-3.189508453139355,3.9185902065784575,-1.0401981025649074,0.22013935838958884,1.0235755955682535,1.7878462975830836,1.0808703310600896,1
-0.3650915995281465,2.990453411496519,0.8781157164562083,1.882503317726588,0.2623697512868476,0.17754828376435605,0.3398853097518809,-0.4850181730262778,2.2407908138610195,2.761386142555475,1
2.4122715301208664,-3.482884079328648,-3.8187382753924135,-4.041618426114617,4.573709903460841,-1.4210924502961675,-1.0944333513488027,-0.12870917681509025,-0.05383769789564585,1.4895924920857038,1
0.15001537495493267,-1.323894350806126,-2.152424632579218,-3.4586033711005673,3.5413977598709345,2.155442268490374,-0.39993872710426737,-0.5905245698394233,0.7006946258675089,-1.4249689470984985,1
-1.243022519484809,3.4782249692139113,-1.8272327649294595,0.937437740768253,0.9303384661856795,0.17488114564032076,-0.8588602461456193,-0.7089107249905889,1.8265790295817217,2.3309066190922785,1
3.616443160163532,-1.3003072547271617,1.648396187962664,-3.1301177141875547,4.843097261748976,1.5494479254317453,-0.6049617538213081,0.6808862123789485,4.184616121553512,2.1797120536392773,1
-1.4456188501019294,1.2457809433910625,-1.0613354241933919,0.847364155841398,2.431095293847203,0.47052623542571304,-2.364515369855838,-0.18501087749855402,1.5341401230222225,2.146279409059509,1
-0.8121244709807934,2.9837301438939843,-1.5326054298551777,-1.041835892703765,1.9216108815478457,1.7451721126198096,0.762733046131995,-0.7190047772250318,3.1897876423053244,0.3964191113362764,1
-0.8132944228902906,0.3525426084830703,-1.8328778589774641,-1.1960120696327983,3.5205157874797663,1.1412964653740398,1.6598971009273822,0.11484945808191692,1.9919587944312656,0.896867698470727,1
-1.1013537618840634,0.060537257217344376,-0.14309827006767595,1.262764333420921,-0.13403278026239535,-0.6258727253659613,0.8305306044184286,-1.5406697256914184,-0.2410872843472711,0.4917277604458852,1
-0.4867767299770367,0.8668202963466642,0.37150303964813824,2.469613319259962,-3.343407097526955,-1.8674355336091017,-0.21678781789535964,-0.3979230108074238,-2.257719058049852,0.5812055655260617,0
1.4946637086777619,1.460352524232691,0.577627271857901,-0.6628934286413688,-2.5216393362546046,0.1820975001290468,0.5686345835629499,1.1172299977339137,-0.36617271875802127,-0.9639258644813362,0
-0.41867491828581505,2.25517066861557,-1.598948503960027,-1.710407716457668,2.359550277959969,1.9135798405505242,-0.2741291970900085,-1.458192484316987,3.0114370082208723,0.08458716596289018,1
1.3489860357921573,-2.2074446339481484,-1.283838354970471,-1.9827057646481219,3.529659437743804,-0.8621167660702485,-1.0773403363065117,-0.41017019023107754,1.5000695683423573,1.4039301451060036,1
1.5169479001691228,-0.8460163281307755,-3.0081446882383642,-3.575994773981982,1.2340289028620106,-1.0297450960137804,0.5451761756309323,0.791527736727773,1.2990538948078647,-1.2594185197781238,0
-0.6597521798565054,1.112642189170741,-1.3442679139040727,-0.7388617432726259,3.1865668967709384,0.9665900059929662,-0.2307657051166103,0.8242440547532551,2.713119395331071,1.4121393033790786,1
1.390721687517722,-0.7427866007177579,-0.24117791921786536,-1.27727052897701,3.0224079836497455,0.4780704291907336,1.3035636343644337,0.9885557325118116,1.2195868742872606,2.0179810943544805,1
0.5417345148896298,0.43712294223428905,0.4611789322505957,1.4243796462105434,-3.147459626673005,-2.1541998382178797,-0.8895764849550238,0.2849649151626972,-1.4141371043806972,0.2389094620514145,0
-0.8724396061957305,0.3626136744654942,-0.9390425625343818,1.1361420614058029,0.21610670737149107,-1.3583488807122583,0.16135518823182887,-2.086339906592822,0.23189329671634507,1.2921619058273337,1
-0.7175500659849854,1.9358571265124183,-3.3061766357050915,-1.7141713529880058,3.1918686897708852,0.8532640724502398,0.8763711898340235,0.892102040446999,2.567339709557505,1.1268673772790676,1
0.16752467991537778,-0.6645680626548514,-2.2294498816320907,-2.4471427283283305,0.7960876487108053,0.08667254649472955,0.4408848014416472,1.1221497428546585,0.3064606304756783,-1.8474396433692568,0
0.40677943905741953,1.1921121985377838,-2.255122310216997,-0.7767377706752356,1.6384011678179449,-0.7609093060614942,0.5391120652520308,-0.8204484667720836,1.3689189077928252,1.9781950461117743,0
-1.1053289996964937,6.166911957262399,-0.8749706750925009,1.5842601353534347,-0.4068181653944858,0.6757635541556781,-0.32727515393919654,-0.2442994052640153,3.4967127569210126,2.580876331209496,1
0.6952501143283837,0.8977948050864707,-1.3307577336355574,-1.0650295717368614,-1.4869138146260052,-1.4248870022465485,0.7732612214201445,0.2941458838891059,0.9101853514603225,-1.0361997562582344,0
1.9904609699127267,-1.2821770047996996,-0.14160612146240759,-0.7389858123164503,-3.1816931604193432,-1.4884482805071957,-1.77484473569773,-0.7199064046807675,-3.5099094069661327,-1.2193457269517123,0
0.13917964201202082,2.566083745857668,-2.762113681971364,-2.0229066591043945,2.963232369399848,0.8224727198030506,-2.103049516869974,0.8064772299231251,3.6067961178541905,1.3806551771915834,1
-2.0622457366598024,-0.7205467112510123,-1.9835927850492812,0.7038847868296476,-0.9664316738986469,-0.9425263678133631,1.6029643469216657,1.044291797949948,-2.3041208893035128,-1.3208003373828165,0
0.30744933368836613,3.1285957947132554,-1.3794057757948832,-1.2621434171201638,0.0852051228964239,1.3420741685846505,0.7773128872858522,0.2620834147001496,1.63231669807165,0.06441746175575813,1
3.177093550945364,1.6825614936805748,-2.9101570953398994,-4.175043095836979,-0.7027236908116292,-0.5502306250720717,0.08122792409576554,1.8871059829532455,1.2508520354829402,-0.9587659318573922,0
0.13005749782196552,0.6317081356068055,0.6540155523332785,0.6365623239880528,0.3709396719554909,0.011028489971050659,-0.8143183987396746,-1.2112181983000634,0.8746395788584279,1.1715934307194507,1
1.9825206857360733,-0.8314808328512011,-1.8680211925867698,-2.1171855851202728,-2.223578180368397,-0.3856494981196288,-0.6841768637993143,1.0448787426539725,-4.103579333095249,-1.464302055896749,0
-0.907729812170544,-0.2879806878016471,-4.193690538290782,-3.9761168650517025,1.8683431335289526,1.315345459605492,-0.4192599473709911,-0.3958038341616338,0.7208828241561178,-3.4833134861752635,0
-0.2565401482694969,0.5496955000411294,1.155458941482988,0.9460933936895592,-2.974961689618892,-0.35697754241439117,0.34113222126110754,-0.8845884860174777,-0.9098922669506843,-1.6082713481553172,0
-1.6194944694932731,2.113916228787156,-0.22542426121416947,1.4714245798453356,-1.4745392757024445,-1.8059156602941986,-0.606868016044455,1.0915675392244895,3.1180864199516183,-0.49211461814639146,0
-1.345976779098772,-0.2954330574242344,-2.811806544436577,-2.314345825386999,1.408940147715696,2.436944778965328,-0.2265642756779332,0.6863148050442303,-1.6356228933774166,-2.4698668923658422,0
0.13853185582131233,-0.239897180773453,-1.0352185988632008,-0.05509178141177973,0.2645214472833669,-1.2062813990973913,-0.417538228326973,-0.9256671432872929,0.0293801001014542,0.7168576962535678,1
-0.4132525713601629,1.2134070498288916,-2.7036758387319293,-0.8090941819407056,4.198352455550629,-0.23171903075944478,0.11267934624906932,1.0454725004660728,3.194333148525656,3.0440777134993158,1
-3.3790403585087256,-3.2345098445522202,1.3288785071138092,3.447989249845634,2.17578160467296,-0.3030631370827316,-1.056338866578845,0.33243691115494084,-1.6154866311193434,1.1572542834336526,0
1.2476825223281254,2.408739514257425,0.008527407616939264,-0.6546613316785133,-2.1243262346433007,0.06037324767315777,1.190538984372787,0.18483288835909284,0.7395868993894046,-0.4711724361912272,0
0.8982444648346719,0.44874010214944027,-0.6092970963752892,-1.8561077702930533,-0.5771022640941698,0.2811738028653423,-0.49009446006628976,-0.3270076626519062,0.8786833833611953,-1.688133204114868,0
-1.0173506894870892,0.8011021074448732,-0.27520042410664125,1.496985006847944,-2.5125523875916205,-0.7051117063363839,0.18323909579899972,0.2329886674814239,-2.040168224171311,-0.5305659744832067,0
-2.1678586229396943,-1.5939497643522076,-1.4263751976775247,-0.6024269618356636,2.344175118853218,1.483607867648956,-0.07318170254100276,0.951822053051617,-0.8035287888083178,-1.3554064595385056,0
-2.594271822023533,-0.5722130973445017,1.1379169354925045,2.7535752640210154,2.877242008156874,0.697864676795154,0.3129581254362489,0.6008844488414041,0.8289656535744564,2.336345883036583,1
0.9881243887007112,-0.79330121155831,-1.153233291928269,0.16023033610424697,-1.8819581057210304,-2.5607704541727117,0.21850758604612067,0.7127245694093065,-2.1236007737304665,0.4142562240995604,1
-1.0466085074710199,-1.6234419438618972,-2.182497010735953,-1.3327924942415463,0.5312586827885755,-0.7569317194129817,0.6051996003018213,-1.266692736583172,-0.2936843868759047,-2.167070843334657,0
-1.1604462007698004,0.38667373694514007,0.4679243016586927,2.3313346528649572,-2.827560116312044,-1.3500134827728378,-0.8345296500918743,-1.679899241488712,-1.9713313475844036,-0.22799623508205513,0
-0.9419579636189948,1.578088557351004,2.3011444785245945,2.96426445940342,-5.562769576862698,-2.0882832741416517,-0.5501448983483982,1.09223944190075,-0.17394517808424936,-1.8605536414504216,0
1.0569164628236556,0.9071425931491313,-1.9901322814981701,-1.7057184033970905,-1.13651577848438,-1.3176148148715667,0.267968799210738,1.8476397080256943,0.7056059669646961,-0.9168348237872403,0
2.3856699579313245,-2.3192037638273457,-1.1138806898513636,-1.5299308539198206,-2.423533979027966,-3.197352312220085,0.7138202083458839,-0.02578850748676315,-2.160710867251117,-1.2212808565715256,0
-0.6566269512813567,2.2021905417618175,-2.6334282418043475,-0.555366787059002,1.8599642222181303,0.2953602048846574,-0.7406672366491165,-1.950170784524399,1.5087678484100868,1.655037071814129,1
0.917925319289691,-0.7204060836557692,-0.8377009467857051,-1.0380236495071309,0.6573790625496323,-0.0005764434006759744,0.023865018224493963,-0.3262932244047908,-0.9482891887537936,0.38459570343852045,1
-1.5693201301392299,1.0683185847293752,0.29833675596508136,2.7987646440548115,2.5972849784301304,-0.5406886225078948,-2.135294750079688,-1.4408363787709808,1.86236490321888,4.213634248226025,1
-0.22247575874159087,1.8209699941059945,0.9300579048053903,1.1660020976475192,-2.613952053798926,-0.7384260917017238,1.7002886422979921,0.8421578363798933,0.8081863889027779,-0.6161719879664564,0
0.4958195104271459,0.07443578879842061,-1.9453113877510175,-0.42395477217415056,-1.7494875546768944,-2.3746650732345516,-2.7861476877805345,-0.5334852601458465,-0.8233674674699076,-0.3794781485650005,1
1.8852268059019788,-0.4808078404723133,0.5244436185289774,-1.6014355175432087,-1.3970973635789994,0.6025856171828905,-0.68234442589306,0.05521235360038612,-1.3492936920736938,-1.427729953833127,1
0.3722791104791513,-2.2357984469316747,-2.586672092680718,-1.3698030470263332,3.057320610522235,-2.2472477172302376,-0.08288780876602542,0.02254526705804166,1.1422138941838034,1.3800843026909833,1
-0.009648641867124441,0.5268080387662543,0.7397606962924983,1.7162163989959727,-2.9790526559366053,-1.8092745938158608,1.352042368665138,0.8447411111234174,-1.0772455557904266,-0.002680638501947108,0
0.5325327101347819,0.07790713403462712,1.1781129243884978,0.23527858722371497,0.9499200518827945,-0.8843727766665457,-2.2551457211251944,0.40588646541969775,3.1551460831189284,0.9578631353817926,1
-0.10379367929797345,2.452583511263089,-2.3474567321701403,-2.9608736361176957,2.177887325033579,2.4794743824393786,-0.13215089013486142,-0.10117671227742496,2.8783309968223785,-1.0559058721534176,1
0.6312805195209448,-0.13970914820366287,0.9953725360227779,-0.17532435805982916,-1.1001853240539303,-0.0020461483769184108,-1.245068253983848,0.8719633817672413,0.012853932531689427,-0.873133808927933,1
-2.3251530739220923,0.21662581943853998,0.7101939730450257,3.4142949487599332,2.240480267451398,-0.25808071056717896,1.9239459459299184,0.6747004152022378,0.5145960923820965,3.565592229499377,1
-0.5862527475580199,-0.8219244158432029,-0.46639956976189834,0.6995860212726728,-2.5481347301992914,-1.5812801556244342,0.39349507350397567,1.9929821198444915,-2.1837370339996736,-1.5559607279607068,0
-0.946012061383181,-1.1206131935418548,0.9602739115573977,2.2255423522815327,-1.5093390484144875,0.014380009967276175,0.4058739257025841,1.0098758737907962,-4.08376376730943,0.39398404620772,0
0.8526006776884383,0.35917182679990867,1.012505609048186,1.883738728418387,-5.357859607956334,-1.8029224318278971,-0.6330138223137638,-1.618547664808369,-4.3364823227484965,-0.5362211722384111,0
-0.836774736069257,0.9263115772567379,0.9694767869283045,1.3395880139250782,1.8885750215442427,0.7348324892546988,-1.8547864514608354,0.8693291040462117,1.9174764412422105,2.072494159975849,1
-0.534879620782245,-1.264791162067553,-1.0329183473657522,0.5553580273702554,-1.6824450851907358,-1.2886334878921564,-0.27476529233819436,-0.403032964634577,-3.1542038929282192,-0.8102684131867228,0
-1.5921965969770682,2.4403490582436516,-2.684808043276498,-1.0181300064053267,1.6931585960502773,1.7309743832166946,1.1994974507251512,1.9116638854577725,1.3501487838891348,-0.1616134467897179,1
1.9978985882144311,-0.9486390248094722,-0.5313671242441753,-2.0140557389232714,1.925783110775955,0.6145962293051654,1.5648304050350645,-0.3865748763290467,-0.11802408402211162,1.0016031927157751,1
-1.5163394291521017,0.7164698752235354,-0.22005827398499367,0.6007786052598068,-0.9097859061741135,-0.39758607292770887,1.0083694338346114,-0.008572892387100418,1.1294011526053631,-1.4412563187214928,0
2.7130763592656155,0.9410350395681935,-0.8713883636235767,-3.5302941339057234,-2.721183279536773,-0.0753609514418947,0.8899500960760867,-1.9310614920340123,0.5123144783850964,-3.306087711546742,0
4.041648538471694,-0.776718947508694,-3.398853206610519,-5.283452458879285,-0.8541054431232236,-0.6838645433043594,1.4099875116161396,-0.7221348703287477,-1.6600094208858556,-1.9022797881531055,0
-0.2991005260460665,-1.066542692670665,-3.15080114997559,-2.896102372047642,0.8297326299521242,1.2914353121983804,-0.3574338424973447,-0.05359609895290359,-2.1531460575709107,-2.527777515943665,0
0.6040020962264534,1.3951531768308105,1.251737611706658,0.573959826566779,-2.6274158661751907,0.0005747978802965736,0.744648949116316,-0.46604802000971546,-0.303905593264056,-0.6818816954791498,1
2.9006235817037878,-0.18675133884259143,-2.8281654254217043,-4.32273816670662,-0.085646415171998,-0.3988883986090015,0.6638931260961353,-1.0654417395505857,-0.0677040995838849,-1.503824466635352,0
1.6817986106901477,-1.4476780796378867,-3.0421337384336886,-2.191541118230392,-0.24214184423314822,-3.0229948468548584,0.3956859552000656,0.1605770378342815,-0.4677473078178427,-0.2578668759313467,1
-2.4823673499141448,-0.9044070886192894,0.6972899679637306,0.5145470022870937,3.322535540756749,2.5655038920564452,0.373335538703272,-0.7674032721677975,1.113204036757454,-0.30879708132627237,1
0.47354393191882704,0.42215131508440584,-0.0027174156505874736,0.8768526791243224,-4.007319224618685,-2.205319796216366,-1.154497226893119,-0.85471065260706,-1.8052600160199401,-1.0611256071148498,0
0.5522670888269494,-1.5709719152757802,-1.1863360841804718,-0.8290264715599887,-1.097823160872351,-2.5763482255552654,-0.2283128647192489,1.001868807621903,-0.11968205396674492,-1.2714599706027487,0
-2.242124485551364,0.20538203862448423,-2.0744977606897557,-0.9463864437166587,4.1693502242642015,1.9625263268596687,0.871576502298157,1.0943947849462095,2.0254503452084247,0.11845197480008673,1
2.858302456500409,-1.1384752303347776,0.26666581431975733,-2.7951155985460954,1.5968145623712158,1.1477954904736078,1.669275097223265,-0.1893004695695063,0.18419080572722502,0.19613795063743134,1
2.591634887134134,-3.4676973868823087,-2.9306547968736387,-3.887816038750988,4.075853185551561,-2.4751396576100326,1.0626974013331458,0.7771887376728707,2.0999253113693337,0.9614821786251764,1
-1.6538306767666788,0.9436017884673842,2.0380221231434783,3.0604343324867935,-5.304139009581891,-2.431586817385786,0.3429843413591068,0.01248070548593954,0.05017415471471187,-2.4488938212328977,0
-1.0242554125316117,-1.9001710006034078,-4.99445364030689,-0.28843892388723935,2.9825947062754654,-4.326678569212228,-0.7973448497355118,0.06767148955845191,0.5356506084596565,2.4879872562158325,1
-1.4135555221453044,0.6884006464288384,0.5001818474561903,0.9280272420513909,1.8035971626892588,1.4120405346155436,2.566941237529476,1.0261424032359665,1.1804679309214507,0.9282390120612831,1
-0.4510270983707836,1.0515890440423912,-3.470154841152939,-2.501290640785876,3.532880917016274,1.1924264573164414,-2.39394106634408,0.8554618641914981,2.0520035327504957,0.4415730517456581,1
0.9592394918767979,0.4095221590345941,-0.6818003128363354,-1.8671521154947457,-0.9602649955650342,-0.17874165775263573,-1.010225929052133,0.6746715356076624,1.0232010825363642,-1.9187121067167205,0
0.9274227983642687,1.519930628822684,-0.041049374514956605,-0.1390991842085092,-1.7474435923614051,-0.7200004058873744,0.13302073809059622,-1.6688667501940821,0.5298740867413418,-0.036439923634894344,0
3.104700141197341,-2.2773625170484717,0.5041049856812061,-3.497787446520087,3.087619453324959,1.7006001009098086,-0.8363020786520318,1.1579799736368765,0.5685587356934931,0.18097456670284862,1
0.8812724015895392,2.113237850254027,-1.5656563088185607,-0.9417788177788207,-1.2839197375719995,-1.9165042468176363,0.26402244899635335,0.5136373890002042,2.5589530490114507,-0.131257433841953,0
1.378279746686281,-0.13578071882877163,0.10371005659349986,-0.6311620183399838,-1.5805377829495502,0.09984799665991284,-0.29932697329588437,-0.17248688417393548,-2.1176327821232928,-0.4287476529558152,0
-1.4563829446511247,-2.7114880920089925,-2.1346579390241582,-0.27282785776659413,1.5132698601222785,-1.5140615097711139,-0.43986896240881934,-0.7374197400154134,-0.9680002270892678,-0.6518695819470286,0
-1.2436225593307606,-3.235485769491863,-3.6373362832703093,-0.5692118334355869,3.7879408762937947,-3.0527577037709963,-1.5559857033323108,2.1190167281423116,0.5859846354941614,1.4157013333142734,1
1.3404248051036967,-4.028888274385924,-2.631553231701456,-3.1315693821783954,5.530563470806143,-0.9950739156435255,2.150388392817886,0.6856818462013826,1.0590742276937344,1.4583238258104827,1
2.548269185271214,-1.0068951095341385,-0.11774462730290869,-2.3878600816407785,2.5699758315233265,-0.12723770739746554,-0.2332020300591821,0.6750818408121937,2.2017601033081298,1.2495084466748603,1
-0.5159310227550957,-0.37968027473495025,1.3245977349299176,2.684874341775872,-2.641242498967515,-2.2304902962595405,0.9644356443147198,0.23882432593704137,-1.4521952517180134,0.5343288373080191,0
-1.5135193136260772,1.4050563937088798,-2.0971406031211335,0.07744822867583334,-1.7209766251395076,-0.4135008717715396,0.5406948278953948,-0.9543320129867869,-0.8182912868370158,-1.5935690126953754,0
-1.6959836381987454,2.379350893442967,0.014969425207782994,1.3851220227691252,0.6544325300443776,1.3796761164688334,-0.06086917221623043,0.2015196711487438,1.0829083266078237,1.0719192616584496,1
0.1136497461331567,1.5779293214581207,-1.038196155338126,-1.2978704753347539,3.0705890164008975,1.1249336059303399,0.9802789911093779,-0.2108453427258072,3.517572673382602,1.3766856470724256,1
4.651077652743842,-2.4454567943880123,-3.265249011608623,-5.403800029609384,4.461457808510334,-1.347293435659136,0.4013213737267121,0.45139595241603503,1.6678530820225204,2.043653243177472,1
-0.09313392446684188,-0.8101410611871158,-0.8863210017474739,-0.0018160311841044496,-1.762421329783122,-1.3635465007354628,-1.8508357631314192,1.261250581399549,-1.828030484227583,-1.1780919631736815,0
2.2586808088003973,0.7107371139841645,-2.847269930111892,-4.35982167649611,-0.25660279190978663,-0.24306991631232155,0.756540787187405,0.706902280626921,1.5043193193319482,-2.307612727532862,0
-1.6368985781841507,-0.1511326433583864,-2.809179293874667,1.2702692910039775,-0.927932921487205,-3.2210356239474627,-0.1108485103486127,0.4904698944501049,-0.9271510857143692,0.4948130141972187,1
-0.5385419278905763,1.9878929015661382,-3.8303288463346177,-1.0817883744971317,2.2606503173558306,-0.13334720506895414,-2.019285517078612,0.4478218764980041,1.1057668757465502,1.8914623468627827,1
1.8149400741700705,0.17953983075577096,-2.7026295312182294,-4.021141511356483,0.5598725185284139,-0.3703485068266462,-0.5954904068068536,-1.3929326375886175,1.9223637965216311,-1.9652077645867416,0
-0.264594639284331,-0.4843782862958611,3.2924140419726937,4.040879578317569,-3.8218568548805205,-1.0105642764469773,0.3144906723648705,-0.39547628042619937,-4.063637143510986,1.081237678527481,0
0.2024107020175503,2.159257648483179,0.08248934547135867,-0.6785985572434023,-0.973048531935975,0.2598976146789982,0.14730521396844534,-1.262850240148433,2.5887356584339445,-1.098832079091119,0
1.983107267718728,-0.44501237886996536,0.6426227633267576,-1.4262467333156823,2.0884041291522775,-0.35865318943027547,-0.17496761048237716,-0.7986140101436061,3.041640397485798,1.3157606642585213,1
1.76080468215092,0.5367276071358577,-1.6201669553084161,-2.374972741876378,0.2612638025737024,-0.04145246001230307,-0.7361867100886195,1.056258453447951,0.4624103384425421,-0.20278270362273232,0
-2.07145036884332,-1.0491906235210133,4.0627499043647815,4.412623942750676,-0.9685933119983132,1.1704663663340038,0.1349742885508641,0.3528080003331323,-2.7962911416168725,1.0626619077485555,1
0.924548868636458,-1.1950592845589543,1.897982138056939,3.2107790461986916,-6.0605294806021375,-3.8164340866005086,-0.28374718105791114,-0.3882785586980988,-4.873083002309402,0.07578809271249676,0
-3.424326523049785,-2.2105803039951857,-0.7338342196534047,0.0032941754261115452,3.5925300539027405,0.8450701737533328,-0.663980279708462,0.4166211860707552,2.089878045141955,-1.7307368747613054,0
1.325748819377546,2.402029567648077,-0.5422435501965034,-0.4131749356481092,-1.4853718227218877,-0.6058277240309826,-2.3193981398964385,0.6249100884688427,0.8958115429143556,0.7211808378205187,0
0.554296739584633,2.380213249675172,-1.3321881124478954,-1.7908544236672483,0.30639649233032984,1.5490412852205113,0.5288743855226535,-0.8807150311069579,1.2888723951560634,-0.4404253597673411,1
-0.4170531918833973,0.4287327752027489,-2.6797002065052418,-0.8390079568559721,3.3179889653293086,-0.16891191044547527,0.30118695807776713,1.3841401240464637,1.4134666589342766,2.195375175437321,1
3.5569399266907675,0.9510722365555547,-3.554503889076198,-5.882392399744256,1.1779341745280454,0.21281007810196417,-0.11538574166216507,0.19086967863156787,2.3876804363341106,-1.4696344739020641,0
-1.1216978579503079,0.23136995335035349,-1.0315157567359763,1.1511707581394204,-1.0832536097346033,-2.558588142464069,0.1928900118850813,-0.9768241258753142,0.885783850448441,-0.04682883242549263,1
2.310772599693081,-1.010793241456311,-1.6196516432497419,-1.838594829689296,-1.4158296031204927,-1.7124287924062744,-0.205317644802088,0.8102278323024328,-2.0661857374942505,-0.35182280713273983,0
-0.9172442388131157,0.49676806780026717,-2.6053264892478607,-1.3691339950010648,2.865610594327219,1.0190671905227366,-1.071156077403275,1.1093839807607901,0.958564608363276,0.4930680318905989,1
2.145327576762096,-1.6926652911273947,0.13546252637936163,-2.3476135032523664,2.95659097527167,-0.35594321137940355,-0.14023994946474372,-0.4297466634439692,2.863328130867453,0.7599419843894546,1
0.4887623468418044,0.1529530945164128,-1.4976521126556113,-0.30760840287890645,-0.025783990375892296,-0.9206531833459957,0.7906010971403166,0.20150574625135806,-0.8998033371577425,0.9474732411722568,1
-0.8189872841891295,0.43014997073901395,-0.5594162315935184,1.047778977026071,-1.221320481249911,-0.04941790144149205,0.7638905541384806,-0.7502849532186529,-2.267862027693406,0.11956586831555627,1
3.1456864082106435,-1.831958792583832,-1.732618898887298,-3.4421190906964503,2.504373696618286,-1.4582107040492476,-1.6115656223375108,0.7320142722401903,1.6809893149348074,0.9673611159063242,1
-0.5722606329001739,3.319922700461111,-1.8851566342311623,-0.7039396629693968,0.9830238879587715,1.1968429004027112,0.3230954213178931,-0.7905285690539755,2.144763171395444,0.774851143919717,1
1.5295406553935034,0.12161019297623543,-0.30072328429535067,0.3786082982238519,-4.899962747273866,-2.0242721294863095,0.8331713704209083,0.7673721612264757,-4.145147844972308,-0.9860132492233818,0
-0.7272186061041824,1.788435350541644,-1.7257516733528913,-1.631820240679238,0.5224583424244562,2.2823983948678257,-0.881710192150132,-3.0093411426831738,0.24168669059232373,-1.4901592050863277,1
1.7113650140006613,4.032740808266161,-1.2452874455352088,-2.3548134177206244,-0.5973205857974924,0.5153330753801217,-1.0820515457923974,2.4075914215475587,3.9180873014253788,-0.3240114604722375,0
-1.5789071590618056,-0.8410867430220182,-1.8158085543476559,-0.16581941562599423,-0.2611219578099704,-0.9161637531031736,0.5271195915578544,0.1400278222258873,-0.6167104303538999,-1.6744761027049564,0
-3.938897313947201,-1.5494776370945191,-1.4807098413035409,1.5867312418711288,1.80791857582197,-0.42637340273794744,-0.9149066049405631,-0.3603015187600214,-0.15026209815530867,-0.7623596128028568,0
2.4152637560055865,0.3644107630837311,-0.7976069684078247,-2.5683560426488596,-1.4835619056624592,-0.4681990223465724,0.47469122448500445,-0.6926796792795997,0.23604135331864295,-1.489916956201713,0
0.7351160118695098,-0.11687000180413509,0.05430759271170138,0.816954936766858,-2.3570447396115046,-1.919359561837632,0.5043441746293211,-1.0316983197683316,-1.580099133706911,0.26325597327241734,0
0.09673879548050746,3.2782798922908967,-2.228412105475356,-2.623566658776321,0.9198943076961759,2.314077202385667,-2.678142385853146,0.05503581903054495,2.399979403721077,-1.10043872499931,1
0.6477039023210344,3.7763425458702304,-1.0224974963331848,-0.7587098758599471,0.10065058374733404,0.06968089954239431,1.0177929872040894,0.5478752369947015,3.6868671715274575,1.07916369448243,0
2.24329972402617,-0.3501178950615911,-1.1731362799418679,-2.9995811182445897,-0.6664781548247505,0.3425793579252159,1.2226252762759253,-1.2642339818443877,-0.8170064422057455,-1.6275414812615696,0
-1.8706572055985708,0.5552012348075352,-0.8891789827523345,0.7304714955311008,2.116637724845693,1.0541223090944012,2.4432025238474013,-0.3848004198303633,0.4907095075207555,1.0137759304419598,1
-2.0927763576080975,1.3376103044469243,-0.6290906159869989,0.5775279269227436,2.3340596469526185,1.6936791891295107,-1.014791688690731,-0.98550018358034,1.666647311767051,0.7148710703262131,1
-1.0399473784634439,-2.4470394268699023,-0.48101824984775954,-0.07037633091809886,1.6289699179136787,0.38081833085187977,0.5736437931365846,0.7762359884828354,-1.626732841205371,-0.4334772709416779,0
-1.7957713210503892,0.26363262205717064,-1.0089519524060169,-0.31056465496908403,2.595855432738955,1.8584382914020288,-1.2887418956196781,-1.1081871079384624,0.900947913763412,-0.07521006777046968,1
0.12656523733041136,0.3094702448212694,-1.0033508396667459,0.17422611171955682,-0.6554804337749989,-0.9963981469582033,0.19645108104365847,0.41196504454313526,-0.7639174893786591,0.5111790476029914,1
3.952702791088943,-2.32938407791054,-0.6546398310593997,-4.423514622123615,2.539002588675013,0.6295232364460848,-0.8160091652080175,0.017657445179986058,0.4040279568820542,-0.01374538441916262,1
-0.3370317076522841,1.4157346336913073,-2.0397150774761865,-1.009059612854909,1.703769020379469,0.794324166109624,-0.6963504511076755,0.9852892331110225,0.9981571041900776,0.7898686673452213,1
-1.6155294395507374,0.9311215887548816,-0.5060506819277795,-0.8854247182744542,2.2937813456249563,2.7905749560111706,0.7999035915011512,-0.30556379464283706,1.6817867763082237,-1.0261249805754669,1
0.7138176389607414,0.7832315487938486,1.2210492482078807,2.7033660343590302,-5.941959545113432,-2.444889940037495,0.9854318058692866,0.14973273450804908,-4.298506089609138,0.03863953033365597,0
1.1987285226998219,-3.10312340583689,-2.2325657744563694,-2.4307785133910227,4.769285416991847,-1.1263147244875593,1.4391165341989665,-0.6539007570945464,1.3185896665602985,1.7578808754887043,1
-0.8436962206734949,1.425394761135543,0.7524782087544128,2.1801333330361796,0.04728101661136169,0.16956596264670365,-0.9021809633681757,0.13582683457382178,-0.08307051399808518,2.220518269792936,1
2.351515777856899,1.649105632239286,-1.9382467092805844,-2.338001594242747,-0.6959905955555694,-1.0672674204873933,-0.7923692641806491,0.8681792730532202,1.2929406965243904,0.22236426211634397,0
-1.5582713969414401,1.9192613866039232,-1.4751542332514547,-0.850567537725669,2.2160733036253486,2.212781065684446,-1.4055840830774398,-0.982756692840834,2.0427541040554504,-0.24642734865431226,1
3.143052448920113,-1.1043075342906081,-1.8083593104014237,-2.228045346151119,-1.4032209105105116,-1.4336378541221466,0.07110385731734516,-0.005743595515917001,-3.230167713276404,0.24464690216316054,0
0.5879290434371115,-0.22551005656676426,-1.8517413858775573,-0.6614962794158603,1.2392622309004095,-1.196505766641701,-1.3233443321242262,0.18930106084759718,0.1116205466356085,1.536831171545665,1
-1.3184962594631673,1.4305712979852965,-1.497263137417213,-0.8881152258706105,2.3301013971367013,1.850554263102995,-0.844999909091625,0.44866470504401545,1.819267095947676,-0.03745009157526469,1
-1.1946042294560726,0.804597711095691,0.11327655164790063,0.9301664808836094,-0.5504380874562336,0.9901303116101545,-0.24711640090441678,-0.4652272763218353,-1.0243172292309837,-0.2765330838128993,0
0.5801880477520119,0.19615587853470928,-0.8370939313694692,-1.8539288446926516,-0.4002307230798542,-0.12900808108452855,-0.8857480618759175,-0.8559684519638542,1.3623972122846832,-1.927734723705154,0
-0.4601177926755535,0.6619683043317146,0.08573171322816786,0.06412923884394252,0.6622072452173653,1.3249283967230416,0.6805505378190821,1.7655926938255004,-0.02260499022509821,0.21134699171053106,1
-1.7000235830837949,-0.04055218729929333,-0.7464227654370628,1.5768726474386883,-1.3836181348562362,-1.675901592620244,0.8942408713199297,-0.499356832154739,-0.6822891378361035,-0.4664740044475312,0
1.7836420037721197,-0.6655573832408541,-0.9553059981567142,-3.498327241113018,-2.3545207200481046,-0.20671630678925945,0.3692484433509569,-0.9265237663409348,-0.053539841366164964,-4.473112343809522,0
2.288767559019505,-2.6794741062086653,-0.28831786421076044,-3.0778099411726276,3.750212110884587,0.867975921833233,0.1484419788441095,0.5765099527560802,0.8804340698011635,0.5639485014365766,1
-2.147181962067882,-4.301734509180539,-2.3714569027731045,-0.3390340803370351,3.9342283000715303,-1.4690898784984205,2.1140533253519385,0.1131674594287368,-0.31929541515981275,-0.07065718603382098,0
-1.9633262710807786,-1.2432177505289088,-0.2732664101180007,0.41438081178302183,3.7812102056379997,1.43127906904601,-0.4877780315085419,-0.26305633788955163,0.7986551131819213,0.9182872176277694,1
-0.15603072185438882,0.5802771053432592,0.6349062833397272,1.7299419964894702,-3.9143231372797693,-2.642248383667895,-0.31170421420774647,0.15085343680683233,-0.5746876679212063,-0.8638533801181286,0
0.7007655042274674,0.910302922534497,-0.8393924968390567,0.021753083801620887,0.4030086146995319,-1.0740785702164142,-1.3680479592177142,-0.676345992474177,0.9012706400653612,1.7883338258814483,1
-1.2757978347289685,-0.19319354614770257,0.0566664638850527,1.0144824830144739,-0.7348148078314373,-0.06969257141991003,1.590464272289736,0.5131552762184968,-0.967423399524906,-0.6631661225390841,0
0.2388328478056153,1.9450846506732304,0.7387681637357069,-0.2340965551784036,-2.3670531373639436,-0.3816665503115625,-0.9689620553135486,0.49166117485600924,2.2874764167243953,-1.8626758858429984,0
0.004656280871305096,-0.6969047246746276,-2.2693269915442733,-0.296624963197224,-0.34084337085014926,-2.758291117505613,0.953007957373568,0.8891901693541645,-0.11276533802920596,0.19947073026681772,1
2.142290100424481,-1.1838938540050759,-0.9858942260412601,-2.3775364981933023,0.9119894969349938,-0.08493959530862849,0.01088879723312497,-0.8990809356577203,-0.5047277671124015,0.03263652454834487,1
0.6148608505275632,3.5265512451433096,-4.805335459093969,-3.0747450579688715,2.1848667197610685,0.3543658579572595,-0.14837925849776917,0.29584505522381627,2.8344238768321848,1.13483031126133,1
1.7486032329546726,-1.4621188273738777,-0.9807306456910025,-1.5995683453713192,-1.97564190394549,-1.8503255765725672,-0.7491296329020056,-0.16045386311376184,-1.623907367047666,-1.5898876049725792,0
2.8205506425084668,-1.7571044205339432,-1.0199215411770686,-3.108620624487536,3.625542881837087,0.026867297879711538,-0.8435228108598902,1.071376009750154,1.446035234342303,1.6355925461309722,1
-0.11358705588217943,0.49887030029211754,-0.11729841921660944,1.6980862442519495,-3.919165491182901,-3.2038674046992686,0.11437976070263597,-0.0970718201485539,-1.0398070397753236,-0.4939274697470989,0
0.7911548365729164,3.536946390109868,-2.573481294052028,-1.7311342160126155,0.5837551004776622,0.5441562561468151,-1.0531725944877557,2.206012461671015,2.129055150287064,1.0136152781346126,1
4.020310484647278,-1.8301250937213183,0.4002371576720791,-4.2148838321345306,3.3349943798312305,2.3883471696388225,0.6256567614454964,-1.7869576644270717,0.298859160311741,0.641773757699426,1
-0.8882807333384495,1.1807870253732422,-1.1572063714189733,1.4455726064608967,-3.7133976241961753,-1.8627976230922187,-0.04242403458324075,-0.5141271781459458,-2.349203573511835,-0.839603518212904,1
-0.8498657875566547,3.1937749553725823,-3.0311285335959983,-1.4685297761127156,2.138523873833413,1.287197643188708,-1.874233998697129,0.6007274452881491,2.725705721788622,0.71573782891014,1
1.6606933458455266,0.19350599457384177,-0.3769738175762144,-1.0990520444328282,-2.4676346710562336,-0.8967137714735769,-0.11729637222989897,0.9094232964068631,-1.2393903862987727,-1.1981078720868843,0
0.5509571347742406,2.3396699076445286,-2.0521258260796884,-3.126406530462726,1.9282846710078732,2.178765619712615,-0.21868061522051468,-0.1687954115899974,2.953767684178082,-0.8820569216908134,1
-2.7062703484194515,0.09651159915635699,-3.6769131967038136,-3.4577379233629113,2.372482533958904,4.298021294427293,1.115706621760084,-0.741693998889114,-0.8250504005116256,-4.526762710057978,0
-1.1803145851910333,1.0606866947743505,-0.8415100716637209,-0.05411229706817822,-1.7393071036375236,0.7873839176100461,1.920061679566557,1.0508170608367033,-1.244242811129236,-2.0642930176972807,0
0.23268186678011604,1.2149607858898994,0.9558281105208528,0.8535498871987686,-0.44573553062429666,-0.3016919935493241,0.9756260594983872,-0.1863535461024663,1.345064346795332,0.9570210460078429,1
2.0285746169954075,-0.99397272767626,-1.309997492611779,-2.0349179763885177,1.5837120265717164,-1.4030815465859563,0.8297830079490026,-1.533864741794206,1.3590586176969226,0.9914931301250189,1
0.4904282879782651,-1.4129143295229247,0.6661413586817932,-0.7400205098588208,2.6440903666725433,0.8112294301773706,0.13077868197977363,-0.08238928755214436,1.1337939159554462,0.7921007518297243,1
-0.37589453469592016,1.214219506081979,-0.09081229178129546,1.3168198484218756,-1.058473516817744,-1.8261801063114946,-0.11894142123231492,-1.1184365037772128,1.3490280378259,0.909807156534058,1
3.9871435249363545,-2.9646393694354507,-2.2923151424224586,-5.017966729410727,3.9696419205433093,-0.05804818850740101,-0.5260759075166689,-2.55053622892236,0.2888756822350096,0.900406086837413,1
1.838852895894012,-2.278713433031736,-2.7704678852331295,-2.8668903574631517,0.996215458387246,-1.6468497227111298,2.0292973556024227,2.1319836495006173,-1.0706756809660392,-0.39537741502128565,1
0.2975537011220988,0.6479957717123058,0.7902680885450639,-0.02358900725140123,0.16012006562991626,1.181737645293886,-0.792644994180641,-0.03025137031157171,0.11210573910910793,0.2519569218618032,1
-2.692568602081304,0.47749241698281253,-0.9244391750331671,2.923920332158655,2.62442280167469,-0.46571004823878726,-1.9986215252539388,-1.3974893403607938,0.17547642659951723,3.598722839641904,1
-1.7198146716580252,-2.9990333585658284,-1.773042918510167,-1.1038386501572557,3.3019824816636483,-0.39429581035439465,0.9128281610861624,-1.5619665959451805,0.9503973410179642,-1.1542209237398482,0
4.191425620811793,-2.908923730966389,-1.981143764129445,-5.003310090566789,-1.3491168220607206,-0.7908062294939502,-0.532487096099794,0.9605613534832284,-3.0200889258870713,-2.902039697524466,0
1.180982975022716,-2.0212600492880965,-1.7582937351194783,-1.6347733505899056,-0.9009441108655422,-1.831784555137224,1.1051135432740902,0.24344071424013,-1.914839295312031,-1.249156021271224,0
0.7555177966378861,-2.6142583763605947,-0.6822006013365387,-1.4022597131300598,4.6919295895145865,-1.7492446519343443,-1.2135898903361118,0.054085412771513956,4.049758671805883,1.8502716714486933,1
-2.3963879591057435,-2.0063954700560007,-1.2577751571200355,0.040686830119811335,2.202820896785508,-0.6844683347496687,-0.2715319167223954,-2.507826036055067,1.2835901592249654,-1.1654899114347388,0
-1.7540500316810363,3.9440460750101263,-1.0809068243680566,1.8378170912298457,-2.6798302147208157,-3.4237680858920627,1.1366058865331667,-1.2082514507975155,4.969937364734298,-0.2690938804611317,0
0.056744827596930225,-2.41376871564752,-3.1221491097122502,-2.6262729212196665,1.035490165627619,-0.698924496666848,-1.7164841605989973,-0.6174963756639779,-1.4902204492092221,-2.0012497618269123,0
0.9807252353739322,-0.4000217789253039,-1.3108101516565656,-0.14874460059771943,-2.8648553089453315,-1.9158148679282414,-2.32141825861615,0.4921250509796739,-3.184440153713709,-0.54563108449124,0
-1.1407032765353555,-0.6177781308461732,-1.5396457086577218,0.2682352499685893,1.9579816596163895,0.25898943876721137,1.2534428230776133,-0.23886439117963779,-1.0387488767344086,1.1823512982835906,1
-1.7665217197305971,-0.253995787202254,0.9711339036433015,2.2798048911032973,1.6011955664287756,0.6152270959204982,-1.5614322596483823,1.7635193328176995,-0.20921832506475102,1.89392462319619,1
0.5379381274853623,-0.8659521060197973,0.9812954090829256,1.8530989162163376,-3.9582942323714714,-2.917467317982705,-1.4310974925837,-0.3830466776975072,-2.536270603212553,-0.32899760143643764,1
3.0019324991338108,-2.6022396459682824,-1.0533486563290526,-3.598180264650562,4.972561004390779,0.019650360590226734,1.1009609483626293,-1.5567608661172252,2.191322192939967,1.924204791096605,1
-1.6197489025043068,0.3914609404153917,-0.2607130536871811,0.20752782718142943,3.0028241736976797,1.525344616140608,0.4027827664450917,1.3143461137165238,2.009684101248127,0.8018850646761789,1
2.0011058390174616,-2.137449493628877,-2.754573071662674,-2.8845143768422745,4.718222653952311,-1.1006037981120067,0.028188283437192065,0.4342359392005308,1.4426038329775008,2.54824105788089,1
-0.898259826165603,-0.5831426922487666,-2.364559204547464,-1.741003562809289,0.7443821538173799,0.4442382945521428,0.8097366865220711,-0.81498688431011,-0.3758792217187772,-2.0154576511005837,0
-2.9657913551918713,-2.0020891544998602,0.027231578055394667,1.907296684151122,2.5928758969401797,1.0946067106810724,0.9491650626903592,0.2126699561701546,-1.6822347594675597,0.7455097751596979,1
0.0670884426354541,-0.246488688087094,-0.4684782544598799,-1.4467488480067703,-1.464474671565874,-0.5951636334823684,0.6884945499820935,-0.06033272242006658,1.0665071844427563,-3.0762095225462076,0
-1.340223420067666,2.2854530310930743,1.5076777924566485,1.5815057908015548,-3.2494432239379414,-1.0056353402742835,-0.2560537903952518,0.2847355570693363,2.809413546859938,-2.1456905684421925,0
0.059265858602288946,0.17607588139506491,2.6840794388585545,3.429111241642816,-3.716884580752552,-2.7860729521097998,0.35951888153323863,-0.44153532917022287,-0.6783447198286275,0.9092973932448978,0
0.919937855838803,-0.4034214348498808,-2.87925495911168,-2.7972604024135537,1.1920844342294576,-0.8174345759465682,-1.4084491406020445,-1.4820276818110107,1.0328537199105778,-0.8032799929016452,0
-3.1874087660371218,1.5087630695112213,0.25036798520852543,3.743302054207119,1.1884115664803836,0.2445761450656797,0.5664449867790268,2.2057826947481614,0.15667688396886337,2.7955910254502774,1
1.0125036532929181,-0.6852167006447707,0.681340073569207,-0.7748101788110247,1.3223518941175192,0.44433894994586964,-0.44587779064246214,1.1192727900621153,0.8928738445795629,0.5524575690542425,1
-0.7042146007017038,0.015156018857564235,-1.8550113888916822,-0.4193807909124313,3.731919213996048,0.10756961371632356,0.6418034518425058,0.33723891250097726,1.7719541059615684,2.2405952357589953,1
1.433534480502458,1.0501326528030452,-0.6402422929391004,-2.665916001788587,-1.8082645126348116,0.21384389354392197,-1.4867184699052318,1.1267236367786344,1.4052436271392366,-3.026151235787159,0
-1.4780918607093045,0.5837280152042423,-1.6064908277812848,0.13801745011918576,2.1131595374449597,0.7838486876657433,-1.9344330876171902,-0.36048522670720456,0.3575430830343007,0.9899174441429699,1
1.0503629728712953,-0.7157081316106324,1.1633428574892712,-0.8073561852134281,3.076470871813055,1.3850315131576574,-1.6090710084374933,1.275119748297601,1.7667355107786376,1.626563141859505,1
-1.241468320965085,0.7570954777107897,-2.8380097767420027,-1.123143723715708,3.140709183243181,0.9528945056280389,1.0965472662862232,-1.2153609826070058,1.2100308101372512,0.8414899551276326,1
-1.3522649141094423,-1.1896722140130263,0.1912057157770506,1.473088859912212,0.6761309734006349,0.5996607943809606,-1.2391718831138179,0.620483523927288,-2.523662986755625,0.772529028282045,1
-0.15108624697265816,0.5682921388663851,-1.8638356259291375,-1.6581452194989441,0.9558546187212111,-0.6051008658527268,0.8119989322167313,0.7954044732409332,2.6449708451578724,-0.9556607913978374,0
0.5452833274467255,2.828984202243406,-1.5139379358250356,-0.2753802357946723,-0.7718800010181469,0.17530518991073796,-2.505034589481522,-0.6415669035495328,-0.00846337866721436,1.1934727569119878,1
-1.0692306232897533,-2.5222249154006198,-1.8503144781549774,-0.47168162079201537,1.6078508633715218,-0.48096431574203624,1.320825750164865,-1.4724128355850763,-1.8878628349660045,-0.4130315444668955,0
-0.25969792189291896,0.34167479162572034,-1.96370467574094,-0.6897928866141512,-2.8556994879738298,-0.2939995770770313,0.4410856150007483,1.128446660369111,-3.300329688070655,-2.2739382039223877,0
-0.1962141041115807,2.0465703618727864,-0.8224204443723064,-0.015704154101858547,2.1011608850220873,0.38339833272360624,-0.12989461095120813,0.17544034458033667,2.8081560411049944,2.172504410191839,1
1.5452376814486413,2.2998261750224867,-1.263278920555857,-0.4313843159693017,-5.1677555824624175,-1.5368962691603918,1.5959752401492586,0.9392861602110463,-2.4950966125096374,-1.3733971935723774,0
0.7119013427928357,1.45321692851692,-0.725938700500919,-1.8118150278218734,-1.020138580848247,0.18046124695878918,-1.447606692275138,-0.9245128737489688,1.873848803026032,-1.921790885567574,0
-1.2424323889850548,1.617617808016949,-2.4835995102702917,1.8096798988490168,-3.2307139842987747,-3.868092465343237,-0.028974244550251695,1.2713885569586938,-0.6615027912868829,0.2747001906832425,1
0.6849666449792349,3.5284278391017927,-0.0726385066590578,-0.760857564385588,-2.1254716123304602,0.05555428280752528,1.6223581587633655,-0.21709806232667525,2.9193248770222895,-1.095876101265996,0
0.26276698181575875,0.5213958282903479,-2.461106096747525,-2.0733384281005582,-1.9189428457483002,1.8854505224708773,-0.045043534333108835,0.19023153425669853,-4.5515713000923075,-2.5227106413253084,0
0.2805429560724837,-0.2077538438045643,0.4455554145604417,0.1616975938663605,0.3383795973395418,-1.0737252029856676,-0.8799699395302623,0.8058800890068776,1.7846491486532639,0.43441936367704037,1
0.009930259235152561,2.982892856537714,0.12945503738301367,0.3316247306971642,-0.6763769030969612,-0.10398761279370816,-1.0939892059513625,-0.13750874443077665,2.94817917054238,0.5466558926705773,0
-3.0203264597290875,0.812012813158693,1.5367201459572524,3.6488269043167785,-0.23409287487776975,-0.23686077649505644,1.1836688741983097,0.020560153849150973,0.812941390414604,0.881704745363795,1
0.6143582056116813,0.6317229289547304,-2.2308727940118933,-1.1620756591059314,-0.27711786334541255,-1.7840914856439807,0.3085902189498734,-0.2810782435201214,1.008523660345864,0.021675162168603546,0
0.26724295074909055,-1.3165743754337154,-0.31223668518547676,-0.027116690820694372,-2.2841765017022713,-1.8154527226046508,-0.10073426293003278,-0.1344626555203447,-1.6986562989930922,-1.6204230575755647,0
-1.8394964758157069,0.41920826337646644,-0.33064260221922737,2.424163925695802,1.6972374146875886,-0.23804309242804056,1.1233025311138565,1.1379766126058337,-0.2502868331071215,2.9075991691704424,1
0.11288707350067917,2.3355463866923363,-1.7332473747301385,-1.438215302018324,-0.6591496036800308,-1.1130400193274725,1.420999164216819,-0.8451981140855563,3.7263603842659774,-1.2188079513989298,0
0.7199611848164542,1.7295205642513396,-1.010190252136268,-1.7453796480786117,1.8201043476533776,1.248013168639698,-0.00839801733434336,0.14433733724970335,2.515864711208954,0.5823159558883864,1
-1.3072484726812648,1.8629290151219124,0.11531533544522832,2.387750700448549,-3.151516393020351,-1.5997256394815205,-1.3167692510055098,0.5994875235681804,-0.49666582354548106,-0.08884694245714209,1
0.7026646788210383,-3.578500817205129,-3.053903052637318,-2.381858286589876,5.792638802755276,-1.6985307721700638,1.508473240120409,0.012246940973342467,1.687963285728276,2.262881454931459,1
-0.15990919072447363,-1.6156296621521262,-0.14615839009890164,-0.04943572311695403,-0.18090859522210306,0.5034717016240158,0.10026196086219899,-0.011316583385804865,-2.9439934907416268,-0.5906833629387129,0
-2.824081414870788,0.2248359337004615,-2.5766642015927186,-2.3680356806894935,3.0869145715961324,1.3110995044874603,-0.674875359916566,-0.7652741332862671,4.553864292930436,-3.414209330276179,0
-4.538268758079015,-3.411991639293713,-2.4265799677292614,-0.40388086253830324,5.772160373316195,0.341726293571742,-0.7716864582828956,-0.640112765772352,2.6204811940279376,-1.523288940328802,0
0.602267943181207,0.549633592251859,-0.7428361844858777,-2.39149536637241,1.283370848330571,2.1195192149553788,-0.15090006972249295,0.9151563375047472,0.9431431295361409,-1.2657441905221205,1
-1.0231167672265062,3.090202794582929,0.7727559067699434,2.023509184855299,-3.7747160933121098,-2.1539229102436277,-0.2175327783733332,-1.3013252840248468,2.7457788436288864,-0.9530826809754457,0
-2.2824082108898325,0.6443595706397628,-2.5244335711978074,0.2750399638905441,2.264411249089843,0.8402429302589297,0.6355772034557065,-1.5058193993407651,-0.2772260423700259,0.8400688979021448,1
0.0019031683588247583,-2.8511556547489185,-0.3363464216905774,-0.8980725986755963,4.2005009766768335,-1.5951705133240996,-0.809554515797692,-2.2322817104157613,3.6522273291526175,1.0797076150318605,1
0.994180959268189,0.4123820807802001,-1.3039884788075673,-1.2061773386444952,-1.4673948437931603,-0.3492669542113085,1.6777885630885263,0.6401846447565608,-1.416360374505231,-0.8501773909662967,0
1.927225022784116,-2.9127300187969825,-0.34338614217840213,-2.7979851670134774,4.499946636400093,0.40496273296479246,0.07363692201720405,0.34540698843914275,1.814560368306973,1.012199181303116,1
0.32116720466869597,2.321108686820031,-0.15447430097303272,-0.4353700048950362,-1.8335659447482742,-0.6536605644178569,0.010197682007116406,-2.496829991220924,2.4636750074549947,-1.1127644723808752,0
0.3232497938287564,3.659262602585263,-2.4668974664115666,-1.005876077962641,1.9834180910550459,0.11743127514770835,1.2924069009115537,-0.040591836261898245,3.627998786805088,2.4704197731849034,1
-1.7655030551722004,1.9759709793058209,-1.6833304103929807,0.7609503595412519,1.7330604510540595,0.6816511449385179,-0.7669616067820413,-1.582958077214753,1.0471284983033908,1.632242624619121,1
-1.097154162814165,1.960927298606401,-2.9725651834380296,-1.0348922778115277,4.460210634369252,0.4521991007175554,-0.06303242403529276,0.13953746908303924,4.131658260832216,2.379468476484184,1
-1.8149927304563676,3.1081143112076344,2.1216623467880558,3.65672896926446,-3.9696819233161538,-1.8554991140337378,0.15303459706762285,-0.06751400752828958,2.358710357265499,-0.3170759104384381,0
-1.1485086574259582,-0.2774470743587609,-0.04194295979883966,1.1538954824940701,0.062097995443646914,-1.0866217332668255,0.35321677280416497,0.5749566828332526,0.6347307629512944,0.22322453191960723,1
-0.3244623124954784,1.7690917562956818,-0.0528299906493237,-0.41655052649247465,1.1854903111963195,1.6258878627179136,-0.962623277607578,-1.3774366498828958,1.8625388789191002,0.3436474410691548,1
-1.1449902734456474,-0.6242019857271286,-1.8105102827044668,-0.5779810131553282,0.0458052539336089,-0.25683463021738473,0.9145032173518324,-0.3608171821336399,-0.8635373881031243,-1.4272638920180678,0
-0.39826853760827374,-1.8860430249743023,-2.3332392071042536,-0.40918323985100313,3.1480102451819985,-2.4972531368181166,-1.5210979022372757,-0.8174096116063831,1.6770603279797427,1.8496023300043398,1
-0.1514461562103092,1.2504377191089047,-2.595425720303587,-1.8327208538111117,1.3281332719903751,1.1915174017702574,0.5777866306318398,-0.5754934350928114,0.19368554174243313,-0.19238463662968153,1
0.8622928838376207,3.278049842584698,-2.3530081705990824,-3.656740207285724,1.9059006694002159,2.3770327564215448,0.02422586106046795,0.8366533718459545,3.905272352835414,-0.942558871948304,1
-0.4253280527171762,1.8970972320972643,-1.0114559360006254,-0.6460256607276369,1.5818708264463819,1.2866996164602003,0.5421789741016444,-0.06039792499073846,1.8740873256801234,0.6964650573013336,1
1.9238971078435725,-0.6900408150182475,-0.3555864154330146,0.15360135540164016,-5.0349882748940376,-4.3229374985827915,-1.7494631683311064,0.9159352471487495,-1.9191848037531472,-1.3109393764101116,0
-1.4750994672300768,1.5502522998155788,-1.9752792268222104,0.6970317508118775,2.0131513540700636,0.17908282003392895,1.93319422151764,1.0956043372287483,0.812757805568959,2.1421053056286885,1
0.3148118664128132,0.13977365472869785,0.9854684402901162,2.634829847416091,-4.1124615848315615,-3.530639226865126,0.4056895270580885,2.1564741676081867,-1.582096516530743,0.6270456469027081,0
-0.8003349856235784,-0.11711058059616697,-0.8118429083842962,-1.4637766519023854,2.896731845222278,2.1244754550927007,0.47850447415085934,1.6683111195645148,1.4590501411726517,-0.5467788531083193,1
-2.4527807066552167,0.5712427364353386,0.06688718999901289,3.2655847523590857,2.0751740552400415,-0.3594429277890425,0.8382239563899374,0.41288664338134845,0.34874105339540873,3.489561385177615,1
2.7241366932152533,-1.9273954377014317,-3.0082404235551508,-3.4872020501822094,2.3706654716132882,-1.2804459496577547,-0.9041313739919301,-0.6014424611430855,-0.318550677869196,1.0154960831386053,1
1.623051311337976,-0.05095313402505197,-1.1254734784509686,-2.661383148290996,-1.8279545642146235,-0.7833840514894788,-1.4250119834223507,0.5991321013748925,0.49262326332287865,-2.828630720062984,0
0.04736028650385116,-0.47042988912345773,-1.3051214719707978,0.26537379169347275,-1.716494429138753,-2.5883191532320504,0.9561734355606442,1.6447816462163891,-0.8062302984333074,-0.3643838445232176,0
-0.9657704133931917,-0.811972220801066,-0.3942298263437094,0.7766941162844585,2.856177230529653,-1.0216030167444667,0.7865706433899993,1.2419075306547247,2.227486969976318,1.9919054674366434,1
-0.47037240226739474,0.5909875845332948,0.04265189590788765,1.0377106549329849,-0.3143392521296972,-0.7293731198664509,-0.6755520406248401,-0.5956862261097823,0.3673429612404401,0.8056071832872871,1
0.9512512563838347,1.5297028193865994,1.2499732346773005,0.5976485540887062,-0.4644150970374018,-1.653527209154543,0.34581519415153167,1.4384562381626407,3.8739065194368956,1.2061589652214875,1
4.755430207553666,-2.939119763827975,-1.167927015908222,-5.396467694246467,3.9220852775723545,-0.38847235823704185,-1.8358166328024461,0.9202154051909595,2.366176936843501,0.5632988054045022,1
0.5682709457199892,-1.8785092772482341,-1.081300875661269,-1.2645602946917585,3.636544730436882,-0.2074411911402274,1.0584674455595386,0.9292832177172525,0.9953005160365204,1.618127749861329,1
-1.4740320185600675,1.3767838516101456,0.6786553692213053,2.4050369279124895,0.6907389861886015,0.4222977278991642,0.054777766987373216,-0.30449145407532596,0.2858714871566449,2.286315143427652,1
0.3146609142316994,2.675488511743422,-0.4775721374686541,-0.09010533008759175,-1.5762315711242214,-1.1550768898530746,-0.7485632200938773,0.11566101761041994,2.772746088791527,-0.18739592926428494,0
2.3556135487903465,-1.0978335902513556,-0.9574378878479151,-1.4013159829587303,-3.667261969404546,-2.7998831614263326,1.0281623114694713,0.8977470476246219,-2.2700770987075516,-1.7621330035570701,0
0.16971516217461602,2.1154034435148628,0.4605110755948365,1.3184312131430134,-2.4572905432247723,-1.606161254580071,1.5993921367192492,0.7476301789743467,1.1359583185247502,0.4829238052028767,1
-0.09966003146962765,-1.3014230756214185,1.7272989007071669,1.9924736609526168,-2.9817142184868457,-3.2567674461739946,0.9148105363496998,-0.5740223439496666,0.053921557905347806,-0.7963399435254015,0
-0.9723868039378523,0.2565487701914688,-1.1180928240131611,-0.9900102154311539,3.7792732658625754,1.457507533105237,-0.3968801448777876,0.33884709644161004,2.6037639355674456,0.7926901954391579,1
0.04685415433840767,1.532504390296154,-0.31512324204885644,0.8671493177362901,-2.2113433081874114,-2.051687003465969,-0.04839905062857898,-0.8544665062670321,1.0008585960408174,0.08971149461060346,0
2.407217332642672,-2.840109286393555,0.6257370721014621,-3.0983040533345565,4.334693101970194,1.6530168632588427,-1.8870935241978417,-0.12054466785068123,1.3715222352225644,0.6180576859436397,1
2.8156146320896527,0.22181438739659942,-1.9564067231362168,-3.978980441016291,-0.6873640110966104,0.08711933115303183,0.05687195028576429,1.2863008855219549,0.07296448115695653,-1.8911375377646829,0
-0.21974093507334092,-0.5463413296452941,-0.1352783320763553,-0.9298067586328799,0.8300071163054521,1.7895704335956808,1.8981170158185048,2.764348516117136,-0.9849013025079874,-0.9733268184801025,1
1.4353117138937113,-0.2968139210170424,-0.5075641891933751,-2.2521471291788915,-1.624309643536999,-0.2386479683909506,-1.5195133382410844,-0.16131272277353803,0.021969469764542726,-2.6371085900655706,0
1.1200142167802491,0.09520563941970961,0.5613823240744058,-0.5333324144221914,0.04988338585818969,-0.20069356886917755,-0.1546953388016661,0.5820807445552683,0.9807476591544211,0.30685275071519136,1
0.0009534347990748371,-1.282471564680068,-3.3732377170732333,-0.8012774692698972,-0.44606171913301096,-3.0153809794232633,0.7579867595478953,-1.0976697749222168,-1.4410646195465402,-0.1612862570037954,1
1.192604822421669,1.7667198908710349,0.16283731540982016,-1.4851314653738394,-2.3438453119051994,-0.03669768406215468,0.9540434114633092,-1.3018738518727866,1.6985475173920723,-2.233372564626296,0
-0.11436817285525847,-0.05054430910872265,-1.5915246561389236,-2.247685429416454,-0.42609128348482705,1.3505115024798031,0.08783013059273874,-0.42401293125215883,-0.9238152845147869,-2.8964424737862617,0
-0.5081855047349881,-0.396018298741733,-3.455118467540458,-3.3496369663316266,1.360512397587891,1.7174804329648317,-1.6428105807866191,-1.912748205851388,-0.9056041239671733,-2.766135005617965,0
-1.9609686468650231,1.0499663981666036,-2.340674091421957,2.321781720484942,-1.236035291166736,-3.6629324773265757,0.6827036310893113,-1.1259149070880428,0.2689048072541811,1.414709736826348,1
-1.255845612633429,-2.37993697877297,1.5004498149069838,2.698011804529566,-0.2993464357233758,-2.1947979760759893,0.2484532629527643,-0.8523316114341521,-0.7896324865054081,0.792364149749935,0
-0.2511358503124299,-2.323909303979025,-3.9993809340102677,-1.1722955318049846,1.6241358194612416,-3.011686618399695,0.8762458637057208,-0.5328453764695744,-0.96779339302608,0.5900759549850204,1
0.8611359127736875,-1.0120818985776947,0.295812782363321,0.7539512485599714,-2.1093741282342418,-2.336981923027934,0.7774101157576864,0.649538639491568,-1.4992673627391078,0.13862202200691098,0
-0.9573350074487588,1.1062558682568382,-1.4006678923261078,0.1516526833071693,1.2032681338293356,0.687802366687045,-0.6283005441665047,-0.19116852856723568,0.030813271352300164,0.9976824207073682,1
-0.49522900916485735,1.4270280937740538,-2.5304895503409988,-3.214723271360226,3.1338011340056156,2.620043169236511,0.025659849098721006,-1.7772134575808027,2.8507641993897685,-1.3486549919866309,1
-1.0128197814078936,2.6152114189625997,0.5583953761886284,2.9323329535180136,0.3285687486214708,-0.4788970479880046,-0.27230575099041127,0.07443523050906185,1.210778889604317,3.664064943261738,1
-1.1892420445706149,0.2384161156317992,0.21748926390979761,1.533637248639443,-0.39823586043422765,-0.5107009875523197,-1.5826596719743449,1.7073811047544476,-0.22070378844723737,0.44664338047094065,1
0.48092560439544463,-1.4578936632013986,-0.4135594026673659,-0.8388492619344694,0.8933552479173822,-1.2713080380114703,-0.32547597587649235,-1.2309981875052616,1.154127769022354,-0.23572103204794836,1
-0.5283359215578212,2.6647569225251533,-0.4477188182739993,0.17034718782644315,1.696648513989484,0.9560328033097522,-1.0788509613285897,3.1323261508084617,3.0338388386765396,1.7074539036110081,1
-1.719948582541564,2.1443992290522793,1.5992027654338594,3.1366743288400176,-3.795621661552404,-2.0403420947785884,-0.4866953488295139,0.09330993806096685,1.5438958925726283,-0.7856312899006908,0
1.6435975512882561,0.7646864267112885,0.19557272344075471,-0.22338862571302082,-4.438256290142941,-0.8124283618623851,-0.8353619466176428,1.6943254502691631,-3.026369877076844,-1.4842161395277202,0
2.2541964812662254,1.4628461570006461,-1.892220259632185,-3.257122353987847,0.5271188992238809,0.49377822561515017,0.05155221743276316,-0.6174863110800096,1.5950326475870673,-0.3549244827644691,0
1.3177227159135054,0.12891547990487873,0.018020832732890346,0.06795545590576399,-2.5560740892354827,-1.6162386624766985,-0.26434941886376495,0.5195304325159551,-1.3335292550007622,-0.20022315864028128,0
-0.9653340967367459,2.7843637227548936,0.6152804494035575,1.8356203937132458,-4.22544614788346,-2.5846103943498924,-0.1715091588912414,-1.172206617855613,2.6309283161039803,-1.5130019166311377,0
-0.008460837585797631,0.5928191885493062,-1.34126757209098,-1.56098031417031,1.7360777437686705,1.4196141852038213,-0.8658692669178103,-0.6523979190095824,0.7520530546634663,-0.13745225534591987,1
-1.212704612631382,2.1781015069004583,3.6310721503503576,3.007846521478306,-0.5742252826708754,1.3997406701577537,-0.6975136126792172,0.7972624384188448,2.0823790643678564,1.1698032993762202,1
0.4390831661671746,-0.4006501678911094,-0.45510454620850327,-0.20231466712045565,2.402419144961949,-0.8846819191080567,-0.7267437429665786,0.12674486615081526,2.079528809705234,2.073667836257491,1
-1.9611794599443044,0.3330277832117623,-0.7319483037097729,2.0667687589274646,0.543448894950566,-1.4232161078524843,-1.248688327662228,-1.3293212819150324,0.5793257975578744,1.4477611402697625,1
3.6393164574792376,-4.129061923741045,-2.92666997421838,-5.30502382316402,5.538239945918083,-0.42840177517552114,-0.8597166853631285,0.7248006775508257,0.68800162745742,1.2374747151433434,1
0.19062964191489074,-1.1012271944959937,-0.7170599371552159,0.3946343515428966,-1.6957593101456154,-2.3498390429306633,-1.9251518126262714,-0.15954527988460382,-1.405997281607795,-0.40938064327716694,0
0.12334234251284171,-0.7625106939420543,-0.8952134326144219,-0.7307055793782209,-1.7776812570075355,-0.9267534182525701,0.35181958987936196,-0.503558125412706,-1.4176098951821934,-1.9905793968727548,0
-1.9719460345996986,3.8238950460747287,1.8220158009464393,3.421014182518459,-3.543715635972256,-1.8362829969512413,-1.0978762882546842,0.14292212568995877,3.747653332412458,-0.2608774538255073,0
-1.1971246168516245,-0.24443659285174568,-3.0460792033767503,-2.467483772698829,0.3502911419568022,0.6873687537959083,1.1886187158289152,-0.6563923876025392,-0.10497834020072738,-3.3263672434597016,0
-0.012545524595324542,-0.7878535356598602,0.2928327786439373,-0.08428527518769585,1.5850646318736292,0.11369412582520644,0.91724892205307,-0.4335768168619258,0.8824388508890784,0.6768814413543977,1
-1.2906580703488024,1.3034199048020105,-1.083108801018625,0.6406924594693787,1.68153944149249,0.6859523524855747,0.6711919917271997,-0.6379153384090112,0.7547392939936348,1.5298654065005537,1
2.0245297113586798,0.8033296907472038,-1.5708038143393377,-2.6044213152953235,-0.6898374885078333,-0.32344945475544984,-0.36350024436550565,-0.09735099429059582,0.5598774523146932,-0.9161716606234366,0
-0.2442561787607942,-0.7957759305142047,-2.269190257739248,-2.030389495985011,0.0855237775379476,0.4300949142129187,-0.09327458381690193,-1.334509072112128,-1.335812406086283,-2.2009261523671713,0
-2.3556683671177554,-1.5930088661066892,1.2392760913771608,3.3499016418707064,2.095461974044582,-0.035499426618861074,0.2249441505370227,1.0654156302032325,-1.239435388408931,2.67329340642842,1
4.4212771694394055,-0.7903597009484375,-1.9364650641061734,-5.048148844612631,-0.7272054475488927,0.6583321722777558,1.2522799455158922,-0.11382781446239938,-2.136462294634682,-1.6744381867844809,0
-1.3041233820888825,-2.267213651438139,0.09853914953013265,2.1477573840251445,-1.1276384549415979,-3.4686923723941225,0.24872985329914998,-0.33625695395822275,-0.6566006782599939,-0.016585677781987718,0
-1.2796949087583611,-0.6413121426214472,-1.3675692251649652,-0.8677915476188187,4.009459815809047,1.3930670528724354,-0.9763517510582618,0.2930501888184419,1.5161536114395338,0.7176394599746603,1
0.5299382199373841,1.5600998403567137,0.012122649994582568,0.39273093352291555,-4.273317398894026,-0.5452349580910537,-0.9061128730223914,0.9858992329492445,-2.326334982324265,-1.5394009333645462,0
-2.045182790965529,-2.125994834588374,0.9232293338333708,1.8982117649792891,2.339633105606633,0.8840849950031493,0.9048221191193951,0.0487973783806294,-1.3910032264335608,1.1561332930214425,1
1.2452808357602914,-0.8822785903168524,-3.649228085969281,-1.9069491834353312,1.4731977252605588,-0.567472122797898,-0.3119019735192496,1.1592031914699048,-2.977374355589536,1.6075337089216832,1
1.8790871671667166,1.7086854323952112,-1.4438004171463923,-3.060737818646593,0.11051123929867357,0.6694709029107218,-0.1069827719544813,-1.4832689904484448,2.103453946965987,-1.0294657383169672,0
-0.5612247355692468,-1.0932684419024061,-2.847789329731864,-1.219600315852853,-1.0533162208740197,-1.8664879784939976,-0.8338986850667802,0.8460716299146366,-1.2087584628387495,-2.1282830070153906,0
-1.8448151266398014,-3.4937671535318007,-3.7274160722844547,-1.8777071304943114,2.754611802334406,-1.1669110691407298,0.9605315728124378,2.285148572217705,-0.6154320557843775,-1.9465452079247245,0
0.43808856192888745,0.02767241975791257,-1.1920536919931823,-0.1277655094632626,1.2569838228740502,-2.207281104464048,1.5150263841047142,0.14556948043974274,2.305059231008074,1.7394879188146746,1
-1.9764772462958797,-2.6236769122551076,0.12143692817474627,3.064849701648863,-0.0034722691100667197,-3.1011554670291392,0.04694011623767159,0.12804424301252007,-1.4689923174967883,1.322393589539594,0
0.5320329068083359,1.7853104392000665,0.004658276164505981,-0.8101210009829064,-2.0094301544124638,-0.40307934372695575,-0.18821758401900646,-1.9988375325992198,1.9179618544175108,-1.7282454149467559,0
0.8638469296490817,1.3383570679483978,-1.0027156269549742,-1.9057752975133577,-1.5442555585045783,-1.0635537887151658,-0.434073821759407,-1.3844356039063366,2.7102842587774445,-2.2474315904129103,0
-1.9761435094435396,-0.4412127842555522,-1.5602856998724688,1.2002635584458838,1.7242072184112462,0.19118692692910644,0.7422752332070148,-0.23606982961503353,-1.6106110269325158,1.4383584984794628,1
-1.7685759313928529,-3.1833740932146917,0.9899126774804494,2.6165121284925585,-0.5268717031779253,-3.8268834051120497,-0.67456655725155,0.48837111224735724,0.4463763395919145,-0.19786444248598445,0
-0.40005423396292694,0.25085995448708953,-1.9150326682336436,-0.6309661386063814,-1.3129101405902492,-0.9445917719915525,0.9785597287892571,-0.9745311014618905,-0.8916839466366605,-1.3699250100505844,0
-2.1830478193074203,0.26647626313198514,0.6919242298934865,1.1808358759874595,3.053369504045018,1.7693803781704156,-0.3350882992233443,-1.2734890162346568,2.0084181301996105,1.0752826062227403,1
1.806599986534617,-1.0883855885836646,-0.5555140561651846,-2.683122439301252,-1.9548177461988998,-0.5660610205318208,-0.38553909741226045,0.6134432666501503,-0.5289523065251802,-3.236981818540238,0
-0.3028595390171587,1.6679764019693233,0.12310404651944662,0.27275431258325156,-1.2871424262220825,-0.4286643561493476,-0.39058231264857,0.437498296408455,1.7135777930364,-0.6817116388029674,0
0.44893562001991616,3.4045838540529436,-2.2651101318238043,-1.3746322937560174,1.063388999775743,0.6501027293051543,-0.2748334065482569,-1.0786692760638916,2.5046511235543054,1.2796053445892093,1
-1.4812473897121983,-1.0565227455102766,-0.8080386900629464,1.334631220135755,-0.789013273828415,-2.4478096141451373,-2.6579632604532417,0.676047378169482,-0.18446771113025073,-0.38573896640884353,0
0.883164582271451,2.147763676683315,-1.4979640549007436,-0.3414017438631336,-1.9602790865255715,-2.0072926938954487,0.6115216692398487,-0.002981399838699799,1.1630507960558298,0.2825393447664204,0
-0.07842153611904923,2.908772069379486,-1.7363916031805067,-0.7133247878052502,0.348998566123389,-0.8482966167646313,0.9677788616649623,-0.28748416990487213,3.8647069846378352,0.543340641146411,0
-2.888538903347565,1.4289101368250132,1.1385337230168648,3.671443586668217,-3.876731824880323,-3.3859248993112425,0.6071510407793064,-1.605325281353718,2.353300699187616,-1.5297519786972462,0
-1.2213048334641339,2.252550031718813,1.3665984977728587,3.261005820697495,-4.308798430240162,0.24600545129650198,0.7855486691364012,-0.3486325207623062,-3.5191965008395774,0.09692195709572582,0
0.6100934693524627,-0.19861364963971684,-2.048202002171687,-0.5593639311715128,-2.741156390827183,-2.3990610909135275,-0.5180006827421124,0.7068509856776927,-2.080347328563761,-1.1548226674310154,0
4.76870685300943,-2.508081452853006,-0.28054685567314674,-5.080989713239342,4.987653017328371,1.0446368831880144,-0.7180529119443911,0.16187082877908168,2.516853017596631,1.5606059897930213,1
-2.2683769212791915,0.1855204954002604,-0.39070275897732265,2.0409633159822556,1.860263756362483,0.3749333788149053,-1.1656700856318827,-0.02229512125372992,-0.22609892298707912,1.9278754089491474,1
-1.2794782069420378,-0.7763099511690196,-2.4658456043945436,0.7330439235720125,0.6308613938856262,-2.878072513156627,0.8043143414202529,0.3516188365547248,0.2319080231798396,0.9468230074144763,1
-0.6955643299813902,-2.8798538245927503,-3.845389853621071,-3.772972286836798,3.677794085655568,-0.5124559699212325,-0.2622071244464994,0.07637558870256657,1.8000114950200525,-2.508826991867122,0
3.037368758392424,-1.3413721381939534,-4.916368839467412,-6.740152214646455,2.891192694872806,0.22482159583655248,-0.05189738682101813,-1.2368931875707139,0.9463881851556277,-1.8935786352528996,0
-1.3498543368204443,0.2108442356269341,-1.6086446508009353,1.2358318870045,2.0160573876262156,-0.4896570007488683,0.003184849504858575,0.7698539577714733,-0.38419920151949505,2.5945940517250023,1
1.8026155196347227,-0.07509503504805293,-2.727412330196952,-1.7172459466045533,-0.25367088123607373,-2.1144832677222647,2.6084654482798135,1.5507986150556912,-0.6262658497607971,0.8192910148587635,1
1.444480618688289,1.7027117182373472,-1.3451337178909504,-2.4891716754973308,0.1419968660729587,0.477878450842963,0.6221409737006393,-1.357824006633294,2.0811910654878214,-0.7515763766167018,0
2.7728850580293187,-0.9586148353122703,0.757302720100592,-2.318300951276984,3.7134749692985225,0.08661928319753387,-0.8583875339011758,-0.3044852815097398,3.9806334335089315,1.9858535436525064,1
-0.8894641033862716,-0.8717507865412575,-1.9120410877946075,0.18907925608993548,-0.7651267715424797,-0.4382281261776879,-1.151519356874433,0.379924178291707,-3.487357885420704,-0.4867476169217747,0
0.671126198349911,-1.2516941639797363,-2.2660897279829886,-0.5896524109413949,-2.624735345252576,-3.910337907819337,0.08421658894644239,-0.4547338869574728,-1.3603674942658175,-1.2862449620841971,0
0.22872337261499864,-0.38614022468918385,-1.9245066713449401,-1.8811700196924004,-1.959702083542101,-2.019998725862342,1.4097448071981633,0.9572630761791636,0.8529017425685435,-3.2268810926511757,0
0.7436811787309245,3.3851535248337785,-5.379849113121172,-4.240111875112146,3.285035469165874,0.8791546887314002,1.7794485922701138,1.285904920665289,3.835629463672732,0.6367804348144711,1
-1.4748974664839247,-0.43074057329641446,-0.8748459804134144,1.2309458497357164,3.130308228225884,-0.20193097934541004,-1.8598151761373272,0.6755096754925167,0.7111486290226,2.6976881469267777,1
-0.28960541304040066,1.1682860748813813,1.808078629215272,1.722523448202568,-4.354848904082954,-1.8750482149202972,-1.8660176735444909,-0.5669879138426778,0.6908890568520105,-1.8613390741668874,0
0.9976919994847253,2.1414212926196603,-3.0790538068170594,-1.993565752694843,-3.6382091213031993,0.3281874777517042,-0.0727075627362879,-0.5891604389306629,-3.679894120140446,-2.17404440921622,0
1.2471830529264964,-0.4299294510668086,1.4130312613589178,-0.633238356848941,1.2373362384244202,-0.4708649196534954,-0.4686076211690107,0.12551304311028644,3.204295749818894,0.5299402066484058,1
1.529091694933474,1.3377933894287464,-2.089829913102019,-1.9220074428590508,-0.25423506459226064,-0.7869306039576156,0.05515455734158626,-0.4322833291299641,0.8691146981109044,0.19224314603553916,0
0.8047345902944709,1.5507657434413211,-1.8043976641511974,-2.3884956226287466,-1.031688648253509,-0.9375981776483612,-1.6095021238917289,-1.941418066886643,2.878195141169952,-2.1794041612019632,0
-2.392025068775263,-0.7706451719073169,-0.8532074654449968,0.806700246661842,3.1290485679718167,1.1919851620402866,0.6114134689150991,0.24724706637930446,0.05679165169080358,0.9223596668546474,1
3.613075370616082,-3.7200657659314107,-1.680634357510423,-4.7493304702954,5.261057663441919,-0.6842834113019638,0.7748906311517684,0.7771623859264323,2.4188764809820156,1.1876770142823396,1
1.785595312512165,0.7424400332955059,-1.2042910615096005,-3.3204052449553805,-1.2090572779171467,0.02175357545029266,-0.4261719075656856,-0.1719949854318929,1.6736890305788361,-2.914098582374658,0
-1.2838732277113685,-1.5968744171545959,-2.019271807005757,-2.0556623897636968,2.571089001445953,0.3310324207022397,0.6801006833429298,1.4006565745681998,1.7450553014962225,-2.108452026690448,0
-1.7978487293121743,0.8767057040997063,-1.0574121599325519,-0.6464796309727183,2.8472083567447775,2.2092809729405776,-0.3727103046197492,-0.0407260787451847,1.893593617206493,-0.23504269014338153,1
0.3176895312781971,2.322395921180437,-2.100804878437808,-1.3169790654191038,0.9154580983273266,-0.689016647434104,0.5930234772130807,0.9430970369215944,3.3880937745229023,0.6337475073064036,0
-2.90844832402073,-0.7606136971746709,-0.43913505161764643,0.8991091225417371,3.3612870822520824,1.838562444214991,1.3669006900172929,0.2676836945338513,0.4230424251909567,0.3961140040474639,1
0.002324759082465988,-1.2724957112604456,-2.7576171687033835,-0.6403382161961451,1.4036122921673513,-2.82909916905015,0.23894455464199435,-1.8573869058881267,0.6462351754662053,1.082999054300991,1
-1.4843909244020834,-0.34172434936306395,-0.603899299139155,0.41705170777820694,-0.6354987869658411,-0.5972861169441823,0.0936710323402001,0.655717221071599,0.0028038418364078055,-1.4938038660988955,0
2.276672833901689,0.4679673995481456,-1.8673243742621033,-3.869681645016316,-1.0911683058492825,-0.32978365259974163,1.7635375024423534,0.38172664678788615,1.2786211059643708,-2.7567533393067922,0
-0.40396097998709957,1.0032403953858933,-0.35227253736459996,-0.029458436537721344,-1.7181468612275905,-1.3867924810420467,-1.6770945584721653,-1.3272102744065042,1.856002479025845,-1.5524453317223148,0
-0.7361823422950722,-1.0349099920435982,-1.4747278263170738,0.33680479123072693,-1.894560389858054,-0.6879701046037843,-0.6544766723036888,0.6725496745679364,-4.057050088927179,-1.191118775743484,0
2.5471640514084544,1.2378890235897937,-2.233468815010241,-3.583131243709724,-1.0801083727684873,-0.6041587553440084,0.4324431104243127,1.8220728655385423,1.2417625199725915,-1.6106821667245033,0
0.8135398994227838,-0.5003030840901352,-0.8627483907551001,-0.7826827185940353,-0.1327116932564435,-1.03218321918479,0.347488584140919,-0.4519837469385462,-0.15613640376188798,0.02489966331472171,1
-1.5376973802559732,-3.334105690688176,-0.49792626133625406,0.7664550450108059,1.4371831584810932,-3.667937932414948,-0.002970312322155687,-0.7838842022602973,2.3900366745846156,-0.5158267080912478,0
-1.5516213401838723,-0.7834601644153167,-2.336650216284345,-0.08108785358136705,3.733728660103813,0.23332742688398522,0.7103424813524852,-0.8849676272928135,0.2069730633739636,1.8219201485280516,1
0.4342386216169001,2.0875992885574632,-1.8887161244412232,-1.7954429192773964,0.13496941899443904,1.3742790472929038,0.6389244667485607,1.3565788685922786,0.28020560248820636,-0.47250809524634985,1
0.9531985009213297,0.5684439069271328,-1.9703056638371819,-2.0113583360230254,0.13950386022234396,-0.7896337396020838,-0.8083888372292681,0.08983412212845515,1.3105036606729432,-0.6307008066260615,0
-0.2966472666111706,0.704405574021449,-2.8693318372342356,-0.3268360621435451,-2.4739343869962918,-0.29514999508597384,0.5281454697040043,-1.2811563427986976,-4.587565966511372,-0.8668273476705481,0
0.29213535570071025,1.6184411908185519,0.8306817744681294,0.404449457515244,-2.25502512260268,-0.3399614660566649,0.9112131037953766,1.0213632348996715,0.8384259195779777,-0.8254075699822364,0
0.9493294218461095,-1.4217522690252347,-0.9755781621576551,-1.861340515539022,-0.34382575673565696,-1.5997106073596465,1.3209921885493194,1.4268438196157025,0.9585105533305986,-1.8232127480794122,0
-1.0024243944453062,-1.3876482227372229,0.3569945884447525,2.717876462902879,-2.04066845267111,-2.6951029415869323,0.2651140053814113,-0.8186667372001304,-2.524400612549474,0.7156540934412927,0
0.8278056929156246,4.51403248733624,-2.317100788901366,-2.1536837514551843,1.2527273527057914,1.1907343001869708,-0.31326143774403825,-1.1180117080355982,4.107543301789499,0.9923586856021723,1
1.3171403365667953,-1.055322125385863,0.2793402601170043,-1.244084961592351,1.8014209273400255,-0.25362880546611855,-0.4712030397799009,0.7999524297161409,1.7432951277787723,0.6425325970254726,1
-3.522384055010688,-1.6814449271443608,-0.835520030364244,1.5404194031429461,2.7142668753851145,-0.3504481324294486,0.3845595606383855,-3.4533540831877665,0.9991269305641981,-0.04549797975607617,0
-1.791670355365369,0.27842741250228153,-0.5200932924436891,1.1177588759256087,2.5358904970253384,0.7300048179944187,0.017237535003070847,-1.1947317337576915,0.8185051428997432,1.7156523641371622,1
-0.7501642325053954,1.1691231739527774,-3.03917628233876,-1.3838116656870776,5.020488522167052,0.2532996580672633,-0.21506926381600766,1.2102520199134048,4.027279878208423,2.5444275172454045,1
0.6044090961281882,0.36583739359686107,-1.8339727969035464,-0.4197143789031845,-3.48849325409882,-1.5275802297507473,0.7966304793356654,-0.6212343649322007,-3.2685892382871256,-1.4005652661841106,1
3.71138312563534,-3.4517732647976826,-0.2961454809717534,-4.413420742437165,6.471874396541873,-0.14077163825272554,0.09047884735451558,-0.6108877920708671,4.534951211177187,2.004892429727434,1
0.9631720659259788,1.0768104465730084,-1.8406359144807214,-1.8365628719936535,-2.530680128972329,0.8813578513858795,-2.2543576731044745,-0.2900385438891823,-3.116854677859995,-2.0589333619086627,0
-1.605134589529946,-0.8456702845407359,2.0288728026970255,4.140589035255017,-1.9904576910139966,-3.5751501212918813,-0.34078827620402746,0.06364199271316777,0.4663822173392269,1.222583326800987,0
-1.7230863814664326,-0.20042242942048016,-0.08145355696238188,2.8054003398559293,-1.1661448082580843,-1.561588263553152,-1.5778866230263016,0.7906807582779593,-1.9737623606880101,1.1746599671998803,0
-0.08134080773482277,2.013845368637144,-0.1105943381797253,0.7514576474722326,-3.1943651160907427,-2.29689887291337,-1.405728144418045,-0.6640097777224797,1.815219293539939,-1.0195881481800173,0
-0.33134298358970593,2.533864968182742,0.3991634738138423,1.6819771898832703,-2.695765782665448,-1.7979640990588126,0.42593811094858863,-0.6407752740865805,1.6089603824557002,0.3329290149714046,0
-1.0013955876766518,3.1237560279230014,-1.2034792742059794,0.9150574569091764,-0.9171115770597162,-1.7297845332939987,-0.9400674553918519,-0.14187672638301077,3.4295714671586204,0.6233858665745287,0
-3.058721847761585,-1.772289817209065,-0.34675327833948355,2.7188929077411315,2.9874286267170134,0.11446094735326495,2.1567544886236876,-0.18752470290034973,-1.4907891585725466,2.342642094962906,1
1.88713646748957,0.3922911476837989,0.5916752694381864,-1.0443383923359544,1.2732514207485934,-0.16396811612321704,-0.637081178337818,-0.434371613715728,2.4232089724725467,1.4211975814149758,1
-0.3155651392055179,1.6284022369186006,-2.5901518689480634,-1.7607310114144283,0.7371079792178941,1.378578944182296,1.339396122439157,0.16069560865691823,-0.061239756067029916,-0.6248229030791075,1
0.853323606525632,0.33482669331988046,-0.8014133184776666,-0.27458239351435576,0.05717267879938226,-1.8673998808428047,0.3939368139952677,1.1268019242896752,1.4954675742205705,1.046312589555511,1
0.406395529009665,-1.2424007464939066,-1.0829412739581865,-0.6956440993392059,1.4051023865286258,-1.998300381912955,1.3229805704178166,-0.3286526879526677,1.7443583304594377,0.6214245076441325,1
-0.25673512541440036,2.9277261010397213,-1.2389562595551558,8.04557595844857e-05,0.32122674679651386,-0.9778316010924285,-0.8853275610043386,0.49558614250970723,3.8059891935136143,1.1066383082757545,0
-0.735524706166657,0.20895826956002983,-0.18683642095682151,-0.07025114723953968,1.9434055848324265,1.2922207226944513,0.2892722520043055,-1.0508754496515214,0.7299072313595214,0.6373834053087671,1
-1.4752046686337537,0.3700892956850721,-0.7795820578501209,-0.46886781542716444,-0.43677300818378023,1.0267556508528322,-0.822871073139642,-0.9646943072903804,-0.11705069477873731,-2.3036490133285623,0
-2.4786496919986396,-1.9573140572980763,1.0381915721392523,2.7553437840105555,2.03104945501701,0.5177786410641345,1.8899786444022575,0.4978127664133091,-1.7159238887294195,1.6440096826332855,1
1.088260212793504,-2.9553382322988995,-3.391427082752425,-2.549178197050539,2.6373984373124886,-1.7788850090056183,1.0930998828254233,0.7655040837808318,-0.9311107415355087,0.5384527626015294,1
-2.402261697295938,-3.3932052739754086,-1.3450793344961327,-1.2444649664250134,4.918960391637539,2.2944249080541756,-0.09553290707553755,-0.5257048053019829,-0.4643605777965427,-1.1234827508654053,0
0.7903880702845839,1.2791532535173666,-1.9101726046691654,-1.2011174178741646,-1.3924409316226913,-1.8532512801591485,-0.1787381196899341,0.2833051793804862,1.322181559830908,-0.6867736913797451,0
1.1041779934171432,0.22740894247264376,-1.1515006674860386,-1.0786811657270676,-1.6438797209798515,-1.725985067034085,1.4307059976406318,0.856743175843872,0.19803921232519062,-0.9155756425047248,0
-1.5713898296313822,0.0602190725377012,1.9981133061461742,3.580868578034303,-0.21758419025194387,0.11263101488001137,1.035946140314855,0.6161612305147948,-1.5694230976984267,2.272670843129671,1
-0.5061148377222555,0.6039170518318018,1.0868520653861622,0.6503312428253957,-4.169906561612498,-1.3242493625116059,0.6464979655959932,0.9336566014288975,0.3146249704348827,-3.311881686305769,0
-0.13646911185689903,-1.7545229333898962,-2.234603347651146,-2.790081633211398,1.31276325778417,-0.16529389062988953,-1.6368410927267576,0.2887323467136946,0.7551735537838522,-2.6458921813115976,0
-1.1165201574442265,-0.022481834923921085,1.1266955347248322,1.5314413888820084,1.6046465543009045,-0.36992091743951927,0.9489039560620852,-0.22026100297089,2.415995363397391,1.4042582810453248,1
1.0188191450750128,2.856211528567721,-2.3653058810165852,-3.128544202566676,0.974475627791679,-0.3074007985250431,-0.30150933970012783,-1.0023876446164846,5.511867747401727,-0.9573284794054976,0
-0.035032929433189475,-0.5484166412400213,-2.2827775021050147,-0.41627472540602395,-1.3689698804392427,-1.217191861278093,0.06503261047984459,-0.03921927704690393,-2.9741347781237195,-0.5719288892323124,1
-1.062173707258972,-0.8521453652347106,0.3866373624277619,1.4093901400423057,-1.0467995647216064,-1.4536028889346861,-1.1502281782422386,1.250661507786149,-0.38570434993035596,-0.472727921505275,0
0.22347751881588318,-1.4541174645355435,-0.6105824853187662,-0.7036426576459949,1.9665421315891451,-0.31935568892890676,0.32464790491986023,-1.5903009014295166,0.39727531551288087,0.6415224152341334,1
-0.5395634341294043,-0.6375133351774002,-1.0166343276599619,-0.7391768414545474,-0.02229943179945415,-0.10593491038805292,-0.7515840805645901,-1.3153186036454003,-0.32897162234901867,-1.4059246769217797,0
-1.1708393586814654,1.6835192047528902,-1.4124001634802261,-0.7657386589317656,0.7879833406073887,1.9980300189085085,-2.2628099626907923,0.6915147064321684,0.2748479716723521,-0.7504212643197317,1
1.4516104822346385,-0.3270667295764632,-1.9101784603509477,-2.4635968297911477,-2.108001535733707,-1.0628302098485622,-0.5046001216487757,-1.3223652560550825,-1.1059362897116416,-2.560385760680033,0
-0.46894659767098057,-0.003408104168252546,0.21039558345919418,0.3403845190192172,-1.5144656560456604,-0.860369689211055,-0.5570701936223185,0.8880528540452571,0.2769844911732906,-1.3838372361568874,0
-1.4547081029431876,-2.188387504958947,-0.5041400620307792,0.7154383337914452,1.6396776991454625,0.7215892535634714,-1.0032080198636522,-0.0290264061605871,-2.762834890470151,0.3752063062329427,1
-1.6054064104781518,-1.7890438451232373,0.28843824528588735,1.921421485188315,-0.9161658126555134,-2.3245324985269247,-0.25227712941562996,0.4867722915221611,-0.5356099134966075,-0.4994149825893657,0
3.28987455535817,1.2826660978357614,-3.1935880272139596,-5.65205499380645,1.0675847401016882,0.82500092182848,-1.3054620222731739,-1.854609310898411,2.267883014779989,-1.613229561446221,0
-0.20409235473737208,0.5553071751114342,-0.38831357531451693,-1.453319417356096,-0.6634160720531924,-0.2728164485425456,1.2805186368369963,0.2931361062238891,2.7782293308782915,-2.7124773161414693,0
-1.3793850183098066,1.3725993958897473,0.18663138455218475,0.7564328780014211,-2.5635486000507623,-1.8480121642988632,-0.3618139880845252,-0.5758402121980103,2.9409292595031156,-2.485583289829676,0
0.043254926586802744,1.068986947433498,2.0194988875684468,1.05739960671554,-0.3641375959020485,0.7860296536923317,0.33292272460297095,0.17470964863067906,1.156758540209193,0.5511227026078351,1
2.6902452337333393,-3.536447509754971,-1.2516119041392049,-3.7734116609070494,5.413231230975307,-1.2563192717465677,1.2195012431978693,-0.21111389571485958,3.740255681243161,1.3560083488668442,1
-0.43233762502854645,-2.329473857776125,-2.132505977988614,0.37907257768051594,-1.551095720693155,-3.4254871360824852,0.2916222506631849,1.0997000379703223,-2.6984804800917273,-0.6542163907764702,0
-0.8321688922769017,-0.779952489866967,-1.3849599186802402,-0.3145209822267778,-0.9638272025764595,-0.8211576414468544,-0.24568348139133167,0.3224589578050008,-1.2562098400790451,-1.6842726583512013,0
-3.136542857575102,-1.8565852499955995,-2.0299210556133467,-0.04457628663023816,2.1852558506314126,0.30964075687716797,-1.6801998923213677,1.6804999601772739,-0.27327514108310125,-1.6679320386658758,0
-0.3441970195230881,-1.192399527171009,-0.49291230827528965,0.025196170660309936,0.38851576044969643,-1.1487016598086024,1.4414489034089222,0.4225197440575192,0.17430411495494658,-0.1948415083232491,1
0.3059314946422229,-0.6071702846245679,-1.6424180917220608,-1.1813123810836552,-1.77389178537039,0.3364566873042656,0.08401354812172958,-1.1709308154216498,-3.795457414474725,-1.8441929150388616,0
-0.9005693098516345,2.1462914507394784,-0.08236416489217768,2.7934202182490377,-2.5346329364629803,-3.083930181502783,1.1034975012723258,0.3125248158232605,1.1466189417822195,1.5258099775055687,0
-3.554408979734067,-0.5006066584787268,-0.5983269673155496,2.333718770693314,0.2249625462708802,-0.9645881262677829,-1.2317197026688134,0.5481655589512324,0.22103298731755183,-0.6118373926701162,0
2.245986173589661,-2.5295253737670675,1.6385064855979765,-2.4898271303619013,6.005679095339365,1.1105349937797784,-0.07390739771096427,-1.3716260698570923,4.8450795498851935,1.968470914257956,1
1.451947706295602,1.6416376488472766,-1.7957744944903142,-2.1639049314247893,0.5534236021393575,0.27934597090682955,-0.38409091821079866,0.9687345734217893,1.3431337888720565,0.29891111451798613,0
-0.479830790322723,1.881670731489149,-0.13943957953872976,1.7397786339304675,-1.9008606755703608,-2.5333774194718237,-1.1151034521867482,0.6859003580842945,1.8207247052764766,0.9145642622144144,1
-1.9879794204088912,-0.17221616390764538,0.32216817508014106,1.8899016862316436,-0.8555923408425695,-0.4234657509223039,-1.2172595369097443,-2.151052682721887,-0.7768193220817987,-0.48815536947026783,0
-0.9737264404982378,-1.0482690093740064,-2.7371929568402273,-3.2239862137202913,2.3960081870042185,2.0716347024776325,-1.9664630623052528,-0.927273418395512,0.1598026393334644,-2.9395748672971105,0
-1.143179283240173,-1.2874862189587595,-4.734162660908611,-2.233956350603057,1.3548240028935095,-0.7131833335021991,0.6406443200098545,-3.0932256749451623,-1.6215193591467727,-1.5244208068020977,0
-0.12261385550404968,1.328342818221812,-0.1575485202533371,-0.9283003716410275,-0.8636061350195454,0.08455397880370552,0.28385728982886005,-0.7293418589630624,2.3590440120821343,-1.8722646474802394,0
-1.488791000958118,-0.6777529469557033,-0.5390359006203098,0.7218390436000586,2.1386496718921935,0.811092129972142,0.3206630477626402,0.17720107396906296,-0.5630470084484802,1.0300777345563532,1
-0.2638029001297333,2.740101844366112,0.13182168967126917,-0.9739295960326821,-0.896941633843236,0.2936536579695306,-0.9637610409115323,0.5063825384880583,4.529615255645719,-2.01995219280233,0
-1.6730373103239646,-2.1347733313282067,-1.589108708640861,-0.8396735925366486,2.0659812703936495,-0.3631519702313899,1.731196901639361,0.9218262915072898,0.6645855553508648,-1.5052197276212809,0
1.0555799264614518,0.16040130860494228,-0.36820259352560436,-0.7562902806447922,-2.0207965807166737,-0.9820228127787969,-1.182569388528646,2.466588009341556,-0.6137349111518036,-1.1401073187670874,0
0.252569326539825,0.7982382519842122,0.19893375790375978,0.09500080149609827,-2.5256804492101064,-1.3857404522683765,0.2307685386646072,-0.07851170476175597,0.7434136468379594,-1.4600198484909757,0
-1.428718012415366,1.40345547376675,1.2208537420753651,2.012348410322824,-2.9333048022417594,1.5731616072464627,-0.5306167721151521,-0.6872281378082329,-3.1454059319063803,-1.0728069081478422,0
-1.8342184367234808,3.609985849302874,1.2421397052869132,2.871300615999294,-2.725654191033411,-1.7178936038548747,-0.7817404722245345,-1.5777532278001976,3.899498846163336,-0.04074097009716182,0
-1.5273840401727838,-0.025505523042836042,-0.6232993106570291,-0.03360330743625223,2.3283657144686165,1.6343778714949713,0.5475302274932272,1.4727227413757202,0.4404907220659813,0.20174472311011105,1
0.9802655988850852,1.1511744530647783,1.3633363655907647,0.14582591971611447,-1.0427392285012718,0.38917224927054894,0.0058240579232769615,0.9619586625390184,0.6933636407756776,0.20248284374070502,1
-0.8339391938653893,-0.41274960616966316,-0.10364319390398635,-0.9204246672096037,1.7406278081175144,2.275113980843307,0.6933867037990183,1.0675661206579563,0.03672138247211987,-1.0332425211176304,1
-2.0046308293425446,-1.384584616285323,-0.6752958932445456,1.3735516657243436,0.36523088191983605,-0.07774872244202813,0.18132367123690882,1.5338451050362951,-2.4384213106678434,-0.04831145333701958,0
3.3657877432848795,-2.0818110912861183,-0.8468770216347917,-3.8665742763991338,3.730083024915801,0.8125202766493778,-0.40814452268976165,-1.2989482605353901,0.898095088337947,1.145128621960464,1
-0.6596013981531896,-0.4384475329098332,-0.14908238289747333,0.6570177877235684,-0.1828946436190543,-0.4389312764447558,1.802959455472518,-0.8517525045726252,-0.6644366350894773,0.0015018969022499995,1
1.5053837561406256,-0.33610925919995194,-3.1580529093443985,-4.786037500633881,-0.255254101814437,-0.7128306821144982,1.6193220763233047,-0.13365973326242211,2.0873119961856186,-4.0219987756152635,0
0.2849883673937075,0.3305345688218261,-0.9063385198520598,-0.9999121436764162,-1.268170403036021,-1.3840626132106504,-0.16662710805439485,-0.8704095350531359,1.400816909260767,-1.6655737788713278,0
-0.7972662328408822,-2.2504848780163553,-2.981738675365583,-0.44723179529044166,2.1755481085364945,-2.288481987608801,1.0182318332034739,-0.05592208531401828,-0.4756142511104242,0.9108156130121762,1
0.34518368400173904,-1.5380789045023917,-0.9009925338965727,1.1667417894626264,-2.912337181889455,-3.535448376549185,1.0607088663165192,0.541385370590273,-3.1030118127198487,0.01632535547409697,0
1.2190994945518865,-1.8462831406184028,-2.525734237410383,-1.7978059119716456,1.5613629871442385,-3.1198492129418938,-0.3704449349966743,-1.5899306717542343,1.48280899219451,0.6664898302987825,1
1.123117007647409,1.120281453272217,-2.036280816623003,-1.732094315111914,-0.7642260654944613,-1.5310579591816218,0.9386107696939839,0.19176563310249223,1.5284686808521704,-0.5586581938615482,0
-1.4106149902535066,-0.05108363257406756,0.44971615264467557,1.8577126317747874,0.6259845688906794,0.5320494273816294,-1.1990753176375482,1.8561337994051366,-1.218326112721276,1.3285682836132346,1
-0.8714500729851338,3.1760843275350625,0.7318430887059266,1.9084390790031207,-4.00255407163717,-2.052654386232848,-0.6466868530633912,-1.0277739179138536,2.450560503184535,-1.0496603646412426,0
0.662078891801915,-1.6272694855640615,-1.5699267252074316,-1.3235049164975021,1.7960310991826827,-1.1433988189006512,0.6452448203221168,-0.452502847691051,0.3105269728046034,0.5561263759525406,1
-2.303597120523123,-1.5282229428262606,-2.0815286622880143,-0.22461769911738783,1.8548242926589487,-1.3325334398161013,0.25333076010661776,0.3266784983096997,1.6003002421435766,-1.2008775289076594,0
0.5862269229351342,-0.05649842470051891,-2.651928753873248,-1.8384726342052207,-2.1387652334265774,-2.038982994813344,-1.0685880696434649,0.7599232213413074,-0.5631491657743242,-2.3321466196625558,0
-0.9991882596715589,-0.8984564666814202,-0.48263213967208296,1.8419723312737675,-1.5502328863137214,-2.6054682528954762,0.7355365558078887,0.47455476235796257,-1.396323958224723,0.30423606178788254,1
0.8034295578952488,1.4819270136224103,0.03488871172698205,0.5552368820121865,-2.6530639641410394,-1.5763868179586344,1.499287758475687,-0.9058287628170728,0.016384478429072202,0.09280233729037413,0
2.4882269787071314,-0.7939448393598629,-2.6699198260819927,-4.490637579642918,0.6599036267903863,0.0685864066017674,-0.8198441185598999,1.0382984117696008,0.17269891001878301,-1.9242175727398871,0
3.010241059025909,-0.2248159061296533,-1.8077386786003853,-4.160032219092895,-0.43421399926029636,0.4666702518592194,-0.5829662192618927,0.28781049692636984,-0.5231959461461297,-1.8761391928455526,0
3.2760939529862076,-4.961851687786444,-3.5228095439702596,-5.301158673437938,6.523419687305312,-1.6283349887120708,1.7883383534627457,-1.7099084443537065,1.8234295912587526,1.541380871304905,1
1.1067063496096694,-0.7551612344766062,0.2467477359149426,-0.9335629158206633,1.609117831753434,0.20229572619754332,0.9536489598270304,0.45653317324605136,0.894110624659262,0.8491545482727059,1
1.3363310160613318,-1.713666331123374,1.6160342688744485,-1.3832508739978266,4.488592203034411,1.5436924417990658,-0.31676647561620186,0.10739635562395039,2.9418482648010533,1.660803357864591,1
0.7130323918570609,0.199814252218258,-0.44023075281531565,-0.18201423918412207,0.4368103241126402,-1.8527166928892254,0.2731455610700651,0.6560749654854954,2.234686610242164,1.0444522919074495,1
1.6524591106819133,2.4624002140602284,-2.435484570538543,-2.578986505896613,1.3895977976231475,0.19870343806653534,-0.016226208704295298,0.19802280057807073,2.7147786905766447,1.0423099314535125,0
0.7576171387469959,-1.097134501619384,-2.1697432729066763,-1.096365074343058,3.289099257778031,-1.4804804883871774,-0.6094406290058797,-0.4883132124733428,1.327089852349145,2.535942468854321,1
0.45601081274817135,2.5039747952115166,-1.4983325410593888,-1.3011197026292884,-0.13759551852927954,-0.8920998213226404,0.30203932308916087,0.9923547312467885,3.7791914472806694,-0.266741855939127,0
-1.5185895452060152,-1.7634024346263293,-6.162535305719691,-4.146342116132663,3.3896579920289502,0.41958663951465813,-1.0717347263670085,-1.2079888228111733,-0.5755164767928733,-2.662889606150885,0
-0.2914252319643442,2.2426678206050217,-2.718084416233404,-1.3283021944616316,1.8006560948165429,0.7673068013723909,1.2934268749629496,-0.8228614157581384,1.5898160989912842,0.981115427903047,1
0.4292705962677821,1.856173728567403,-1.531593820334447,-1.8460256879918697,0.17035173677256632,1.6426423774575052,-0.09290846984828297,2.6262892551952284,0.28475475462161814,-0.7610032780819678,1
-1.1355108252827018,2.624990082757046,1.8797818466744487,3.285934870404213,-5.835644642328101,-2.9226926687058383,-0.6653358034334415,1.7106586725909851,1.1679603940298056,-1.4375233126971076,0
2.6788884010378284,-4.774732098623549,-3.262279383046361,-4.74620727990636,7.83373301641805,-0.7006175157297194,2.624626679162744,-0.6037583687311271,1.954390500805498,2.5714832185370984,1
-0.36387360817451153,-3.068215167706538,-1.5474500052887326,-0.9739334199933606,4.132081083579403,-1.3347020245606533,-0.03205826148594767,0.5529788371458881,1.5213208177789843,1.1453703880765003,1
-0.709404346096703,-0.6061549330092677,-0.3047054179601827,0.5460010789304702,-0.07654711528738786,-0.5114205244409781,-0.45225277070890396,0.7751285262709626,-0.6634114729596332,-0.10904569256146646,1
2.528734304716701,-0.2508708751850157,-2.857382324576043,-3.9625498745053385,0.15872224902791365,-0.48977602087220906,0.5981681339527561,2.40462449207247,-0.03329855213156807,-1.2476175910193286,0
1.5453919050243616,1.4412465893555733,-1.0313271533286448,-2.8626098029508995,-1.6759772560614898,-0.22826275588910183,0.24467034907095767,-0.7135564909387535,2.281241219257699,-2.8345826415803925,0
0.5895694065575523,-1.2519189767549155,-0.5024535646415451,1.3811232808518639,-2.7776968964926905,-3.552110500806636,1.113014661967468,0.7294538898178412,-2.6301225549786014,0.582987382432727,0
1.2084056016843907,-2.6896289466397905,-4.236345514611681,-3.5683650110851683,0.6232087199049816,-2.2304434537100137,1.4684934043621283,0.3736841434701021,-1.378134898216341,-1.8534477043197277,0
-1.4915568259423668,0.3023677427228393,-0.022326886965724158,0.620061175819539,0.1088488530869882,1.5317537569372086,0.9396243162021677,0.7281837130895294,-1.2065767540523227,-0.6296747844291999,0
1.8094238329190633,1.0803258315602233,-0.3962186017657654,-1.6738366901251958,-2.6514287350957244,-0.6375665222597774,1.8818018326401498,-1.9478237331009474,0.14898962403906157,-1.825393707480076,0
-1.9257597748940194,0.6426787087066888,-1.0312016317695867,0.8216382337860645,3.141292469830635,0.7345826695203128,-1.571052204834725,-0.11929030569573905,1.6788473029174975,1.890500638123037,1
-0.1599982074579025,-2.6871511233116436,-1.8892660379084414,-1.6475139733976794,1.7099255463103016,-1.6280775857850314,0.344497786503369,0.19083529780725694,0.7077518229103532,-1.1487685704806423,0
-0.39754199543459934,-0.005310905562014856,-1.1482229157829642,0.2812088559729087,-1.9888341594049317,-0.30976027881041623,-0.36335409510795835,-0.49607356915908235,-3.197822240874997,-0.8579818698907343,0
4.520265930194801,-1.368761918453032,-4.640316481375974,-8.290181731101889,3.025734357616385,1.4277514914801488,-0.2923171457690879,-0.7876772964243001,0.6080256160981142,-2.351831111831431,0
0.8012183501535384,-1.308793881028486,-0.8426769504714795,1.2894327328607775,-3.48401590864082,-3.5438779354999848,-0.43784617911268076,-0.09191682206947607,-3.9947014717625446,0.3950178333145935,0
0.7818648097121663,-0.3067377254084489,-1.47203000388282,-3.0617712598211404,1.2470031617966133,2.101147518017841,-0.8393519582926326,-2.154383706340724,-0.3496139246634442,-1.8500397507317876,1
-0.43023942126688797,1.217382204755098,0.6246434004887198,0.9903294822641184,-0.24692437474873435,0.9542819340727626,-0.8512536975641631,-0.418478534942753,-0.3858500464509089,0.796573833114679,1
0.39095084530245894,-0.8105424516469525,-1.3626824477657902,-0.6014212006380429,0.8747174670319628,-0.9288386315698447,0.3031822542833061,2.192968976061738,-0.4372798436313605,0.7376264392171356,1
-0.17786833728483253,4.279269234304118,-2.5620126506627443,0.5006436544355051,-0.06993596826538218,-0.5660428699909066,-0.7281768467966099,0.11135849569809807,1.3766619683834147,2.8115118065400084,1
0.1267989615228221,1.9988295217562033,0.1655317652570074,-1.0206529948746972,-1.9329372892453123,-0.1729610048804714,-1.4995960965593678,0.639020475468985,3.043613205284668,-2.554348885726819,0
0.649605037790119,-1.208501721970819,-0.6982325154016273,-0.8397038992575869,3.7768702128391403,-1.0840496278530178,0.45342124550525176,0.10397992400908915,3.0818009627512297,2.2982843623972746,1
0.22973921008978182,0.7664823979111108,-0.7795550796700731,-1.0853546648210721,-1.1137650847340934,-0.8362218444224677,-0.9666901089250267,-1.2313669260938347,1.6770096244067014,-1.6880203734203452,0
0.2826642256422859,-0.9334923881771615,0.318349207314796,-0.2700405555762966,3.240913384171181,0.5122832670819715,0.6272412210909549,1.5866519998435806,1.5735053946497104,1.9601126425703967,1
-1.0693862639219347,0.9342207145948965,-1.252269614932855,0.7399116758779019,-1.2856677417450777,-2.552676595719711,-0.22059852118080178,-1.0404850982458325,1.9079186660670748,-0.4999879552213573,0
-0.5357491032281176,1.4038397678363372,0.2872535774281666,1.5863651823596248,-0.911694511338826,-2.0761150778094235,-0.10137731134975811,0.7827480712298537,2.4330618752951705,1.017336574996047,1
-3.3995379183048895,-1.552965789613753,0.34076099879989075,2.4636347941829873,1.237018666026371,0.3040676710191137,0.036835808867874534,1.590782651043358,-1.0615374095051975,-0.10375589117875028,0
-0.2543789876738254,-1.3790986932697014,-3.750433931809427,-4.093219394685361,2.4871466907720974,0.6786404879661725,-1.176458157132154,-0.38366594031406126,1.0012543835703016,-2.927892942051519,0
0.9626210547106442,1.735318689534043,-1.4090837024866625,-2.432656761814974,-1.275804920267119,-0.56282072898801,-0.9691193442983064,-1.2964383755849946,2.8489481968866652,-2.377813633648236,0
2.4385084917329642,-0.7703524407859328,-2.7232468782765586,-3.2302313496261936,-1.429196044646425,-2.0154284357128684,-0.7516362710192865,0.4361230887697904,-0.7497332789482547,-1.7110965714987465,0
0.6032399272436847,-1.462183220953377,0.40155031879814906,-0.9292664172234262,1.0674913235636405,0.9311375004327429,1.2818902479401424,0.24572628435858904,-0.7477934771137431,-0.3348516715105363,1
0.7450684452179193,1.219679442048727,-1.8721716071965053,-2.7838553177896235,-0.3796489412997692,-0.6923497010406481,0.45855085878510643,0.2484732179970922,3.3375689122499113,-2.4048522351111927,0
0.45939860543337385,-0.3340121274214569,0.7164582492559863,-0.14486219800702738,1.4939047457561023,0.28740115223410023,1.3522711382297627,-1.4326016370863977,1.3321029977211971,0.9822318657023487,1
-1.4653846015625205,-0.535667703758883,-0.7791449240627639,-1.0504318286729,1.190556042596592,1.3072951790588587,0.07613355383977831,-1.5109457673400708,0.7895783140916268,-2.1789099461211356,0
2.502335788864064,-1.2923890444017299,-1.356827298129901,-2.83459408215592,-1.0730618166115287,-0.7792909714902011,0.44978261794435254,1.5099739879770104,-1.563174888610542,-1.5290609379159088,0
-1.1359609015337266,3.3978918304813273,0.6195941373412615,3.1113243766074055,-4.9423745413054,-3.8225486556791597,-0.6056683817585125,0.5261488251233458,2.5914736510454777,-0.2665121395270542,0
2.822257576896009,-2.6038858292985902,-2.963480435398524,-3.8052562273442785,3.0879562756697516,-1.1549096794474425,1.8642087960727245,0.8764954501520517,-0.20499277637572466,1.0135768245258947,1
2.0742959594808816,-2.8142798282067596,-2.083919276341873,-3.0811092116811647,4.8768182257318955,-0.6905133312724061,0.944322443120109,0.3898654545349406,1.4525453243713011,1.961592002694257,1
-0.5989456625054642,-1.8750651053075746,-1.7303882043796748,-1.253580898058098,1.4542239706193894,0.11581271217491906,-1.2541866343186818,1.8559359135339641,-1.0909968085585717,-1.0212826532330612,0
3.36001979660221,-0.08939525217706246,-2.8327667510550163,-3.973468330343226,1.2726551461963453,-0.024936931953119412,1.4983115437496803,-0.3894185332824212,-0.5129476411048126,0.6797758096071149,0
2.686801767393926,-1.3422878919993564,-2.5711594054650737,-4.405558299182582,-0.6776218757182166,-0.9319178328757936,0.07745581479613853,0.3590277724059801,-0.4096645662960938,-2.7767673761035123,0
-1.454022311963994,-0.2778758435024655,-0.8688404040022129,0.5603167498216143,3.447279762741634,0.5508486389629306,0.5865122189668235,0.3699945072275205,1.2233597987032065,2.010772989935961,1
-0.49867344160559446,2.8174598176411156,-0.69460643223874,-0.49780031441612754,-1.7537352769524996,-1.1323041544784784,1.0478545137125523,-0.15624777267764606,4.1409549444552844,-1.845187711290802,0
-1.2060311305405378,-0.9001693929062591,-0.3160805702510502,0.748236093995685,2.1187479921822394,0.6269975736224318,0.458498476242932,2.902650262493721,-0.6102211944071809,1.2250864245214916,1
2.8675279189059633,-1.510315058882906,-2.499620545946967,-3.0982200167823173,2.1703635799482797,-2.618329475433854,-0.6021841287797184,0.045684326560339356,2.0480401165270994,1.2980141439569723,1
0.6596509759583484,0.12080542900954716,-1.4493366711046487,0.26867442440458633,0.35641902682784665,-1.8584801618092563,-1.529015024414789,0.2854869431991662,-0.326221543883906,2.2086824364175897,0
0.871874636377099,2.50183080952748,-1.881237626313639,-2.873306280000686,0.765478303077114,0.3948538249920506,-0.46005924222016575,-1.195256799383643,4.302158291505398,-1.176668399246847,0
-0.5720215736666412,-1.3330651961559496,0.8477754192558051,1.4153152585701554,-1.582222238927529,-1.947164228995597,-0.5286745939719916,0.4727684683865754,-0.5721855169241061,-0.6408811911561507,0
2.272604191010588,-2.5139541448131273,-1.062369320079736,-2.8975458996386187,5.496272128688302,-0.5844638611489904,0.40986998927496626,-0.19518395109929465,3.3164797379980895,2.415936307195606,1
-2.083173454505299,-1.8795766603473867,-1.6008198402586797,0.664698495350545,3.531940843021015,0.2919572686264176,1.7961473783167576,1.254656044926688,-0.949388703644376,1.5136869018764085,1
-0.7565871053577038,0.01778290427533369,0.03948457432256669,0.6233549379928751,1.130455348018878,0.8725579442508042,0.4886951457474786,0.5692578552242005,-0.44854576254035816,0.8939861754654537,1
-1.7583855050661645,-1.9643328809640335,1.1993088587681306,1.811950052661771,0.9124850903487594,-0.10522884670381794,1.1296335366350856,0.5165853579791673,-0.6771366715886655,0.11999733891705588,0
-1.2068781377234143,1.1289329945030921,-1.734402432754342,0.020706666328759393,1.946681994792303,0.7868186297081703,-0.8109408053447048,-1.3225379316172075,0.5674525203258268,1.2198548222596535,1
0.22504413367437448,1.8932921884087048,-2.719546021495998,-2.1698985392806858,1.7712423298069977,1.0894320901746994,0.6926513169503377,-0.4862966105045472,1.507388976320521,0.27302474584075165,1
-1.4646331631737544,-1.7199980487558075,-2.908818893608263,-1.554207671758923,2.1437277179379297,-1.8640729888482535,-0.9175783854093308,-0.5805046772180082,2.455221913455318,-1.6021864668709063,0
1.554588390367521,0.4103937349290854,-0.42770933469594996,0.31731928093477957,-2.660608420540034,-1.9332887763807702,1.5120486152893071,1.5763575462909234,-2.0498641219040685,0.7068345383326493,0
1.5101875358606756,2.2882826039228545,-0.7925558598926575,-1.168156039918688,-0.633674337484772,0.001138363773107054,0.6795831493856468,-3.0205759218297796,1.3035417257100197,0.5818313449615722,0
-0.18400789556499264,-0.39131062812950135,1.4683315758735302,2.7385973269638875,-2.556031926344026,-1.959085749306631,0.3566960972720557,0.7475349718454773,-2.0794694567621086,1.0508136262296577,0
0.6850349699786167,0.6473931964314776,-0.23475496414105734,1.4306773536901114,-6.219764363693589,-1.938883363834468,0.0973078174433081,0.10376824967199864,-5.5418316389361415,-1.3015218721937716,0
-3.4182414857702668,-0.9911655233064371,-1.1644194073122138,2.051895860345495,4.191676501324961,0.44488031407444517,0.5069555354034934,-1.4629282073910133,0.37695290818981897,2.3769203606922416,1
1.354114403975967,-1.2029554796740904,-1.7654339368131342,-2.8773858076378227,-0.22866059302526187,-0.4755849863958155,0.41097616501416834,-1.1378321507929698,-0.3454253706573829,-2.1749278581760594,0
-2.7434514719042427,1.8067447872231273,-0.1685870149262224,4.712722867639526,1.0744217852434734,-1.409343036536526,-0.13156218590924293,-1.5717629732272154,0.0025280367576091534,4.932003654737823,1
0.534862879422213,3.8063580899086773,-2.016989804410348,-3.0410983595274144,0.4842571169025742,2.653842343017333,0.1728789609345851,-1.2456688693400075,2.7208836291726732,-1.4880267829533578,1
-0.04750521119068196,1.7948424811448498,-2.2876161982191956,-0.6610981690966256,2.249681565351601,-0.08774558979252234,0.32047678941155466,-0.016335762353619776,1.9373684660068045,2.227333119480866,1
-0.6365804954103671,1.8126542468806093,1.4190365868208201,2.5021300983945425,-4.269709982283118,-1.9804828809791082,-0.008033603559272125,0.5346365326374684,0.1296043541274774,-0.6771479795400348,0
-1.658277516681132,1.015197326188866,-0.2979148112192085,2.070869380932989,2.618682897665833,-0.08599343969702433,-0.24565335212553394,0.18714748687733387,1.563478005150952,3.3662557909277915,1
-0.9133466264764207,-0.7549864530485317,1.8016440040227,1.413752587635536,-4.184883309741887,-1.6366685614794005,0.5066221699517468,0.9617159605132203,-0.6558681735846812,-3.3780283679906655,0
3.6487281686980517,-1.6341850304388843,-1.9306400106619264,-2.891104855621651,-0.7839510113894916,-0.5711406155913632,0.16931372385385732,-0.37086202780500893,-4.303992511214473,0.3666562587338893,0
3.0540160878081855,-3.2065461306858216,-3.372195360159,-4.152838116283708,4.38214451807469,-3.1483364755771586,0.28745526050670145,-1.3714657565980801,2.932866668154406,1.6021595030079818,1
-2.912799749602218,-1.7783264510420254,-0.256174165568408,1.704359859816048,2.230010827536197,-0.8783813059962032,0.43371616987636363,-0.16460015767375896,1.1601607922846084,0.22715215482090256,0
0.054624877305259556,-1.2650341297050167,0.8517945298565877,1.7278466619874027,-2.0913116178280107,-1.2692382668225914,-0.20597627863004633,-0.8206695194435634,-3.3128801195441198,0.3777850020969613,0
1.2068049455768495,-0.38206369126193085,1.4595753838158845,-0.8025129682812129,2.492079603580313,1.5855545473927775,-1.1969374119716447,2.291959326935979,1.6437142880898716,1.3269335504568684,1
2.363721827655827,2.0314610319783664,-1.506003062194785,-3.7939069522246727,-0.6083291236901374,0.5058614372913799,1.2350557355075837,1.0351221657715732,2.7536852605082034,-1.9904567906252444,0
-1.315871318855804,0.6460046019656147,-0.6216214969391922,1.1085153458752595,-1.4987883845795515,0.49166576050007516,-0.1508610267853418,0.635233021854534,-2.676552817427659,-0.48648777171097857,0
1.3312537750960955,-0.3058496258529295,-2.7474537201652094,-2.7390460020859235,0.8206381011499234,-1.1049197551152072,-0.31597238536431355,0.20822686215356342,0.8741315224078349,-0.53990820087222,0
-0.7972879706209138,2.0450129479317667,-0.1679795281180313,1.7394967446877012,2.256816468859414,-0.43446381573471227,-1.1751330760859704,-2.496798117119087,2.8410163014113,3.783801325107726,1
-1.258655525488318,1.1368619940721105,0.40139890597241434,2.1930317974671865,1.6877486713600613,0.004584230221642116,0.9754995592623076,-0.49582223683145116,1.1795892442929499,3.0210655172939167,1
0.5210415902333649,-4.091283503470768,-2.4718554556273413,-2.4585101033060854,5.045543662287507,-0.6234082253992619,-0.1812987856697749,0.02690518329032648,0.024837541995600176,1.0419127524216085,1
-0.21671560383042898,-1.8017166873544577,-0.5346785781368879,-0.4691653665332382,1.9345780118630815,-0.225919515850171,1.75457259756306,-0.9416859762946027,0.023695123604073665,0.31508859748259765,1
0.5403302824362384,-2.462201413656463,-1.9355442567678032,-1.6272347783752963,3.1899695348564476,-0.7802934675810359,0.1945510073683852,0.8283374677817912,0.03312435335925823,1.019749633500503,1
-1.0737189393919544,0.18026961015785925,-0.19376771861174125,-0.2333483485777953,1.2780046651953305,1.8210262864464875,0.10983692920407466,-0.31766941379465224,-0.016394809618339945,-0.4773844905264004,1
1.3877643764127843,-0.4546065857317032,-0.5431377853789227,-1.0759864770941046,1.3183286564266123,-1.637164341006215,0.08207327264957799,-0.7866936589316964,2.4754885648577813,1.1031370546604031,1
1.3299688265894298,-3.747669349737645,-2.3552908365954366,-3.0110709359657566,4.51651329012121,-0.5851875552430867,0.1109150976333842,0.30584364441417755,0.12684996515239066,0.839968832308388,1
-0.6134494114236495,-1.4122324272981581,1.2943812688785319,2.593218951221543,-2.127417960211381,-2.9735387095427326,-0.5436930431123843,0.59891600447091,-0.9244279662009605,0.36632372457337303,0
-2.1100820999175927,-1.9492003411570797,-2.281872659384728,-1.1506312687765436,1.9691138109589865,-0.19366783988937997,-0.06374331733420606,-0.15189722504775438,0.519637683426855,-2.1597481656772244,0
-1.2958355245371111,0.19477246103246615,0.807127926755421,2.2912164234055163,-1.9143917990707702,-0.7369023830143515,-0.4360388424198315,-0.015355737515756635,-1.5538415455121743,0.021111331694720015,0
-1.8684265468114483,0.7010686572163463,-0.3407292048486136,0.4269924973814753,1.8133805575646955,1.8021198390282809,-0.799071056833888,-1.0490703595907331,0.694063131456271,0.10766145853703357,1
2.380945772677887,-5.69178686983277,-4.336433440522023,-4.910890660566444,5.15320864266612,-3.357083234741096,-0.48552997646371326,0.20724466180087722,1.4051030738476502,0.1585197362590458,1
1.1865692090623408,-3.3774169088120347,-2.516062724025007,-2.6499129181185634,5.06690379752601,-1.3073145982314773,-1.2812849199958405,-0.5478328533149631,1.462274131441958,1.7069625448565646,1
3.213616797506705,1.0055935967161842,-1.3540984482164664,-2.3575859744659535,-1.3469207098398122,-0.13911348793918277,-0.30086244470927503,-1.3446021996987705,-1.605384649465416,0.4636872673296708,1
0.6437099381267377,1.6607754040559102,-1.998262311282625,-1.1735577430324748,-1.0343585784745142,-1.7233544525418996,1.774418532880004,0.6768621373344127,1.9124044152232011,-0.43248446381669203,0
1.044358763660051,-1.5263704430796046,-3.1787337617886657,-1.7677719048128577,2.2767063195993913,-2.049821350668664,-1.147069478926436,1.0684961737811112,-0.029771378365666346,1.5741100090324407,1
-0.4096289196184696,0.1607828818508189,-1.4043724998454654,-0.5714912130332579,0.34484644807336984,0.8910531704367806,-1.5206963873771369,-0.3180199060056156,-1.6208984447114698,-0.2113567547448918,1
-1.3262402217414841,-0.42567341165124783,-2.2615958554821836,0.9009220880464692,-0.922915321289066,-2.4860488978372555,-0.20412158481360743,-0.06133415634044044,-1.224340921397041,0.021506797740774908,1
0.3976824170104669,2.9959088085469965,-2.584014043994198,-1.677944406116005,1.4029829329713062,0.6120907684958096,-1.0037107697245766,-1.2646860350902882,2.436768852119516,1.0867622392740606,1
-0.5978028710052783,0.6580144316632625,0.12738220073992146,1.980349318622434,-1.9719796763814912,-2.1110417848938123,0.14686320945641482,-1.1701870754423553,-0.3031135905104252,0.7352480406346464,0
0.3812873093330489,-1.7549547540610844,0.5467779218072082,1.4875818611019633,-2.167494749422909,-2.730981165584053,-0.20405044712407977,1.3817197241311379,-2.2142899581403217,0.28929218556257075,0
-0.05699241929900356,-0.9255822565899221,-3.3482247269406757,-3.876315973804982,1.0803055538004487,1.6151959290798494,0.02810390390210318,-0.9335752517003891,-1.0980701642118573,-3.392119117683891,0
-2.4279320214818654,1.0839751473437003,-0.7572884521520133,1.4236304596566656,1.7817278208862621,1.1717270052830333,-0.5701124162181384,1.0827097735429156,0.3297376205349979,1.180419586462373,1
0.11654356424285195,1.4032346689791009,0.4497004167178824,1.4432346138772767,-1.6150252055509622,-1.2262932627058014,-1.2944209715866946,-0.20167802751111075,0.2178654347733917,1.125239654110906,0
-3.5239893011441312,-0.634405922428676,-0.9161524678594085,1.5226822866075556,1.168755190940077,-0.41927085718402224,-0.05820605313308032,-1.61004259937593,0.9606018350563814,-0.9422199405602789,0
-1.60595048801442,2.3957217537073054,1.1191808486085808,3.809325649282336,-4.286183857143422,-3.229160877718956,0.80954575950078,0.7301571640314422,1.1193569287012148,0.26655304154228565,0
-3.7307450439341734,-4.051574411516019,-1.7096962213002032,-0.20674054042829337,5.080058193482843,-2.273259446866664,0.6662585402503062,-0.8957046005985632,5.046845658388613,-1.513933759075658,0
3.3355544639360404,-0.873678129895711,-3.44886343679077,-3.9347528647977685,0.42923617250561485,-1.2006340730689455,0.5959633088310913,-0.3454069518325343,-1.4947685705252534,0.18165492666520522,0
0.48819709198056227,2.1508653104955746,-1.7625610931232931,-1.6974948475140819,0.9661736264280182,1.1242685482285941,0.4294050800903108,-0.38352661634618596,1.4498709841899933,0.2596792470495177,1
-0.8481485131334359,0.45395505312235773,0.1354437006501248,1.564701242500519,-3.3718715147771,0.5134303933384521,-0.3125923548005312,1.1946599101248674,-4.785813538226338,-1.0025471401658732,0
-0.9657501164438214,0.8384441924352733,-2.5506825383163645,-0.5744042800194709,1.3904389458310504,0.6165089368742627,1.7569290581994084,-0.8558938037311713,-0.5889268731640911,0.6049122424167556,1
0.4959029656471978,0.45444775947523364,-3.4650525293568735,-2.914258417177063,-1.3079629989724313,1.5162179234617503,0.9339743220186218,0.13408868558333098,-3.9291692513118295,-2.5588785927942324,0
-0.8518771840534995,0.009281990662248774,-1.6065856457844294,-0.08115944984006118,-0.4249064593009113,0.6382129425428362,0.553489663557822,0.5947981962610709,-2.7831846572699614,-0.5050415390643396,0
-0.3458563039484229,3.3715427322918345,-3.6502707149046634,-2.796908372751002,4.059702178282398,1.3929466593692639,-0.1962048968231049,-2.2606002969275796,5.271566006451188,1.080727698850713,1
-1.593555848974586,0.5854200520031532,-0.7182491180421232,1.6756829211781,0.7084366169413356,0.21534185830433406,1.3404391359650913,1.3195588015602135,-1.2020251284062606,1.6510912963693183,1
-1.594006305016494,1.3470878131436348,-1.7273677299351362,2.074736215117068,-2.5523763746089587,-2.3408399978452556,1.1982597325501452,0.5531207796800928,-1.567844240465147,0.39277507371687115,1
-1.5479799023434815,1.6960902814872179,1.3525575557330698,3.0004451127493357,-4.118594779682318,-2.6281068655757287,-0.5184019752547779,-0.043273188961116336,1.2248264710557173,-1.017636937273162,0
0.7786833355294045,2.2383345261847003,-1.6507695634359836,-1.6117759492573103,-1.7231481664220252,-1.477436862093234,-0.6786206175368819,0.6714776714320864,2.847252795794917,-1.507741962071755,0
-0.9949632662885157,-0.05120364465420235,0.9863994965794802,2.3788265714748693,-0.3395262998765842,0.1295077898514172,0.022448919705427506,-0.055023547918349014,-2.0338133260230515,1.623143272499969,1
-1.5422150007623117,-2.2520897998538647,-0.9594622383656823,-0.06252090154997036,1.6816299569846205,-0.731069505568011,0.4647909391090366,-0.3552310268552769,0.20364031145025674,-0.8319890449110143,0
-0.17591253800870654,-1.059667851759808,0.6732373914698544,2.0427916660568823,-1.8833101732168367,-2.300910129402354,-1.4740483917429283,2.120143134162845,-1.853326917744528,0.7565958631407088,0
-0.19004510962386878,0.2212874828352116,-0.10290165915213034,1.6334791675869456,-3.6231546362116993,-2.4576800240406396,1.2274040173479215,-0.2820747097433118,-2.045306150499232,-0.4610859550799832,0
-0.94271871771585,2.1861431225447987,-0.07608383529719087,0.189776610486459,2.2993104271735185,1.4531372178284019,0.3357539938512747,-1.8208501389178946,3.2770593034113684,1.3773874839594211,1
1.0667508549684328,-2.0322092816710056,-1.5281200684527558,-1.7130947585460436,3.6098111293954265,-1.4903126583615105,2.073709431489805,0.694774171320887,2.223178363287018,1.6306976039093355,1
2.655537062200179,2.329070064546169,-2.7200968646758117,-3.143025305559679,-0.3229214011231196,-0.8745777291833282,-0.43332221935663384,-0.16409725111239673,1.9968203037121075,0.240542991237906,0
2.0663788679224826,0.22464331733966625,-1.6521932274724178,-2.7455636734541207,-0.18724729739000245,-0.3119776365927085,-0.3260603224520199,-0.3107771787876778,0.3254984266920995,-0.7861322113292722,0
4.341753212675851,-3.233075318792515,-0.5075043115107943,-4.9355476634011195,6.550603480116154,-0.3629098595606721,-0.006837197764784593,0.6858752327081286,5.049973173231481,2.1996828363328067,1
0.5861214472050174,-2.4487342386832522,-1.7426964569424992,-1.598736086021431,3.7380990448562943,-0.6653690172031612,-0.9237453648017658,-0.035840980146165276,0.568902526813241,1.419440910864767,1
-0.9199006490475822,0.27951828779279453,-1.2247017880794093,-0.1762298767035947,1.7877144051326015,0.8593512572248269,1.1857435140299846,0.019045160209423234,0.07070934168399567,0.7037065384833322,1
-1.1971019607020081,-2.6025517412483783,-0.5731384224861769,0.23968048918631735,0.3661124614296036,-2.1117893928581024,0.9233369417024859,-0.8189985734735198,0.3761518347232913,-1.3129068562294688,0
0.6793637123227293,1.3547924254503245,0.6965952936117816,0.5731098662212418,-0.562740144078551,-1.0576193148745345,0.27866845619765995,-0.20352239771808517,2.1191082804329033,1.106593607348491,1
0.6778468133474783,-3.8268562513806694,-3.1020909956776643,-2.5942569636619996,6.493507937547483,-0.7248379975347369,0.6039089756095426,-0.7380184398825007,0.8310886693422248,2.4904650216280935,1
-1.1022500053871598,-3.520376718206228,-2.8213044311870004,-1.1114885784026318,1.8940589026100347,-2.933753672288407,1.406069279769642,0.94469887183947,0.492078274964423,-1.146275632973154,0
-0.12227861407931606,1.9855857415238516,-0.24799184177571898,-0.1972102033539731,1.6205807534878278,1.0453150314179305,-0.385328775653226,-0.4890834937955469,2.457249856740547,1.3566778128208665,1
-2.0245606623821386,1.6555192037751123,0.5741724395732897,3.104553691713121,-1.1502081232121486,-2.014329917993415,-0.9971531796200995,0.35309157733034563,1.9979255661219848,1.1932827372389903,1
-1.3577902526916175,-1.1013144048010086,0.4598596440078069,1.1075315460711606,1.2037641563343606,-0.4155399612501556,-0.2493565805562629,1.4296110940944324,0.7310368057243772,0.31679498691824903,1
2.790548811303714,-2.1958921229785555,-1.0044079784774622,-3.249553111841472,2.8033971056714693,-0.3814181359635934,-1.196871085509681,1.5430008652573897,1.1021707352857875,0.6417786345174861,1
1.115235247702221,0.7951599520238324,-1.607180383018107,-2.14117691169777,0.19209271337267797,-0.4436112383002122,0.6351310389802319,-1.0645334203617114,1.7407947263600214,-0.7200792948868002,0
-0.4233859912989313,-0.9475972490730039,1.9341011766932623,3.112254813817362,-2.7195917313734723,-1.915816147787179,-0.0648797329702767,0.9436849698038882,-2.619411657752951,0.8285459121918348,0
-1.752671274459282,-1.1761739715170219,-0.24409090677879286,2.1183607981814134,-1.6893307669793505,-2.118828292270411,-0.35352099488117117,-0.26113733542062817,-1.8083039606526015,-0.4770639313205278,0
1.842925978471321,0.7433116451033277,1.5349771242943837,0.8637496043430807,-4.54483967262803,-2.0432787231937954,-1.2198146791693427,0.07903644461383194,-1.2718243733308174,-0.5347336812494402,0
2.3647030635063615,-1.8701860718401215,0.7715142578643592,-2.53088913313678,3.4079812408806887,1.2670865883381448,-2.1146103624960215,1.4415557425112338,1.638072494812132,0.8479459882545446,1
2.0012365496284246,-2.326639458166836,-0.10827824861143998,-2.50949320797617,3.772570165254182,-0.1602532770948787,2.401110131083261,0.004005301267938927,2.554498592528289,0.9494482899285975,1
-0.7810857287649058,-0.8285124856954167,-0.9288810642626935,-0.7844837983246942,3.2989324602344805,1.2171779405036711,-0.23348290257461402,-1.1442149551363905,0.8700167414101612,0.662345904448181,1
-0.9381578829062414,-2.1647848988756584,-2.1147807752786028,-0.5887928189237888,0.24965150259757252,-1.0210365909185275,0.7798853543320813,-1.0597512148663621,-2.192695736526159,-1.2388707179071747,0
2.3514245949915926,-2.4928571897790235,-2.0416636677534874,-3.1799510011364145,6.112609495049729,-0.581231323495861,-0.05126961473433782,-1.6211363541203592,2.7013845030729327,3.105312467963918,1
-0.5086324618753915,1.2878576896480471,-1.4398023670254165,-1.4143362185987371,1.6623755962354254,1.8367328151766191,-0.6652421577496426,-1.1116273304811475,1.114541343024567,-0.36354574755018954,1
1.5657698923272478,-2.7736769242233663,0.008459974055752939,-2.364281205430256,5.816452966968119,0.8781483186207315,-0.0003607253572761615,-0.9370702843593306,2.6697778077343006,2.046348621740642,1
-0.9660384441593519,1.569942235365716,-0.5711374655351166,1.7590355477017992,-1.9907944115073768,-0.8869020198511216,1.650102213808546,-2.2804159731577003,-1.3378323557062792,0.6306607154597013,1
3.3285928519332644,-0.27101459423330687,-3.3154219880497493,-6.521145669364096,2.62373822436411,2.010085991328459,-0.2462744114175397,-0.3913304052288644,1.177120281152999,-1.9085748543346677,0
-0.7547890436747113,-1.1983235723788324,-2.149679394592283,0.145298584687515,3.1064524724741025,-1.823338528494054,0.8853769905168424,-0.35320789551945164,1.2101664820335825,2.3316030261346015,1
1.319717145997011,-0.745768022053354,-0.9072361394102757,-1.3246872564865892,1.2147728504658035,-0.7967528133001405,-0.10834359239295796,0.3578645563429395,0.6553137471435595,0.802676791199737,1
1.3420553649771625,0.4490803406777226,0.3151831737692794,-0.28368978428614,-2.7248530240412463,-0.9202971110724838,0.5604542529498073,0.1824993111126999,-1.0591506809063445,-0.8784571903502487,0
-0.09543292119319324,-1.4999865767640501,-2.97333285328252,-1.3206703128208563,-0.2346201634572722,-3.3160724067853202,0.6964829679167834,-1.1356864918090044,0.6452356746527363,-1.2626574723430148,0
2.1162425173628594,-2.1381300294104753,-1.2216733728445401,-1.8337462837773444,-1.9802132046966752,-3.4747998932594446,-0.7261424363473181,1.072727030099361,-0.4036540855641786,-1.6572833664368378,0
2.1967447731779304,-0.13350821268962743,-1.2571216449284384,-2.91237234298895,-0.5809610756464579,0.013880611564841328,-0.14634867016819725,-0.14874071479913828,-0.19625659256579575,-1.4329109313155426,0
0.2779348578428027,2.513571798024005,-0.7793158346004525,-1.1274873512379193,0.891850948963776,1.4680227863026247,-0.6071467087272591,0.11953513030490291,2.1487432171229424,0.35484724277873536,1
-0.12187347292521633,1.4359722242394442,-2.126882592252334,-0.9662762754806167,3.047717255609308,0.2663239536364178,0.3828821225955647,2.1059756741655367,2.552122503823344,2.1004606239348944,1
0.6283178101000306,2.2191811130619126,0.8944460826145335,0.43621633737194565,-4.165874161801115,0.5116511637686196,-0.5482150686954597,1.650735309999851,-1.7807979632511364,-1.5435594654763711,0
-1.6972692726663126,-0.8517862751354632,-2.0095415264301213,-0.29778549592840453,0.5386483019190598,-0.8878310472455306,-0.06918461973283323,1.4299611867896778,0.10623614931875669,-1.3416896884511187,0
3.080136077485334,-2.3955761417377777,0.566021045078283,-3.213477821453486,5.0515072508869645,-0.4051233580341247,-0.6441166604860968,2.1578350720798922,5.033717940750514,1.7167850362315749,1
-1.6387330596928762,-1.3714440546815974,-4.6125267499274845,-3.39890058247366,2.930150811834104,1.128980585824083,-0.3717122621656524,-1.1793247984474855,-0.25211075507241987,-2.741057012709758,0
2.7612623565569425,0.6111160768543702,-3.8338776416601466,-3.9433687798116446,1.1467967855135184,-0.5733684462966898,-0.07114856219103526,0.8137867449220965,0.1561936460255111,0.5362420985271426,0
0.2469075280574865,-1.3136335387490763,-1.2805741215833923,-0.602959404152047,0.9896460014374122,-1.9170407623392864,-0.7293777392368457,0.15911196616030546,0.8636339105942454,0.37410158259567605,1
0.8452250400620094,3.6917960755144916,-0.7026335252955549,-0.1076800441346476,-1.9835258092566035,-1.202498349560229,0.15368176317690393,-0.45041888656765466,2.7869342218193265,0.5054114867539106,0
-0.18644773848887242,-2.229579070600012,-1.5782322424539572,-1.402788650861722,0.5563532585750144,-1.135053404254438,0.1579837777728344,1.013171297647458,-0.4010256087429648,-1.6699199972651115,0
3.5872643962452075,-3.115261261276504,-0.7689142224027052,-4.309272061327243,6.554529790816929,0.13688890856480418,2.7064695734887576,0.1901362449020588,3.799842369316495,2.446187789531988,1
2.121232243854651,-2.9673260981227463,-0.7540510470408145,-2.961948205605603,2.7761627324773737,-0.7307986346332158,-1.754952237335574,-0.1322327291701942,1.347447422790434,-0.13019491027135444,1
1.5817663674497657,2.0694295745621165,-1.889867884919638,-2.5997168994535693,0.19864720308319428,0.2777636572170572,-0.40742119820453704,0.16866776001929132,2.047594295503668,-0.33306563848584436,0
0.7153869074340162,-0.1894660515504093,-1.6719713450920106,-0.6748910501876685,0.07665836023467765,-1.5688541365387725,1.6038697254435437,2.3470359479462966,-0.14322510000299005,0.7011606250259828,1
-1.125834219928493,2.158043452142264,0.5479342607215147,2.2628327011581852,-3.0768615037411577,-2.387220088082982,0.6352284787912039,0.0017474602741839962,1.869216279824247,-0.2834422942337902,0
0.9068400618942245,-0.7890986721323396,0.7937876322321198,1.2059995247405004,-3.7947188636583205,-2.505086481639634,-0.2198789647583243,-0.6525529039526069,-2.5184962259170245,-0.5782721517050001,0
2.369991843455885,-3.1687418570096404,-2.721385102475745,-3.5050785001316056,4.1070011987457935,-2.2551341116829478,0.32940078983846927,0.10138977812989972,2.0906007078666926,1.257800026998935,1
0.3938496022282383,-0.4389496031801515,-3.397954160662311,-2.448310501082883,-0.9255729828816319,-0.8186981407828295,-0.6478619369939568,0.9275275880357028,-1.7300439130122056,-2.1595741354646316,0
-1.1059024008034393,0.7188810547721809,-2.1592907784408255,0.6922348091496209,2.4819274207085966,-0.5111161411552754,-0.4815706827677333,-1.1867456144283648,0.4931348247943148,2.8172676476811596,1
-0.32631111559993664,1.2042934684396254,-0.0910041681336623,0.44644837263475,-0.34105715535745934,0.9964296211412513,0.7770392663683057,0.211458945051747,-0.8651507241212009,0.4366805759706378,1
-1.2881483591851448,-0.7369530593331669,-2.7134097962420496,-2.659841665257806,0.6704390842623478,1.5800718302416779,0.8298919000200898,2.3993772067064114,-0.8192819412606023,-3.710829013558345,0
-2.1962715344739294,-2.137138811785,-0.043902089259265864,2.8263872677987685,2.1226951411216293,-0.514525673807859,0.7711758053341299,-0.5974550708112273,-2.5138232827269023,2.6789453701792265,1
-0.11586563446472309,0.10983032666083092,0.6941077258982324,1.8868922161941275,-5.319901798479974,-3.2598819387178746,-0.37059643177535007,-0.8674143292390752,-1.7091888411728808,-1.77558165015115,0
-1.3279491251839295,-0.8061105368199151,-1.258010140279502,-0.5838473418776808,2.8384691698521287,1.35417369554448,-0.33144645960836133,-0.34848970276917496,0.047959350573525406,0.155027016197141,1
0.4066834947007061,0.09942476438864734,-1.5289751924186268,-2.77633998576067,1.6476207537925431,2.126173230486211,-0.8139311105973189,-1.0753294047195996,0.3368248155333632,-1.4805149457241114,1
2.5218618173697305,-0.009365161038109138,0.12071166869176553,-1.860742739933684,2.7463891381880536,-0.17829476319102788,-0.2938146660026889,0.6615152054288809,3.174695859819585,2.2196192453113315,1
-0.8275296473603388,2.6584214323675575,-2.099697937740827,-0.3463670728965904,1.1950289650468426,0.7955867105792398,0.8966135898251485,-0.7253471292064455,1.428527535922541,1.1117505009970505,1
3.05432470934233,0.3227304964000708,-2.3516793339896163,-3.1567649935988946,0.4330616413359215,-0.24243298175005323,1.3230092687080401,-1.9126784014656564,-0.7169598458802262,0.7333221344084848,0
0.6734947619465954,-4.449811363874961,-3.5292116719856548,-2.6379007891997057,5.48105950585243,-4.3990022012526735,0.6843606496072474,-0.6875032851377786,4.189685973964115,1.4089560310224272,1
2.5358177258353307,-0.7817353845947488,-1.7187666256489558,-4.169054639663146,-0.006457245618838314,0.3603377435988897,0.5303786918377881,-1.5475310254889354,0.05858097075218516,-2.3689287842259836,0
-1.082822374953392,1.018140428531438,-2.2132867008573758,-0.2685520624204929,2.2207813008111676,0.4891766345571169,0.1741762564046003,-1.497170935826414,0.7181004701762355,1.3531771505659058,1
1.7274303235099837,1.5764580996700814,-2.1054388972643183,-2.8730569216575104,-0.6084949541553519,-0.662701776276895,0.44885083134150466,-1.0409018644728891,2.1150406246952826,-1.2297128076983863,0
0.26081885774797153,2.08653107879705,-2.1301532199849627,-1.0678460850424059,1.7095723162047782,0.2737240658661121,2.2109592112728746,1.3958616974520976,1.883011066909638,1.6016631386159141,1
0.49168818061526487,1.226402999922922,-1.0131611884029414,-0.5574490886866887,-1.1682295893249002,-1.4107672486801257,-1.0704829008734056,2.235684681425518,1.4414798663903157,-0.3947736646440153,0
-1.2129907543172955,-0.9612974931754608,0.31697718364476923,-0.7836532798052503,3.387683234590899,2.418100030972383,0.3533064398273697,-0.36879586489616106,1.4926530277582681,-0.46307147055614983,1
2.9691132456722356,-0.25646344930359366,1.2437620011545167,-2.2618847283447434,-0.3657976359483196,0.9330375154626867,0.9202587609701054,-0.2974641746572593,0.3833826990784762,-0.6689697665469831,1
0.17327240697050073,0.8854389408168037,-0.4782207272379282,-0.2624587045247758,-3.2329664964971485,-2.3122100060425357,-1.485295181782108,1.3675257539154317,1.2897720685331517,-2.31643311333959,0
-0.549760680519642,1.6742017692612037,-0.0290607982818607,1.0706933104012206,0.7848714724075526,0.41255987439189945,-0.8367556911025861,0.8519437783962633,0.8833408724803509,1.9308196301858414,1
-0.6881819967531497,-0.12905452208238544,0.11308662913343515,1.2439399526614245,-1.7928464704828726,-0.7786393511396554,-0.0979018359244179,-0.24588476223327474,-1.7798212837444685,-0.40702971239305263,0
-1.6026899528125518,-0.9249058333122506,-1.890489837454076,0.15722963933538292,2.6274943943089983,0.4683562017317815,-0.08943685924333519,-0.45375611761150897,-0.9604071997346095,1.0656980725583538,1
-1.7590908570094461,0.08604795959015443,-2.8529401871620372,-2.17855268744515,1.4089515067495886,3.028490058243234,0.5546910484898788,0.9550134901120593,-1.8684305574604416,-2.6242058877638508,0
1.3602103728325368,1.848681690593681,-1.3997757643451862,-2.269841649357579,-0.2728873222204292,-0.06387636688662024,0.3789793623634307,0.14849530580110562,2.350157017168986,-0.8139949106640821,0
-1.2496475104443756,-0.24226230314212538,0.1627774951992258,0.5698568583074558,1.562343311391774,1.357311238831802,2.2664896549816915,-0.5783633869874201,-0.23802917771058474,0.4142810351328612,1
2.8276403270647483,0.4943040842886073,0.3538569180496338,-1.8281187539494343,-0.4963677958696882,-0.3606150864878104,1.610028715740119,-2.3855541430658236,1.151971327410224,0.2687563235921395,1
0.6782013601888244,3.609339001025059,-2.9754470580152574,-3.472819736244454,3.097470400759287,1.8097220073711406,-2.050531225566304,-0.10799925152565303,5.140003875802,0.33983854292299354,1
-2.604401851140459,0.15133983190065248,-1.960579925618538,2.5074184080437885,-0.7232471667501232,-3.1153725855320844,0.0214602600249777,-0.05965401030449736,-0.18489259792499269,0.9027785416951719,1
-1.3305621680677575,2.349990008972304,-2.234373714504976,0.5362129342874631,1.9255883080954983,0.11254803867815522,-1.9798213656006851,-1.4195415457708802,1.5435498288323972,2.317715265097883,1
-0.022789751691846383,0.11440530469539323,0.432848412141112,0.35430399920750866,2.140647376818457,0.4649422598671803,-0.13473706324131265,0.2620199762396622,1.4311714179661577,1.8866120434836924,1
-1.4196642060575606,0.8895091321889481,-1.6879938291418475,-0.14441458975106958,2.3246233050466243,1.0354077224130018,-0.39261273208442393,2.5518400945723556,0.8522699519240626,0.9112499141913619,1
-2.0523763483727944,0.1559518232692474,-0.8541211332012137,1.412437802491593,3.229442948468818,0.3264272378390316,1.6399459487539176,-0.5817707049953131,1.1452397487838446,2.4711747810308218,1
-1.4483838382040277,0.573302694672575,-0.2129627052707579,1.923118904472064,1.2970049661274163,-1.4305435252489536,0.757872361932744,0.36818319700727326,2.0454938105883853,2.1652685991560796,1
2.4224773080986486,-2.565663934498441,-0.5292469804628879,-3.0086018308875677,4.550619606259213,-0.33465208010615954,0.49414934480535166,-1.1753190489050744,2.9102909636958296,1.4540410576577387,1
-0.7983458693740567,-2.258083960677683,-2.231540074395003,-0.526491246853116,1.088598644626879,-1.6957522442292632,1.4640893506688015,-0.728604315356119,-0.9979839659993457,-0.38001145303188744,0
1.1539904667853915,1.1243681840667192,-0.6669747906119274,-0.6285018174196841,-3.749553453817219,-2.5764888850695655,-2.2758631900206985,-0.6468396770854272,0.6894326325322264,-1.8677733336813507,0
2.006212905135092,-1.1173936436388898,0.25383080125376734,-1.8041885895437764,3.1124790268600315,-0.5320188815216298,-1.1352191246785146,0.02365751219032361,3.3868797107519284,1.5694811808363747,1
-2.1337750413609404,-1.377844383923357,-0.00328931550050493,1.4549750229037626,0.3112258942114592,-1.3520603209001418,0.581676885215374,-1.391885421227521,0.5965849560131045,-0.6659153193047685,0
1.4074328787360246,0.7944943590280353,-1.2677401020094499,-2.5764017204823326,-0.36702765504889656,0.1504291912014517,0.06987638359648339,0.6064926261587394,1.3078689433860364,-1.5650474993134236,0
-0.19292871315110682,1.770153984187741,-1.8269130882305669,-0.7135717223072845,1.6445079399740399,0.6357050187411688,0.31607819215361427,-0.649800325264628,1.2769817064533693,1.3227954594529825,1
-1.2971184654358305,2.7352763263533078,-0.2562472078596877,1.062169290743205,0.7917232631394818,1.1755742709892953,0.3502610479670479,-0.33084046608119305,1.6231962858557543,1.3875176347007006,1
0.48334184290342064,2.001701183671528,0.3252754032130898,-0.4520374859806263,-3.141172291854544,-0.6794459949583136,-0.6492886613610113,-0.3295518779954617,1.5467686975385733,-2.2233184766220524,0
-0.6319031382638526,0.012544553351605314,0.27668519705516537,0.3698729779704434,0.5289659107957859,1.266005761644177,-0.7549965181264495,-0.5409121110098064,-0.9055238546012558,0.125164056713012,1
-0.04338265119685836,3.5101528073968877,-3.450457361047489,-2.529002277419373,2.2619759088832185,1.2863845903481075,0.47721124565539697,0.8892947854357107,3.480421082771479,0.49255520956401366,1
2.2196997515034527,-2.6506146783264493,-4.553677649189373,-3.4886155926241993,3.3100145499292277,-2.8306623788245826,0.04141028914247959,-0.665384438996181,0.08749456934935118,1.6429045390101347,1
-1.1012860822325767,-0.7745811779624905,0.9239133145623479,1.254742002100556,3.2089332857830692,-1.3944774773351587,-0.9093693167108169,-1.7473631486709842,4.620373777291396,2.0039740513304087,1
2.1653110563540507,1.2211554393334927,-0.9897892224773904,-0.9595604327706772,-5.321860472209181,-2.879074292208597,-0.30213038512070306,0.6627534577542142,-1.2933260043556967,-2.038291532895861,0
-1.0730471145037197,1.5791863645977724,0.13816993741152417,1.4319723370702337,-1.8881988510224805,-1.7284047432269012,-0.632000604604313,-0.4929329824466878,1.944567309848527,-0.46024105631863343,0
0.8227019241950821,0.3687030812707498,-0.8655725340542296,-1.1791202829125365,-1.2020904254122864,-0.8634382152035036,0.09728872853929155,0.2649486011968721,0.4355150044976446,-1.1641830922083594,0
-1.9119271007405927,-0.11070726401325115,-0.46062550918584355,0.3005020556561074,3.5286795147393972,1.4965691822235416,-0.6878351933422787,0.6058066494015374,1.748737155662853,0.9662444263747098,1
-1.6827833957535807,-1.1925587919360727,-0.6386497629688149,-0.40303880395314273,2.2163881087764947,2.0081564303160713,-0.398538752990072,-1.1331960129701018,-0.8853960474280611,-0.8392706409283499,1
2.734160497498777,-2.6916383843187073,-4.501554132237404,-4.026658332783429,3.5010931490126405,-2.2416858172334297,0.9451189004723339,-0.08098411445023078,-0.2767335053244999,1.6263485513856772,1
-0.07058839084977364,0.39978845876204705,-2.7061782292073584,-4.338622685045885,2.783302567029267,3.194764859088792,0.04744853063620506,-1.114989502397014,1.5695075909069074,-2.852054167545405,1
-4.895187028293991,-2.0183606691549882,0.11456932479593207,3.1570259823625753,2.765679675416971,-0.5584129728628727,0.492924303024004,-1.3582627854602272,1.2535307782253309,0.1030729413182363,0
-2.1907574960595806,-1.2504506993566225,-4.630966237402455,-2.4188963280806313,2.5234213807984727,0.7168647982130409,-1.8276641289158875,1.907264424339979,-0.9489211588712639,-2.2192540341586526,0
-1.9604474775528276,-0.5675269835232195,0.5754420026149953,1.4247334084315468,1.816755120384041,1.3473883507912596,1.0989699958191375,-0.45118531519813054,-0.4074437107373079,0.7115897846545325,1
-0.12017479613130566,-1.7009595323923483,-0.519868044881052,1.1998732787164614,-1.7384488868643604,-2.2181147238954733,0.23294177212022005,-1.5667979574849835,-3.16100565192388,0.2016407380623655,0
-1.1925913622453126,2.3856601207922847,-1.2719544343505749,2.498141649708647,1.1885814320168324,-1.2127332114609155,-0.8259323545912736,-0.15295072936620885,0.832533403015928,4.331610157809218,1
1.8381061079131378,-0.8005921064897689,3.419364308631164,-1.1817540274132448,3.4073241596936668,3.1391221494934927,-0.19676439542770313,1.267168637088249,2.64380737383186,1.1309506748090161,1
-0.9015489514800537,0.8900556613377977,-0.8618345216500481,0.18413615612145784,-1.568410344176982,-2.0187887523757997,-0.33454602892362273,-0.5954899924892867,2.212757111107985,-1.5410425562467,0
-2.9114353937062747,-1.72820643052059,1.4822552000354356,2.5287556289337605,2.6209184914625436,1.4388678826614658,-2.171094029442515,-0.1437867564221694,-0.6529572714481249,1.0387266664632142,1
-0.6377180384472081,3.020541586298979,0.5152685187755033,0.4056287013540823,-2.660963454144174,-1.1082645942122793,1.2061145891945328,-1.4638185841510416,4.067765650540548,-1.9369167130407396,0
0.7772653521668316,-0.8484722703156625,-2.6830100824901866,-2.5625031058960874,-0.6775434859238685,-1.3688221745436313,0.9631323620651993,-0.7695025565184669,-0.2773775555477558,-2.2323744259798195,0
-2.5869608357064617,-1.405314104198807,1.43139086215721,1.6382806026520602,1.594965013235158,2.246983800503366,-0.10854333152259746,0.19337875134129315,-1.2753837943216295,-0.495890744559464,1
-0.5710911870731921,-1.109249111473026,1.355221406340707,0.5597068812381154,2.909593243622349,0.1223028119246059,-0.28504756501661865,0.41810653819691085,2.8989203008767315,1.227535624700422,1
2.6015779976688487,0.04478873822385032,-0.24967199554524855,-1.947509016108929,-0.6505117872244035,-0.9075546257418076,0.2974767352653478,1.7518217810242103,0.7941780015204677,-0.11228916383049392,1
-1.951592620338734,1.649278642851991,-0.6698564354861789,1.715311790083719,2.1548129783562313,0.4512557531262349,-1.221575490661523,-0.2986001595433956,1.522485913846391,2.5014436525897823,1
2.004442912033088,-0.7903900302220539,-3.310669164998055,-2.236261714094627,-0.8373609746980153,-3.4837226590275465,-0.1435575086815076,0.725789264832387,-0.2065526348847333,-0.10245778999362187,1
0.7686032108532318,0.6409744364343946,-2.0151567645028168,-3.293448665843925,1.6322610202993828,0.45263180029958017,0.4652382172144937,0.22556201710241766,3.288230001609347,-1.6262689159494366,0
1.490705148089292,0.1573226905598819,-0.487512210757995,0.37198364482368956,-4.911259759754101,-3.340484207128462,-0.7088685284381386,-1.0649197529339594,-2.325470862083892,-1.082899872661326,0
-0.32966123064266173,1.1277260280140329,-2.0593727876198376,-3.752973011765245,4.268357492827629,3.0596441717355987,0.14882672903163416,-0.9892113838093803,4.343002840165871,-1.4524341220323267,1
-0.8337982399308512,3.2763465633830626,-2.5297920444077335,0.16084767674975664,3.0450802871887834,-0.27152205481094605,0.1728373267675833,-1.716693733965435,3.8967752252069543,3.4924000448758052,1
2.6994119692153067,0.325868334109667,-3.0592177627665498,-3.854629863974708,0.6343938113141572,-0.7920768701097691,0.11732349683427376,-1.0458838275177365,0.8554306634977046,-0.31480145987949615,0
-1.3763272473271408,0.9451631204603403,2.072619615154977,2.3582333890607705,1.118875485145066,0.08615792904430863,-1.516355703651181,-0.3310427306235488,2.879406858393482,1.696185257108397,1
0.1705641020259152,0.6302586439128035,-0.3823435828671907,-0.5551849043407907,-1.9710808723627733,1.1456851730191295,-2.7105666215792708,-0.3379053263622292,-2.5534502850425294,-1.592848107133133,0
2.658866769049305,-0.7134573978030885,-2.6112086031459727,-5.0091574062398125,-1.1810034391598585,-0.5733083517892243,-0.16402544226013785,-0.08362968483892229,0.4476370312436737,-3.9351469513036887,0
-0.5749866704281923,3.6690765490523902,-1.4186639930241856,-0.75205238374621,2.8072489565584497,1.2726456760401028,0.36128210620039475,0.7533738838312816,4.950059395255646,1.81075637323964,1
-1.2686739927645343,1.32366021651983,-2.6057884714606967,1.7480381667568083,-1.6162052938461475,-3.037711531265268,0.6108812830519882,-0.7712397992493996,-0.9325930781571476,1.4146549200842848,1
0.5916832747725822,-0.2931612392303232,-0.15006420953783817,1.2256535863737552,-3.056202019936795,-1.8344712873564037,-0.45482205166409206,-0.12022243353477892,-3.454736696240655,0.3118446321569637,0
-1.1669534249229216,-0.21152691028746795,-0.8623361082777141,0.1534110460435586,-0.6437627524417,-0.2083030272805816,0.13739870675288013,-2.1142472497328053,-0.7745059616617127,-1.281352590411253,0
-2.537048450211088,-1.798193977049335,-0.6995947101826097,1.5065504630355813,0.9908564554206922,-1.9872269691326785,-0.3762614080561307,2.133126076520104,0.9121232998974933,-0.35521168578030093,0
1.840931523028985,1.8434830834842781,-0.6852919426768218,-1.2936001587108672,-2.9016543481478276,-1.0500736754923234,0.268461899866732,-0.40444968246911106,0.33372086882318175,-1.0914922178109374,0
3.2556458269667314,-0.01638713595009711,-2.605025617632626,-4.177179975947034,1.2376941941155715,0.5025481916242398,-0.05448809385780392,0.4869881388370644,-0.39635262149080286,0.13782134463859275,0
0.5065846147830237,0.6121570373072522,-0.18618267160039492,0.8574744344136923,-4.7139210159582765,-2.258257925527592,0.001651717132436041,-0.4819109663809622,-2.4172678951391697,-1.4174841256175892,0
-0.09000257128440414,1.8398272383844758,-3.2554521028825496,-0.7668539525046825,2.2003115329310114,-0.5675691507919183,0.9649027587542348,-0.8878963516917364,1.3526299673300919,2.501815229650937,1
3.2183376549982157,-0.8223963762496811,-1.6234422811408467,-3.3358510210029744,-2.5620617417003007,-1.491152099663485,0.24967502798778463,0.1832355990350907,-1.6040911062711136,-2.292935890356398,0
-0.011575855641365429,3.503930906308773,-0.057260558295920916,0.03802539847668934,-1.9360710770904739,-0.3968109946227806,-1.447466417273949,-0.029943447057749532,3.191152073479045,-0.6685024518950621,0
-0.2813901498925211,2.1243843880192914,0.16615683138603599,1.572873545405227,-2.464274193531241,-1.948803583350653,0.9844850024346564,1.862886899544819,1.2827192663728857,0.4338333294370016,0
2.600505939598403,-2.0950430637927666,-0.7036428775619467,-2.9938854495521787,3.9719437914714497,-0.08192027110083766,1.4551429352934444,0.49461410193582,2.072665928335632,1.5145305807472833,1
-1.28624634869854,-0.1471210483985843,-0.19605199415367547,0.8527621221128483,0.6665188957868944,1.0426040949323432,0.2549438414237493,-0.11621337715559991,-1.4829281652969133,0.3625519647797505,1
-0.6442184423600996,-2.0339576842212783,-1.6636034653728138,-0.4681735857861058,4.268245675132625,-0.09892556210628789,0.22854776987192307,-0.9913457476925386,0.29158615064391724,2.0863965079076436,1
-0.423248729298608,0.7954874959493478,0.10390277309014806,-0.3551610300389946,0.568732419270694,1.7492848036162356,1.3050815921384162,0.02586651028829931,0.15160138911239218,-0.4038260475455919,1
0.7372663889354613,2.5272768794623612,-0.8671111336444415,-0.9742913593268313,-0.6136506227510726,-0.43474254647429333,0.8591727606739874,-1.2723050132619824,2.7742761609521644,-0.053735449929855905,0
-0.2664710210260147,1.9163890613308006,0.2499623864753875,0.19007253288189044,1.7281092553316195,1.0672432845253106,0.35350801926648995,1.0362443550013984,2.721936912362204,1.5487485541622914,1
-1.8554173008720634,0.13568533471091015,-2.941393317084537,0.30417158310471004,4.099992404282782,-0.32391748495197725,-0.3162075352628274,1.9059045545294448,1.2496098750756421,2.777766319514714,1
1.4087269618221603,-3.287481283815988,-2.250062472994184,-2.8096142057164677,5.786205226809183,-0.8878589731064015,0.40411571098651927,0.41102105489233554,2.021264534422279,2.167685830084915,1
3.8490022924645695,-0.3537894043270917,-3.335588170599947,-7.43293780950715,2.5013969801015774,2.0762219308533316,0.19860295018044843,-0.05112178873304408,1.8369424577125064,-2.7534087346728278,0
-0.8100155180047044,-1.183191585657305,2.3428816781123976,3.820084269907455,-3.5809686661555578,-3.4545223070949858,-0.18416551780497972,-0.3812509496737023,-1.450371599959061,0.3591867896375971,0
0.10865778816859639,-2.528488209665776,-4.281896995491786,-1.4976444060464122,1.9421866708578897,-4.036737964773631,0.18096463733980891,-0.32116530149040856,0.3212211796966722,0.7864879844373345,1
0.5134386370837727,0.8656950741969011,-1.396741345203801,-3.851460782068249,2.124747668356002,3.2341903169012056,-0.3907397743584403,0.5498928864166234,2.0553804856125555,-2.490429926165913,1
-2.4160182977884705,-1.6180510656756457,0.22646520042888318,2.9322986274332563,-0.5007515365961471,-1.631744387917582,-0.2079620078932045,-0.6482807758522028,-1.949426958531744,0.4883414026987112,0
2.3884591585988484,-2.4643351365270725,-2.072445003298173,-3.0626815426745013,2.6269337568152333,-2.2012299000123807,-0.5012444992846619,1.167268538967427,1.821315486980776,0.6686223004160103,1
-2.4850775435551453,-2.6532026637483206,1.9202551344990302,3.56114629533649,0.5633426192311795,-1.4888805037832455,1.2915044056340443,0.16923956342639174,-0.8213638970633645,0.9576927078210691,0
1.6185741985906508,-1.6092982153596873,0.256975463412374,-1.8030390735793718,1.9495509301241838,-0.20781881806364844,-0.38624495149849886,-0.5876859536890603,1.7042755232382458,0.16985562649928054,1
1.4960499716485454,0.037901191101096465,-1.6803087817138693,-1.5347665915664899,-2.133428425827867,-0.4049338404289625,-0.0004192039456929153,0.7846279129583488,-3.0372864263238695,-1.0548502472035926,1
1.3739001908004862,0.5359247591347147,-1.7398976632034833,-0.8823594669840729,-1.8950651319028697,-2.035277470783299,1.5539281636348552,-0.30382244654323404,-0.8041761624254224,-0.06406141777616914,1
0.3939036415028041,1.3403571240930343,0.1733578598710932,1.0106165706698658,-3.7287251963741865,-1.9956244912648082,1.0301178500904633,-0.09261882518714008,-0.5697400916640147,-0.6530758574187145,0
-0.8827414209898581,1.2899595176789842,0.2547228757808395,1.1289667300746864,1.3454191843373502,0.6624547393623408,-0.5870569384810068,-2.941628471763763,1.2764981988347406,1.7797980414358987,1
-0.6649973849288084,1.2759568078765904,0.46793032756824027,1.129150856848839,2.559833386414189,0.44652430068838855,0.027110953138911875,2.00778171781302,2.7547840533153867,2.7828596188998533,1
-0.3014193818716415,2.7421707121939827,-0.34449596670520355,0.1551512810594382,-2.997257617452189,-1.9379956795975528,0.18225844358204224,-0.08790416180469174,3.328952846886899,-1.7746376690114518,0
2.8697802799118977,0.27461078564211483,-2.8706340459571624,-3.6755845402672893,1.534328415264069,0.23023731279323179,0.20414660450805558,-0.15808462795791162,-0.20891234023561256,0.8261445913479217,0
-0.5192744346533973,0.73090829223532,-1.8513870772974812,-2.2333080514029864,3.5310459714062663,2.0174242340073856,-0.7194137495011889,-0.29516859796577616,2.614651509244869,-0.1611470743990817,1
-2.1517447391763143,-1.250186379869557,-0.5991644108540353,1.5561098319021849,0.70265103561301,-1.2273236236808671,-0.25386512795106736,-0.06373572056665165,-0.21891913982590938,0.14509518810676414,0
-2.1472011925108214,-0.1437993347643851,-0.08855817305225366,2.993232185436227,1.1173011230281589,-0.32707014277783575,-1.0000904614700603,0.5580993724067077,-1.6006325762680418,2.7207131854005904,1
3.0555404094793017,-2.4828421607817166,-0.41662838326179763,-3.5066062935097873,4.469106952480664,-0.25751301827862216,-0.5632163855275838,-0.6681123996330307,3.1306557759287585,1.3885003295207243,1
-0.5448985257906589,-0.7293706180689024,-1.568367619982129,-2.446853133598294,1.9698456714994634,2.5578097310841095,-1.2554175643832894,0.05450442177395479,-0.5862553606598329,-2.0513566515427257,1
-2.760803507209253,-0.9992242240849666,-0.870297038931937,2.1068830940964687,0.16238403411402663,0.017692170842350308,-0.5117741884962371,0.24467203434693838,-2.9921855605156447,0.18344947689133817,0
0.5636051935628303,0.8200373497105493,-3.9926590543103146,-3.73972664621183,-1.4322279662172908,0.5612081287996384,0.8538235753356542,0.29404108716401767,-1.55558610201579,-3.5770528366268177,0
0.6832823337129708,-0.3524539878260553,-2.137428582390938,-2.0580812282121856,-0.3324031547400186,-2.338366522637835,0.7970167048338735,0.6868734189721679,2.250884018587329,-1.647252750318327,0
-0.3543338956436155,1.5757037572943426,-2.204643994332396,-1.1690327892694892,2.178209485760596,0.8298026828647007,-1.2130298289580468,1.1396287546157615,1.6105745757822891,0.9920041701083133,1
4.09170405747029,-0.0026833014007201506,-1.3719682191167584,-3.360754100191203,-0.6550334112265852,0.12738929191758874,0.16643839737082022,-0.6163219891088609,-1.975302574298707,0.36190168595757877,0
0.9252612208743323,2.105820930324028,-1.3985211020281234,-1.834105725955749,-0.9525447138743361,-0.8681495009586238,0.33073003509746257,-0.828067193225987,3.0600608218782153,-1.2205440751306824,0
-1.9904876599846886,-0.09635440288318575,0.2117159522479395,1.122099463783929,2.5437015590328866,1.4153645803280521,-0.9220213783058668,-0.5778818370028561,0.7241328282195589,1.038643055514997,1
-0.5935008745938857,-1.1449639442780684,0.875648861415061,1.2729638190198438,-3.814202885616886,-2.151716401452181,-2.069439259214251,0.5356375884651636,-1.6779279496232435,-2.5029345213107566,0
1.0355663847446661,0.318839565030011,-2.1457591364748425,-2.200973583955537,-0.08969751769233869,-1.3829846114080073,0.6535966839459677,-0.5086148940886572,1.6589956397708492,-0.9982194572423242,0
1.953578643154765,1.4434024474514662,-1.1374900380421096,-1.0278997305797781,-2.559442467958824,-1.7022695115453363,-1.3339215427176985,-1.5814754280421814,-0.22125595649630903,-0.16515569619817405,0
-0.47172833504794465,1.0778333534542361,-0.19479843571652777,1.1468465058432178,1.4976996056211267,-0.050627939951099155,-0.17282795567641546,0.05816171170418151,0.9709020355377678,2.594036451438718,1
-1.1560748625159962,1.454916382450297,0.19809181217605176,2.6298450975953402,-3.34070893010509,-3.1961635698644373,2.0523954921212058,1.035276566180256,0.7902129555825903,0.04255390094722533,0
-0.9033012230599243,0.2556222534989683,-1.732701330658846,0.9987744307783937,-3.818927417504308,-1.174016319415642,-1.0969834436330042,-0.7768115290042346,-4.795444564601663,-1.400450610891967,0
-2.4348812153707513,-0.2735896793125545,0.6697908645809814,2.305047912218112,2.0773762504786157,0.9486837379292008,0.7448423352044837,-0.3076579412009145,-0.04113032449451648,1.626657622208088,1
1.2671012898368115,-0.1872010609393333,-1.5034030032356918,-1.712882635880874,-0.9999211672072226,-1.3253036131977165,1.643825930089093,-0.7135311362142988,-0.0014825622239427183,-1.064825496791229,0
-2.1391139149952436,-1.4856706672306363,-2.5746617180671993,-0.26118198343426524,0.914226203366328,-0.5382215451777693,-0.4343270206942534,0.33959860858214885,-1.3505829459824576,-1.3341046707478676,0
